guid,category,time,event,first_seen,last_seen,title,link
https://news.web.nhk/newsweb/na/nd-20260809de42917,スポーツ,350280,1,1787148960,1787495640,高校野球 夏の甲子園 全試合をハイライト動画で【8月9日から】,https://news.web.nhk/newsweb/na/nd-20260809de42917
https://news.web.nhk/newsweb/na/nd-20260812de43487,国際,181680,1,1787148960,1787327040,【詳細】ロシア ウクライナに軍事侵攻（8月15日の動き）,https://news.web.nhk/newsweb/na/nd-20260812de43487
https://news.web.nhk/newsweb/na/nd-20260812de43489,国際,267360,1,1787148960,1787412720,【詳細】ロシア ウクライナに軍事侵攻（8月16日の動き）,https://news.web.nhk/newsweb/na/nd-20260812de43489
https://news.web.nhk/newsweb/na/nd-20260812de43490,国際,353820,1,1787148960,1787499180,【詳細】ロシア ウクライナに軍事侵攻（8月17日の動き）,https://news.web.nhk/newsweb/na/nd-20260812de43490
https://news.web.nhk/newsweb/na/nd-20260812de43502,社会,4080,1,1787148960,1787149440,【動画】Pickup NEWS（8月13日）,https://news.web.nhk/newsweb/na/nd-20260812de43502
https://news.web.nhk/newsweb/na/nd-20260812de43515,スポーツ,4080,1,1787148960,1787149440,【プロ野球結果】セ・リーグ3位のDeNAが5本のホームランで快勝,https://news.web.nhk/newsweb/na/nd-20260812de43515
https://news.web.nhk/newsweb/na/nd-20260812de43517,国際,4080,1,1787148960,1787149440,米物価上昇率3.4％ 伸び率縮小 利上げ観測やや後退,https://news.web.nhk/newsweb/na/nd-20260812de43517
https://news.web.nhk/newsweb/na/nd-20260812de43520,政治,4080,1,1787148960,1787149440,国旗損壊処罰法 きょう施行,https://news.web.nhk/newsweb/na/nd-20260812de43520
https://news.web.nhk/newsweb/na/nd-20260812de43521,経済,4080,1,1787148960,1787149440,「植物工場」研究拠点開設相次ぐ 最先端技術で食料生産効率化,https://news.web.nhk/newsweb/na/nd-20260812de43521
https://news.web.nhk/newsweb/na/nd-20260812de43523,社会,95400,1,1787148960,1787240760,台風17号 南鳥島近海を北東へ進む 今後の情報に注意,https://news.web.nhk/newsweb/na/nd-20260812de43523
https://news.web.nhk/newsweb/na/nd-20260812de43524,社会,4080,1,1787148960,1787149440,検事の取り調べ映像 高等検察庁でチェックの取り組み開始,https://news.web.nhk/newsweb/na/nd-20260812de43524
https://news.web.nhk/newsweb/na/nd-20260812de43525,社会,4080,1,1787148960,1787149440,熊本 きょうも猛暑日 地震活動依然活発 5弱程度以上の地震注意,https://news.web.nhk/newsweb/na/nd-20260812de43525
https://news.web.nhk/newsweb/na/nd-20260812de43527,国際,4080,1,1787148960,1787149440,米 トランプ大統領 優位な立場を改めて主張も 先行きは不透明,https://news.web.nhk/newsweb/na/nd-20260812de43527
https://news.web.nhk/newsweb/na/nd-20260812de43530,国際,4080,1,1787148960,1787149440,欧州で27年ぶり スペインなど皆既日食 フランスなどは部分日食,https://news.web.nhk/newsweb/na/nd-20260812de43530
https://news.web.nhk/newsweb/na/nd-20260812de43533,スポーツ,4080,1,1787148960,1787149440,高校野球 夏の甲子園【大会9日目の見どころ】,https://news.web.nhk/newsweb/na/nd-20260812de43533
https://news.web.nhk/newsweb/na/nd-20260812de43537,国際,4080,1,1787148960,1787149440,中国 国家プロジェクト開発 新型旅客機「C919」初の国際線就航,https://news.web.nhk/newsweb/na/nd-20260812de43537
https://news.web.nhk/newsweb/na/nd-20260812de43538,社会,4080,1,1787148960,1787149440,熱中症搬送者数 8月9日までの1週間で7600人余 熊本も200人近く,https://news.web.nhk/newsweb/na/nd-20260812de43538
https://news.web.nhk/newsweb/na/nd-20260813de43546,国際,4080,1,1787148960,1787149440,IEA 石油供給量見通しを下方修正 ホルムズ海峡再開見通せず,https://news.web.nhk/newsweb/na/nd-20260813de43546
https://news.web.nhk/newsweb/na/nd-20260813de43547,国際,4080,1,1787148960,1787149440,ドイツ 情報機関の権限を大幅に強化する法案を閣議決定,https://news.web.nhk/newsweb/na/nd-20260813de43547
https://news.web.nhk/newsweb/na/nd-20260813de43549,国際,4080,1,1787148960,1787149440,コロンビア地震 死者265人に 72時間を前に救助活動続く,https://news.web.nhk/newsweb/na/nd-20260813de43549
https://news.web.nhk/newsweb/na/nd-20260813de43551,政治,4080,1,1787148960,1787149440,高市首相動静 2026年8月12日,https://news.web.nhk/newsweb/na/nd-20260813de43551
https://news.web.nhk/newsweb/na/nd-20260813de43553,社会,4080,1,1787148960,1787149440,“逃走”ニシキヘビ 見つからず 夜も警戒続ける 川崎 多摩区,https://news.web.nhk/newsweb/na/nd-20260813de43553
https://news.web.nhk/newsweb/na/nd-20260813de43554,国際,4080,1,1787148960,1787149440,米国務省“出産ツーリズム”防止専門チーム立ち上げ対策強化へ,https://news.web.nhk/newsweb/na/nd-20260813de43554
https://news.web.nhk/newsweb/na/nd-20260813de43559,経済,4080,1,1787148960,1787149440,7月企業物価 7.2％上昇　高い水準続く,https://news.web.nhk/newsweb/na/nd-20260813de43559
https://news.web.nhk/newsweb/na/nd-20260813de43565,国際,4080,1,1787148960,1787149440,米ホワイトハウス レビット報道官が退任へ“ほろ苦い決断”,https://news.web.nhk/newsweb/na/nd-20260813de43565
https://news.web.nhk/newsweb/na/nd-20260813de43566,国際,4080,1,1787148960,1787149440,ロシア プーチン大統領 北方領土初めて訪問,https://news.web.nhk/newsweb/na/nd-20260813de43566
https://news.web.nhk/newsweb/na/nd-20260813de43571,スポーツ,4080,1,1787148960,1787149440,アストロズ今井 リリーフで３回無失点,https://news.web.nhk/newsweb/na/nd-20260813de43571
https://news.web.nhk/newsweb/na/nd-20260813de43573,スポーツ,4080,1,1787148960,1787149440,高校野球 健大高崎が東海大甲府に勝って3回戦進出,https://news.web.nhk/newsweb/na/nd-20260813de43573
https://news.web.nhk/newsweb/na/nd-20260813de43575,社会,4080,1,1787148960,1787149440,被災者の体調管理が課題 しんきゅう師派遣も【被災地の動き】,https://news.web.nhk/newsweb/na/nd-20260813de43575
https://news.web.nhk/newsweb/na/nd-20260813de43578,社会,4080,1,1787148960,1787149440,地震で被害受けた熊本城 一般公開が再開,https://news.web.nhk/newsweb/na/nd-20260813de43578
https://news.web.nhk/newsweb/na/nd-20260813de43579,経済,4080,1,1787148960,1787149440,株価 値上がり 半導体銘柄中心に買い トピックスは最高値更新,https://news.web.nhk/newsweb/na/nd-20260813de43579
https://news.web.nhk/newsweb/na/nd-20260813de43586,社会,4080,1,1787148960,1787149440,半蔵門線ホームでアスベスト 国交省が全国鉄道会社に点検要請,https://news.web.nhk/newsweb/na/nd-20260813de43586
https://news.web.nhk/newsweb/na/nd-20260813de43587,スポーツ,4080,1,1787148960,1787149440,ドジャース 大谷翔平 6試合ぶり27号逆転ツーランで勝利に貢献,https://news.web.nhk/newsweb/na/nd-20260813de43587
https://news.web.nhk/newsweb/na/nd-20260813de43590,社会,4080,1,1787148960,1787149440,千葉 九十九里町の海水浴場 遊泳中の男性流され死亡　,https://news.web.nhk/newsweb/na/nd-20260813de43590
https://news.web.nhk/newsweb/na/nd-20260813de43592,国際,4080,1,1787148960,1787149440,ホルムズ海峡の通航“5月以降で最低水準に近づく”米メディア,https://news.web.nhk/newsweb/na/nd-20260813de43592
https://news.web.nhk/newsweb/na/nd-20260813de43600,スポーツ,4080,1,1787148960,1787149440,カブス 鈴木誠也 2安打2打点2得点 チームは3連勝,https://news.web.nhk/newsweb/na/nd-20260813de43600
https://news.web.nhk/newsweb/na/nd-20260813de43611,スポーツ,4080,1,1787148960,1787149440,ブルージェイズ 岡本 3試合ぶり出場 勝ち越しタイムリーヒット,https://news.web.nhk/newsweb/na/nd-20260813de43611
https://news.web.nhk/newsweb/na/nd-20260813de43615,スポーツ,4080,1,1787148960,1787149440,高校野球 熊本の有明が長崎日大高に競り勝ち3回戦進出,https://news.web.nhk/newsweb/na/nd-20260813de43615
https://news.web.nhk/newsweb/na/nd-20260813de43623,社会,4080,1,1787148960,1787149440,熊本地震 どうする？災害廃棄物 【専門家Q＆A】,https://news.web.nhk/newsweb/na/nd-20260813de43623
https://news.web.nhk/newsweb/na/nd-20260813de43624,スポーツ,4080,1,1787148960,1787149440,ホワイトソックス村上 連続試合安打ストップもチーム完封勝ち,https://news.web.nhk/newsweb/na/nd-20260813de43624
https://news.web.nhk/newsweb/na/nd-20260813de43635,スポーツ,92040,1,1787148960,1787237400,高校野球 東日大昌平 照沼投手の力投で青森山田に勝利 3回戦へ,https://news.web.nhk/newsweb/na/nd-20260813de43635
https://news.web.nhk/newsweb/na/nd-20260813de43639,社会,4080,1,1787148960,1787149440,熊本地震で新幹線や九州道一部不通 お盆の帰省で空の便利用も,https://news.web.nhk/newsweb/na/nd-20260813de43639
https://news.web.nhk/newsweb/na/nd-20260813de43641,社会,4080,1,1787148960,1787149440,秋篠宮さま パラグアイ訪問前記者会見で改正皇室典範にも言及,https://news.web.nhk/newsweb/na/nd-20260813de43641
https://news.web.nhk/newsweb/na/nd-20260813de43650,社会,4080,1,1787148960,1787149440,睡眠薬入りの酒で現金など奪った疑い逮捕 容疑否認,https://news.web.nhk/newsweb/na/nd-20260813de43650
https://news.web.nhk/newsweb/na/nd-20260813de43653,社会,4080,1,1787148960,1787149440,長野 東御 親子3人殺傷 父親を再逮捕 母親から依頼受け殺害か,https://news.web.nhk/newsweb/na/nd-20260813de43653
https://news.web.nhk/newsweb/na/nd-20260813de43656,社会,4080,1,1787148960,1787149440,【解除】東京 野川 仙川 善福寺川のレベル４氾濫危険警報解除,https://news.web.nhk/newsweb/na/nd-20260813de43656
https://news.web.nhk/newsweb/na/nd-20260813de43666,経済,4080,1,1787148960,1787149440,東京ガスの子会社 顧客情報約2万件が入ったパソコン紛失,https://news.web.nhk/newsweb/na/nd-20260813de43666
https://news.web.nhk/newsweb/na/nd-20260813de43675,国際,92040,1,1787148960,1787237400,ヨーロッパ各地で熱波続く パリでは40度近くまで上がる見込み,https://news.web.nhk/newsweb/na/nd-20260813de43675
https://news.web.nhk/newsweb/na/nd-20260813de43676,科学・文化,4080,1,1787148960,1787149440,火星衛星探査機「MMX」公開 秋にも打ち上げへ,https://news.web.nhk/newsweb/na/nd-20260813de43676
https://news.web.nhk/newsweb/na/nd-20260813de43678,社会,4080,1,1787148960,1787149440,九州自動車道 あす朝から全線で通行可能に 地震から17日ぶり,https://news.web.nhk/newsweb/na/nd-20260813de43678
https://news.web.nhk/newsweb/na/nd-20260813de43682,社会,4080,1,1787148960,1787149440,上皇ご夫妻 ことしは軽井沢での静養を見送り,https://news.web.nhk/newsweb/na/nd-20260813de43682
https://news.web.nhk/newsweb/na/nd-20260813de43689,国際,4080,1,1787148960,1787149440,高市首相「断じて許容できず」プーチン大統領の北方領土訪問に,https://news.web.nhk/newsweb/na/nd-20260813de43689
https://news.web.nhk/newsweb/na/nd-20260813de43689,政治,4080,1,1787148960,1787149440,高市首相「断じて許容できず」プーチン大統領の北方領土訪問に,https://news.web.nhk/newsweb/na/nd-20260813de43689
https://news.web.nhk/newsweb/na/nd-20260813de43697,経済,4080,1,1787148960,1787149440,円相場 小幅な値動き 1ドル＝159円台,https://news.web.nhk/newsweb/na/nd-20260813de43697
https://news.web.nhk/newsweb/na/nd-20260813de43698,社会,95400,1,1787148960,1787240760,東京地検 新検事正に松下裕子氏が就任「役割を全うする」,https://news.web.nhk/newsweb/na/nd-20260813de43698
https://news.web.nhk/newsweb/na/nd-20260813de43701,政治,4080,1,1787148960,1787149440,横浜市長 重大パワハラ認定受け市議会で謝罪 給与削減の意向,https://news.web.nhk/newsweb/na/nd-20260813de43701
https://news.web.nhk/newsweb/na/nd-20260813de43701,社会,4080,1,1787148960,1787149440,横浜市長 重大パワハラ認定受け市議会で謝罪 給与削減の意向,https://news.web.nhk/newsweb/na/nd-20260813de43701
https://news.web.nhk/newsweb/na/nd-20260813de43710,国際,4080,1,1787148960,1787149440,ロシア プーチン大統領 北方領土に その狙いは 専門家に聞く,https://news.web.nhk/newsweb/na/nd-20260813de43710
https://news.web.nhk/newsweb/na/nd-20260813de43710,政治,4080,1,1787148960,1787149440,ロシア プーチン大統領 北方領土に その狙いは 専門家に聞く,https://news.web.nhk/newsweb/na/nd-20260813de43710
https://news.web.nhk/newsweb/na/nd-20260813de43715,スポーツ,92040,1,1787148960,1787237400,高校野球 夏の甲子園【大会10日目の見どころ】,https://news.web.nhk/newsweb/na/nd-20260813de43715
https://news.web.nhk/newsweb/na/nd-20260813de43741,スポーツ,92040,1,1787148960,1787237400,高校野球 英明が投打かみ合い大分商に快勝 3回戦へ,https://news.web.nhk/newsweb/na/nd-20260813de43741
https://news.web.nhk/newsweb/na/nd-20260813de43766,国際,92040,1,1787148960,1787237400,中国 朱鎔基元首相 死去 中国の日本関係者も追悼,https://news.web.nhk/newsweb/na/nd-20260813de43766
https://news.web.nhk/newsweb/na/nd-20260813de43783,社会,95400,1,1787148960,1787240760,【動画】Pickup NEWS（8月14日）,https://news.web.nhk/newsweb/na/nd-20260813de43783
https://news.web.nhk/newsweb/na/nd-20260813de43844,政治,92040,1,1787148960,1787237400,福岡県議会 吉松議員 藏内議長への辞職勧告決議案 提出で調整,https://news.web.nhk/newsweb/na/nd-20260813de43844
https://news.web.nhk/newsweb/na/nd-20260813de43848,国際,92040,1,1787148960,1787237400,高市首相 中国 習主席に哀悼の意 朱鎔基元首相の死去受け,https://news.web.nhk/newsweb/na/nd-20260813de43848
https://news.web.nhk/newsweb/na/nd-20260813de43848,政治,92040,1,1787148960,1787237400,高市首相 中国 習主席に哀悼の意 朱鎔基元首相の死去受け,https://news.web.nhk/newsweb/na/nd-20260813de43848
https://news.web.nhk/newsweb/na/nd-20260813de43860,社会,95400,1,1787148960,1787240760,熊本地震 宇城と氷川町 学童保育の約6割 再開のめど立たず,https://news.web.nhk/newsweb/na/nd-20260813de43860
https://news.web.nhk/newsweb/na/nd-20260813de43862,科学・文化,95400,1,1787148960,1787240760,戦争体験つづった「ガラスのうさぎ」作者 高木敏子さん死去,https://news.web.nhk/newsweb/na/nd-20260813de43862
https://news.web.nhk/newsweb/na/nd-20260813de43873,政治,4080,1,1787148960,1787149440,赤間防災相“今回の大雨で2人心肺停止と報告受けた”,https://news.web.nhk/newsweb/na/nd-20260813de43873
https://news.web.nhk/newsweb/na/nd-20260813de43900,政治,92040,1,1787148960,1787237400,高市首相「官邸連絡室」で被害状況の把握など対応 SNS投稿,https://news.web.nhk/newsweb/na/nd-20260813de43900
https://news.web.nhk/newsweb/na/nd-20260814de43911,スポーツ,92040,1,1787148960,1787237400,【プロ野球結果】パ・リーグ首位のソフトバンク 3連勝で止まる,https://news.web.nhk/newsweb/na/nd-20260814de43911
https://news.web.nhk/newsweb/na/nd-20260814de43919,国際,92040,1,1787148960,1787237400,政府 ロシアへの対抗措置を検討 プーチン氏の北方領土訪問受け,https://news.web.nhk/newsweb/na/nd-20260814de43919
https://news.web.nhk/newsweb/na/nd-20260814de43919,政治,92040,1,1787148960,1787237400,政府 ロシアへの対抗措置を検討 プーチン氏の北方領土訪問受け,https://news.web.nhk/newsweb/na/nd-20260814de43919
https://news.web.nhk/newsweb/na/nd-20260814de43955,国際,92040,1,1787148960,1787237400,ウクライナで地雷探知の新システム 日本の支援で供与,https://news.web.nhk/newsweb/na/nd-20260814de43955
https://news.web.nhk/newsweb/na/nd-20260814de43957,国際,92040,1,1787148960,1787237400,ベルギー「フラワーカーペット」両国友好記念し日本デザインに,https://news.web.nhk/newsweb/na/nd-20260814de43957
https://news.web.nhk/newsweb/na/nd-20260814de43958,国際,92040,1,1787148960,1787237400,ベルリンの壁建設開始から65年で追悼式典 当時を知る人も出席,https://news.web.nhk/newsweb/na/nd-20260814de43958
https://news.web.nhk/newsweb/na/nd-20260814de43959,国際,92040,1,1787148960,1787237400,米「イラン海上封鎖 無期限可能」ホルムズ海峡開放 見通せず,https://news.web.nhk/newsweb/na/nd-20260814de43959
https://news.web.nhk/newsweb/na/nd-20260814de43968,国際,92040,1,1787148960,1787237400,S＆P500 株価指数が最高値 FRB利上げ観測後退で,https://news.web.nhk/newsweb/na/nd-20260814de43968
https://news.web.nhk/newsweb/na/nd-20260814de43968,経済,95400,1,1787148960,1787240760,S＆P500 株価指数が最高値 FRB利上げ観測後退で,https://news.web.nhk/newsweb/na/nd-20260814de43968
https://news.web.nhk/newsweb/na/nd-20260814de43984,政治,92040,1,1787148960,1787237400,高市首相動静 2026年8月13日,https://news.web.nhk/newsweb/na/nd-20260814de43984
https://news.web.nhk/newsweb/na/nd-20260814de44006,スポーツ,92040,1,1787148960,1787237400,ホワイトソックス村上宗隆 代打で三振 チームも敗れる,https://news.web.nhk/newsweb/na/nd-20260814de44006
https://news.web.nhk/newsweb/na/nd-20260814de44006,国際,92040,1,1787148960,1787237400,ホワイトソックス村上宗隆 代打で三振 チームも敗れる,https://news.web.nhk/newsweb/na/nd-20260814de44006
https://news.web.nhk/newsweb/na/nd-20260814de44011,スポーツ,92040,1,1787148960,1787237400,カブス 鈴木誠也 先発も3打数ノーヒット チームも1安打で完敗,https://news.web.nhk/newsweb/na/nd-20260814de44011
https://news.web.nhk/newsweb/na/nd-20260814de44012,スポーツ,92040,1,1787148960,1787237400,レッドソックス 吉田正尚 2安打1打点 チームは連敗ストップ,https://news.web.nhk/newsweb/na/nd-20260814de44012
https://news.web.nhk/newsweb/na/nd-20260814de44013,経済,95400,1,1787148960,1787240760,【千葉 大雨】ライフライン・店舗休業など生活情報,https://news.web.nhk/newsweb/na/nd-20260814de44013
https://news.web.nhk/newsweb/na/nd-20260814de44015,国際,92040,1,1787148960,1787237400,北朝鮮外務省 米韓の合同軍事演習を非難 対抗措置辞さない姿勢,https://news.web.nhk/newsweb/na/nd-20260814de44015
https://news.web.nhk/newsweb/na/nd-20260814de44017,国際,92040,1,1787148960,1787237400,プーチン大統領の北方領土訪問 国連が当事者に自制呼びかけ,https://news.web.nhk/newsweb/na/nd-20260814de44017
https://news.web.nhk/newsweb/na/nd-20260814de44018,国際,92040,1,1787148960,1787237400,エルニーニョ現象“歴史的な水準”予測 日本 台風増加のおそれ,https://news.web.nhk/newsweb/na/nd-20260814de44018
https://news.web.nhk/newsweb/na/nd-20260814de44024,暮らし,95400,1,1787148960,1787240760,「週刊少年ジャンプ」直近の発行部数 100万部を下回る,https://news.web.nhk/newsweb/na/nd-20260814de44024
https://news.web.nhk/newsweb/na/nd-20260814de44024,科学・文化,95400,1,1787148960,1787240760,「週刊少年ジャンプ」直近の発行部数 100万部を下回る,https://news.web.nhk/newsweb/na/nd-20260814de44024
https://news.web.nhk/newsweb/na/nd-20260814de44028,暮らし,95400,1,1787148960,1787240760,太平洋クロマグロ漁獲枠 18日に関係国・地域と再交渉へ 水産庁,https://news.web.nhk/newsweb/na/nd-20260814de44028
https://news.web.nhk/newsweb/na/nd-20260814de44028,経済,95400,1,1787148960,1787240760,太平洋クロマグロ漁獲枠 18日に関係国・地域と再交渉へ 水産庁,https://news.web.nhk/newsweb/na/nd-20260814de44028
https://news.web.nhk/newsweb/na/nd-20260814de44032,経済,95400,1,1787148960,1787240760,株価 一時1200円以上値上がり 4営業日連続で値上がり,https://news.web.nhk/newsweb/na/nd-20260814de44032
https://news.web.nhk/newsweb/na/nd-20260814de44033,国際,92040,1,1787148960,1787237400,米トランプ政権 一部のドローン関連部品に100％の追加関税,https://news.web.nhk/newsweb/na/nd-20260814de44033
https://news.web.nhk/newsweb/na/nd-20260814de44033,経済,95400,1,1787148960,1787240760,米トランプ政権 一部のドローン関連部品に100％の追加関税,https://news.web.nhk/newsweb/na/nd-20260814de44033
https://news.web.nhk/newsweb/na/nd-20260814de44035,社会,95400,1,1787148960,1787240760,知床 羅臼岳 ヒグマに襲われ男性死亡から1年 父親初めて現地に,https://news.web.nhk/newsweb/na/nd-20260814de44035
https://news.web.nhk/newsweb/na/nd-20260814de44040,スポーツ,92040,1,1787148960,1787237400,高校野球 花巻東が3回戦進出 機動力を生かして7盗塁決める,https://news.web.nhk/newsweb/na/nd-20260814de44040
https://news.web.nhk/newsweb/na/nd-20260814de44056,スポーツ,92040,1,1787148960,1787237400,女子ゴルフ 米ツアー 岩井千怜が首位に2打差の9位発進,https://news.web.nhk/newsweb/na/nd-20260814de44056
https://news.web.nhk/newsweb/na/nd-20260814de44061,社会,95400,1,1787148960,1787240760,【大雨】冠水した車から2人を引き出した男性 緊迫の状況語る,https://news.web.nhk/newsweb/na/nd-20260814de44061
https://news.web.nhk/newsweb/na/nd-20260814de44066,国際,92040,1,1787148960,1787237400,キューバ フィデル・カストロ氏生誕100年で米に対抗姿勢,https://news.web.nhk/newsweb/na/nd-20260814de44066
https://news.web.nhk/newsweb/na/nd-20260814de44074,国際,92040,1,1787148960,1787237400,トランプ政権のハーバード大巡る“反ユダヤ”の訴えを棄却,https://news.web.nhk/newsweb/na/nd-20260814de44074
https://news.web.nhk/newsweb/na/nd-20260814de44082,スポーツ,92040,1,1787148960,1787237400,ドジャース佐々木 6回2失点も勝ち負けつかず 大谷は1安打,https://news.web.nhk/newsweb/na/nd-20260814de44082
https://news.web.nhk/newsweb/na/nd-20260814de44086,社会,95400,1,1787148960,1787240760,熊本地震 子ども心をどうケアする? 【専門家Ｑ＆Ａ】,https://news.web.nhk/newsweb/na/nd-20260814de44086
https://news.web.nhk/newsweb/na/nd-20260814de44090,国際,92040,1,1787148960,1787237400,韓国 イ大統領の支持率44％に下落 初めて不支持が上回る,https://news.web.nhk/newsweb/na/nd-20260814de44090
https://news.web.nhk/newsweb/na/nd-20260814de44091,スポーツ,92040,1,1787148960,1787237400,競泳 17歳の大橋信が男子100m平泳ぎで日本新記録,https://news.web.nhk/newsweb/na/nd-20260814de44091
https://news.web.nhk/newsweb/na/nd-20260814de44092,社会,95400,1,1787148960,1787240760,秋田県オンライン記者説明会で不適切対応 職員を停職処分,https://news.web.nhk/newsweb/na/nd-20260814de44092
https://news.web.nhk/newsweb/na/nd-20260814de44098,スポーツ,92040,1,1787148960,1787237400,NFL 松澤寛政がプレシーズンゲームに初出場,https://news.web.nhk/newsweb/na/nd-20260814de44098
https://news.web.nhk/newsweb/na/nd-20260814de44099,暮らし,95400,1,1787148960,1787240760,スーパーのコメ平均価格 5キロ3220円 7週ぶり値上がり,https://news.web.nhk/newsweb/na/nd-20260814de44099
https://news.web.nhk/newsweb/na/nd-20260814de44099,経済,95400,1,1787148960,1787240760,スーパーのコメ平均価格 5キロ3220円 7週ぶり値上がり,https://news.web.nhk/newsweb/na/nd-20260814de44099
https://news.web.nhk/newsweb/na/nd-20260814de44100,政治,92040,1,1787148960,1787237400,小泉防衛相 オーストラリアとインド訪問へ 防衛協力確認を,https://news.web.nhk/newsweb/na/nd-20260814de44100
https://news.web.nhk/newsweb/na/nd-20260814de44101,政治,92040,1,1787148960,1787237400,茂木外相 来週サウジとオマーンを訪問へ 航行安全確保で連携を,https://news.web.nhk/newsweb/na/nd-20260814de44101
https://news.web.nhk/newsweb/na/nd-20260814de44103,社会,95400,1,1787148960,1787240760,車で移動中に浸水被害 専門家「毎年起きる身近な危険」,https://news.web.nhk/newsweb/na/nd-20260814de44103
https://news.web.nhk/newsweb/na/nd-20260814de44111,社会,95400,1,1787148960,1787240760,熊本 阿蘇山 噴火警戒レベルを「3」に引き上げ,https://news.web.nhk/newsweb/na/nd-20260814de44111
https://news.web.nhk/newsweb/na/nd-20260814de44118,経済,95400,1,1787148960,1787240760,経産省 大雨で被災した千葉の中小企業へ相談窓口など支援開始,https://news.web.nhk/newsweb/na/nd-20260814de44118
https://news.web.nhk/newsweb/na/nd-20260814de44120,国際,92040,1,1787148960,1787237400,対米投資 第2弾プロジェクトにアメリカの銀行も融資へ,https://news.web.nhk/newsweb/na/nd-20260814de44120
https://news.web.nhk/newsweb/na/nd-20260814de44120,経済,95400,1,1787148960,1787240760,対米投資 第2弾プロジェクトにアメリカの銀行も融資へ,https://news.web.nhk/newsweb/na/nd-20260814de44120
https://news.web.nhk/newsweb/na/nd-20260814de44125,社会,95400,1,1787148960,1787240760,女性の唇を無理やり自分で縫わせたか 同居人を強要の罪で起訴,https://news.web.nhk/newsweb/na/nd-20260814de44125
https://news.web.nhk/newsweb/na/nd-20260814de44126,スポーツ,178380,1,1787148960,1787323740,高校野球 投打かみ合った霞ヶ浦が鳴門渦潮に勝って3回戦へ,https://news.web.nhk/newsweb/na/nd-20260814de44126
https://news.web.nhk/newsweb/na/nd-20260814de44127,スポーツ,92040,1,1787148960,1787237400,バスケ 約2年ぶり日本代表復帰の八村塁 強化試合へ意気込み,https://news.web.nhk/newsweb/na/nd-20260814de44127
https://news.web.nhk/newsweb/na/nd-20260814de44132,スポーツ,92040,1,1787148960,1787237400,ゴルフ全英女子OP制覇の桑木志帆 国内ツアーで見せ場,https://news.web.nhk/newsweb/na/nd-20260814de44132
https://news.web.nhk/newsweb/na/nd-20260814de44134,経済,95400,1,1787148960,1787240760,円相場 いくぶん値上がり　1ドル＝159円台前半,https://news.web.nhk/newsweb/na/nd-20260814de44134
https://news.web.nhk/newsweb/na/nd-20260814de44138,社会,95400,1,1787148960,1787240760,大雨で帰宅困難者も 専門家「対策の検討必要」,https://news.web.nhk/newsweb/na/nd-20260814de44138
https://news.web.nhk/newsweb/na/nd-20260814de44139,政治,92040,1,1787148960,1787237400,横浜 山中市長のパワハラ問題 市議会主要3会派が辞職申し入れ,https://news.web.nhk/newsweb/na/nd-20260814de44139
https://news.web.nhk/newsweb/na/nd-20260814de44139,社会,95400,1,1787148960,1787240760,横浜 山中市長のパワハラ問題 市議会主要3会派が辞職申し入れ,https://news.web.nhk/newsweb/na/nd-20260814de44139
https://news.web.nhk/newsweb/na/nd-20260814de44145,スポーツ,178380,1,1787148960,1787323740,高校野球 横浜が日南学園を突き放す 織田投手が最速156キロ,https://news.web.nhk/newsweb/na/nd-20260814de44145
https://news.web.nhk/newsweb/na/nd-20260814de44155,社会,95400,1,1787148960,1787240760,沖縄 尖閣沖 中国海警局の船4隻が一時領海侵入,https://news.web.nhk/newsweb/na/nd-20260814de44155
https://news.web.nhk/newsweb/na/nd-20260814de44156,社会,95400,1,1787148960,1787240760,辺野古沖事故 遺族が同志社国際高校と学校法人に要望書を提出,https://news.web.nhk/newsweb/na/nd-20260814de44156
https://news.web.nhk/newsweb/na/nd-20260814de44161,科学・文化,95400,1,1787148960,1787240760,ニチレイ サイバー攻撃で従業員の氏名など漏えいのおそれ,https://news.web.nhk/newsweb/na/nd-20260814de44161
https://news.web.nhk/newsweb/na/nd-20260814de44161,経済,95400,1,1787148960,1787240760,ニチレイ サイバー攻撃で従業員の氏名など漏えいのおそれ,https://news.web.nhk/newsweb/na/nd-20260814de44161
https://news.web.nhk/newsweb/na/nd-20260814de44162,政治,92040,1,1787148960,1787237400,福岡県議会 藏内議長に対する議長職の辞職勧告決議案を提出,https://news.web.nhk/newsweb/na/nd-20260814de44162
https://news.web.nhk/newsweb/na/nd-20260814de44163,国際,92040,1,1787148960,1787237400,米財務長官 イランへの制裁で来週新たな措置を発表へ,https://news.web.nhk/newsweb/na/nd-20260814de44163
https://news.web.nhk/newsweb/na/nd-20260814de44170,国際,92040,1,1787148960,1787237400,ロシア外相が日本批判“アメリカと協力して軍事化”,https://news.web.nhk/newsweb/na/nd-20260814de44170
https://news.web.nhk/newsweb/na/nd-20260814de44171,社会,178380,1,1787148960,1787323740,戦後81年の終戦の日 政府主催の全国戦没者追悼式,https://news.web.nhk/newsweb/na/nd-20260814de44171
https://news.web.nhk/newsweb/na/nd-20260814de44172,社会,178380,1,1787148960,1787323740,熊本地震 被災の福祉施設へ介護職員派遣 人件費は公費負担に,https://news.web.nhk/newsweb/na/nd-20260814de44172
https://news.web.nhk/newsweb/na/nd-20260814de44174,社会,178380,1,1787148960,1787323740,【動画】Pickup NEWS（8月15日）,https://news.web.nhk/newsweb/na/nd-20260814de44174
https://news.web.nhk/newsweb/na/nd-20260814de44175,国際,181680,1,1787148960,1787327040,アフガニスタン タリバン復権から5年 人道状況の悪化懸念,https://news.web.nhk/newsweb/na/nd-20260814de44175
https://news.web.nhk/newsweb/na/nd-20260814de44176,国際,92040,1,1787148960,1787237400,フィリピン大統領 日本との海洋境界交渉“2国間で決める”,https://news.web.nhk/newsweb/na/nd-20260814de44176
https://news.web.nhk/newsweb/na/nd-20260814de44177,スポーツ,178380,1,1787148960,1787323740,【プロ野球結果】セ・リーグ 巨人 連敗を3で止める,https://news.web.nhk/newsweb/na/nd-20260814de44177
https://news.web.nhk/newsweb/na/nd-20260814de44181,国際,181680,1,1787148960,1787327040,トランプ政権“中国が高関税逃れで「う回輸出」”の報告書,https://news.web.nhk/newsweb/na/nd-20260814de44181
https://news.web.nhk/newsweb/na/nd-20260814de44182,政治,92040,1,1787148960,1787237400,高市首相 SNSに政権の物価高対策を相次ぎ投稿,https://news.web.nhk/newsweb/na/nd-20260814de44182
https://news.web.nhk/newsweb/na/nd-20260814de44184,社会,95400,1,1787148960,1787240760,熊本地震で被災した高校生の就職活動 国が柔軟な対応を要請,https://news.web.nhk/newsweb/na/nd-20260814de44184
https://news.web.nhk/newsweb/na/nd-20260814de44187,スポーツ,92040,1,1787148960,1787237400,サッカーJ1 第2節 柏レイソルが逆転勝ち 開幕2連勝,https://news.web.nhk/newsweb/na/nd-20260814de44187
https://news.web.nhk/newsweb/na/nd-20260814de44188,国際,181680,1,1787148960,1787327040,米 7月の小売業の売上高 前月比0.6％減 FRB利上げ観測やや後退,https://news.web.nhk/newsweb/na/nd-20260814de44188
https://news.web.nhk/newsweb/na/nd-20260814de44189,国際,181680,1,1787148960,1787327040,国連 ウクライナで7月に死亡の民間人 侵攻開始直後を除き最多,https://news.web.nhk/newsweb/na/nd-20260814de44189
https://news.web.nhk/newsweb/na/nd-20260814de44190,スポーツ,178380,1,1787148960,1787323740,国内女子サッカーの課題を考えるイベント開催,https://news.web.nhk/newsweb/na/nd-20260814de44190
https://news.web.nhk/newsweb/na/nd-20260815de44192,国際,181680,1,1787148960,1787327040,英国 右派政党の党首 辞職後の補欠選挙で再選も疑惑の調査続く,https://news.web.nhk/newsweb/na/nd-20260815de44192
https://news.web.nhk/newsweb/na/nd-20260815de44194,スポーツ,178380,1,1787148960,1787323740,大リーグ村上宗隆選手が熊本支援のチャリティープロジェクト,https://news.web.nhk/newsweb/na/nd-20260815de44194
https://news.web.nhk/newsweb/na/nd-20260815de44196,国際,181680,1,1787148960,1787327040,韓国 インチョン国際空港 上半期の国際線旅客数が世界一,https://news.web.nhk/newsweb/na/nd-20260815de44196
https://news.web.nhk/newsweb/na/nd-20260815de44201,国際,181680,1,1787148960,1787327040,ウクライナ高官「北朝鮮とロシアの軍事協力拡大」日本に警鐘,https://news.web.nhk/newsweb/na/nd-20260815de44201
https://news.web.nhk/newsweb/na/nd-20260815de44202,スポーツ,178380,1,1787148960,1787323740,高校野球 夏の甲子園【大会11日目の見どころ】,https://news.web.nhk/newsweb/na/nd-20260815de44202
https://news.web.nhk/newsweb/na/nd-20260815de44203,国際,181680,1,1787148960,1787327040,15歳未満のSNS利用禁止法に違憲判断 フランス憲法評議会,https://news.web.nhk/newsweb/na/nd-20260815de44203
https://news.web.nhk/newsweb/na/nd-20260815de44211,政治,178380,1,1787148960,1787323740,自民 鈴木幹事長ら幹部3人がそろって靖国神社に参拝,https://news.web.nhk/newsweb/na/nd-20260815de44211
https://news.web.nhk/newsweb/na/nd-20260815de44213,国際,181680,1,1787148960,1787327040,コロンビア地震 1万超の住宅破壊　家失った人の支援も課題に,https://news.web.nhk/newsweb/na/nd-20260815de44213
https://news.web.nhk/newsweb/na/nd-20260815de44218,政治,178380,1,1787148960,1787323740,高市首相 「終戦の日」の靖国神社参拝見送りへ,https://news.web.nhk/newsweb/na/nd-20260815de44218
https://news.web.nhk/newsweb/na/nd-20260815de44219,スポーツ,178380,1,1787148960,1787323740,高校野球 天理が高川学園に逆転勝ちで準々決勝へ,https://news.web.nhk/newsweb/na/nd-20260815de44219
https://news.web.nhk/newsweb/na/nd-20260815de44224,スポーツ,178380,1,1787148960,1787323740,カブス 鈴木誠也 決勝の21号3ランホームランで勝利に貢献,https://news.web.nhk/newsweb/na/nd-20260815de44224
https://news.web.nhk/newsweb/na/nd-20260815de44227,国際,181680,1,1787148960,1787327040,ワシントンの第2次世界大戦記念碑に落書きか 容疑者を訴追,https://news.web.nhk/newsweb/na/nd-20260815de44227
https://news.web.nhk/newsweb/na/nd-20260815de44228,社会,267360,1,1787148960,1787412720,絶滅危惧種のキタサンショウウオ 生息地等保護区指定へ 環境省,https://news.web.nhk/newsweb/na/nd-20260815de44228
https://news.web.nhk/newsweb/na/nd-20260815de44230,経済,181680,1,1787148960,1787327040,4月-6月のGDP 民間は3期連続プラスの予測 個人消費堅調で,https://news.web.nhk/newsweb/na/nd-20260815de44230
https://news.web.nhk/newsweb/na/nd-20260815de44232,政治,178380,1,1787148960,1787323740,参政 神谷代表 保守 百田代表らが靖国神社に参拝,https://news.web.nhk/newsweb/na/nd-20260815de44232
https://news.web.nhk/newsweb/na/nd-20260815de44235,スポーツ,178380,1,1787148960,1787323740,リバプール ベゾス氏参加の投資家グループに一部株式売却へ,https://news.web.nhk/newsweb/na/nd-20260815de44235
https://news.web.nhk/newsweb/na/nd-20260815de44235,国際,181680,1,1787148960,1787327040,リバプール ベゾス氏参加の投資家グループに一部株式売却へ,https://news.web.nhk/newsweb/na/nd-20260815de44235
https://news.web.nhk/newsweb/na/nd-20260815de44236,政治,178380,1,1787148960,1787323740,高市首相 千鳥ヶ淵戦没者墓苑で献花 「全国戦没者追悼式」前に,https://news.web.nhk/newsweb/na/nd-20260815de44236
https://news.web.nhk/newsweb/na/nd-20260815de44236,社会,178380,1,1787148960,1787323740,高市首相 千鳥ヶ淵戦没者墓苑で献花 「全国戦没者追悼式」前に,https://news.web.nhk/newsweb/na/nd-20260815de44236
https://news.web.nhk/newsweb/na/nd-20260815de44238,政治,178380,1,1787148960,1787323740,小泉防衛相ら4閣僚が靖国神社参拝 高市首相は見送り,https://news.web.nhk/newsweb/na/nd-20260815de44238
https://news.web.nhk/newsweb/na/nd-20260815de44241,国際,181680,1,1787148960,1787327040,トランプ大統領“近くホルムズ海峡は米領と宣言”イラン側反発,https://news.web.nhk/newsweb/na/nd-20260815de44241
https://news.web.nhk/newsweb/na/nd-20260815de44242,スポーツ,178380,1,1787148960,1787323740,ホワイトソックス 村上宗隆 決勝の27号ホームラン,https://news.web.nhk/newsweb/na/nd-20260815de44242
https://news.web.nhk/newsweb/na/nd-20260815de44247,政治,178380,1,1787148960,1787323740,終戦の日 超党派議員89人が靖国神社参拝 小野田経済安保相も,https://news.web.nhk/newsweb/na/nd-20260815de44247
https://news.web.nhk/newsweb/na/nd-20260815de44248,社会,178380,1,1787148960,1787323740,熊本地震 災害関連死の疑い含め39人死亡 避難所に3205人が避難,https://news.web.nhk/newsweb/na/nd-20260815de44248
https://news.web.nhk/newsweb/na/nd-20260815de44249,スポーツ,267360,1,1787148960,1787412720,高校野球 智弁和歌山が敦賀気比に延長で勝利 準々決勝へ,https://news.web.nhk/newsweb/na/nd-20260815de44249
https://news.web.nhk/newsweb/na/nd-20260815de44250,国際,181680,1,1787148960,1787327040,韓国 イ大統領「光復節」式典で演説“日韓協力の地平広げる”,https://news.web.nhk/newsweb/na/nd-20260815de44250
https://news.web.nhk/newsweb/na/nd-20260815de44251,スポーツ,178380,1,1787148960,1787323740,レッドソックス 吉田正尚 2安打1打点 チームは敗れる,https://news.web.nhk/newsweb/na/nd-20260815de44251
https://news.web.nhk/newsweb/na/nd-20260815de44252,スポーツ,178380,1,1787148960,1787323740,メッツ 千賀滉大 1回無失点で2セーブ目,https://news.web.nhk/newsweb/na/nd-20260815de44252
https://news.web.nhk/newsweb/na/nd-20260815de44253,スポーツ,178380,1,1787148960,1787323740,ドジャース 大谷翔平 投手復帰へブルペン練習を再開,https://news.web.nhk/newsweb/na/nd-20260815de44253
https://news.web.nhk/newsweb/na/nd-20260815de44254,国際,181680,1,1787148960,1787327040,ロシア プーチン大統領が北朝鮮のキム総書記へ祝電 結束を確認,https://news.web.nhk/newsweb/na/nd-20260815de44254
https://news.web.nhk/newsweb/na/nd-20260815de44257,社会,267360,1,1787148960,1787412720,【動画】Pickup NEWS（8月16日）,https://news.web.nhk/newsweb/na/nd-20260815de44257
https://news.web.nhk/newsweb/na/nd-20260815de44260,政治,178380,1,1787148960,1787323740,公明 竹谷代表「非核三原則堅持し核兵器廃絶へ取り組みを」,https://news.web.nhk/newsweb/na/nd-20260815de44260
https://news.web.nhk/newsweb/na/nd-20260815de44265,スポーツ,178380,1,1787148960,1787323740,女子ゴルフ米ツアー 原英莉花が3打差の5位で決勝ラウンドへ,https://news.web.nhk/newsweb/na/nd-20260815de44265
https://news.web.nhk/newsweb/na/nd-20260815de44267,スポーツ,178380,1,1787148960,1787323740,パドレス 松井裕樹 7回の1イニングを無失点に抑える,https://news.web.nhk/newsweb/na/nd-20260815de44267
https://news.web.nhk/newsweb/na/nd-20260815de44268,国際,181680,1,1787148960,1787327040,終戦81年 太平洋戦争の激戦地 フィリピンで戦没者を追悼,https://news.web.nhk/newsweb/na/nd-20260815de44268
https://news.web.nhk/newsweb/na/nd-20260815de44268,社会,178380,1,1787148960,1787323740,終戦81年 太平洋戦争の激戦地 フィリピンで戦没者を追悼,https://news.web.nhk/newsweb/na/nd-20260815de44268
https://news.web.nhk/newsweb/na/nd-20260815de44269,スポーツ,178380,1,1787148960,1787323740,ドジャース 山本由伸 6回1失点で12勝目 大谷翔平は無安打,https://news.web.nhk/newsweb/na/nd-20260815de44269
https://news.web.nhk/newsweb/na/nd-20260815de44271,スポーツ,178380,1,1787148960,1787323740,高校野球 三重が履正社に勝利 12年ぶりのベスト8進出,https://news.web.nhk/newsweb/na/nd-20260815de44271
https://news.web.nhk/newsweb/na/nd-20260815de44275,社会,178380,1,1787148960,1787323740,終戦の日 さまざまな立場の人たちが戦争の犠牲者を悼む集会,https://news.web.nhk/newsweb/na/nd-20260815de44275
https://news.web.nhk/newsweb/na/nd-20260815de44277,スポーツ,267360,1,1787148960,1787412720,高校野球 仙台育英が拓大紅陵に勝ち3年ぶりのベスト8進出,https://news.web.nhk/newsweb/na/nd-20260815de44277
https://news.web.nhk/newsweb/na/nd-20260815de44282,スポーツ,178380,1,1787148960,1787323740,高校野球 「2部制」期間 熱中症疑いの選手はのべ9人,https://news.web.nhk/newsweb/na/nd-20260815de44282
https://news.web.nhk/newsweb/na/nd-20260815de44282,社会,178380,1,1787148960,1787323740,高校野球 「2部制」期間 熱中症疑いの選手はのべ9人,https://news.web.nhk/newsweb/na/nd-20260815de44282
https://news.web.nhk/newsweb/na/nd-20260815de44289,国際,181680,1,1787148960,1787327040,台湾 新幹線をベースにした新型車両を導入 最初の車両が到着,https://news.web.nhk/newsweb/na/nd-20260815de44289
https://news.web.nhk/newsweb/na/nd-20260815de44293,暮らし,181680,1,1787148960,1787327040,お盆のUターンラッシュ 高速道路でピーク 各地で渋滞発生,https://news.web.nhk/newsweb/na/nd-20260815de44293
https://news.web.nhk/newsweb/na/nd-20260815de44293,社会,178380,1,1787148960,1787323740,お盆のUターンラッシュ 高速道路でピーク 各地で渋滞発生,https://news.web.nhk/newsweb/na/nd-20260815de44293
https://news.web.nhk/newsweb/na/nd-20260815de44296,社会,178380,1,1787148960,1787323740,岐阜 長良川で水難事故相次ぐ 23歳の男性 計2人が溺れて死亡,https://news.web.nhk/newsweb/na/nd-20260815de44296
https://news.web.nhk/newsweb/na/nd-20260815de44297,国際,181680,1,1787148960,1787327040,インド モディ首相「発展するためには若者が重要」,https://news.web.nhk/newsweb/na/nd-20260815de44297
https://news.web.nhk/newsweb/na/nd-20260815de44299,スポーツ,178380,1,1787148960,1787323740,陸上女子100mハードル 中島ひとみが再び日本新記録,https://news.web.nhk/newsweb/na/nd-20260815de44299
https://news.web.nhk/newsweb/na/nd-20260815de44306,スポーツ,178380,1,1787148960,1787323740,元プロ野球選手 ペク・インチョンさん死去 82歳 パ首位打者も,https://news.web.nhk/newsweb/na/nd-20260815de44306
https://news.web.nhk/newsweb/na/nd-20260815de44311,国際,267360,1,1787148960,1787412720,靖国神社参拝めぐり中国“強く抗議”韓国“嘆き禁じ得ない”,https://news.web.nhk/newsweb/na/nd-20260815de44311
https://news.web.nhk/newsweb/na/nd-20260815de44315,社会,178380,1,1787148960,1787323740,長野 岡谷 3人死亡の土石流災害から5年 遺族が現場に,https://news.web.nhk/newsweb/na/nd-20260815de44315
https://news.web.nhk/newsweb/na/nd-20260815de44320,スポーツ,267360,1,1787148960,1787412720,【プロ野球結果】ヤクルトがサヨナラ勝ちで3連勝 同率3位浮上,https://news.web.nhk/newsweb/na/nd-20260815de44320
https://news.web.nhk/newsweb/na/nd-20260815de44321,政治,267360,1,1787148960,1787412720,自民 岸田元首相 萩生田幹事長代行ら 山梨県鳴沢村で会合,https://news.web.nhk/newsweb/na/nd-20260815de44321
https://news.web.nhk/newsweb/na/nd-20260815de44322,社会,267360,1,1787148960,1787412720,死者10人に 浸水被害は約1500棟 千葉市で車両約2500台が路上に,https://news.web.nhk/newsweb/na/nd-20260815de44322
https://news.web.nhk/newsweb/na/nd-20260815de44323,社会,267360,1,1787148960,1787412720,熊本地震 17日も熱中症対策を 最大震度5弱程度以上の地震注意,https://news.web.nhk/newsweb/na/nd-20260815de44323
https://news.web.nhk/newsweb/na/nd-20260815de44324,スポーツ,267360,1,1787148960,1787412720,バスケ 八村塁が代表復帰戦でチーム最多22得点 勝利に貢献,https://news.web.nhk/newsweb/na/nd-20260815de44324
https://news.web.nhk/newsweb/na/nd-20260815de44325,スポーツ,267360,1,1787148960,1787412720,サッカーJ1 第2節 連覇目指す鹿島アントラーズが開幕2連勝,https://news.web.nhk/newsweb/na/nd-20260815de44325
https://news.web.nhk/newsweb/na/nd-20260816de44328,スポーツ,267360,1,1787148960,1787412720,高校野球 夏の甲子園【大会12日目の見どころ】,https://news.web.nhk/newsweb/na/nd-20260816de44328
https://news.web.nhk/newsweb/na/nd-20260816de44332,スポーツ,267360,1,1787148960,1787412720,新体操 ロス五輪出場権を獲得 世界選手権の団体総合で2位に,https://news.web.nhk/newsweb/na/nd-20260816de44332
https://news.web.nhk/newsweb/na/nd-20260816de44333,スポーツ,267360,1,1787148960,1787412720,高校野球 夏の甲子園 ベスト8出そろう 準々決勝の組み合わせは,https://news.web.nhk/newsweb/na/nd-20260816de44333
https://news.web.nhk/newsweb/na/nd-20260816de44335,国際,267360,1,1787148960,1787412720,インドネシア東部地震の死者47人に 救助活動続く,https://news.web.nhk/newsweb/na/nd-20260816de44335
https://news.web.nhk/newsweb/na/nd-20260816de44336,国際,267360,1,1787148960,1787412720,ウクライナがロシアのロケット製造拠点など攻撃,https://news.web.nhk/newsweb/na/nd-20260816de44336
https://news.web.nhk/newsweb/na/nd-20260816de44344,社会,267360,1,1787148960,1787412720,山形 鶴岡 花火大会で3人軽傷 花火が地上で破裂したか,https://news.web.nhk/newsweb/na/nd-20260816de44344
https://news.web.nhk/newsweb/na/nd-20260816de44346,社会,267360,1,1787148960,1787412720,JR中央・総武線 全線で運転再開,https://news.web.nhk/newsweb/na/nd-20260816de44346
https://news.web.nhk/newsweb/na/nd-20260816de44348,政治,267360,1,1787148960,1787412720,自民 小林政調会長が靖国神社に参拝,https://news.web.nhk/newsweb/na/nd-20260816de44348
https://news.web.nhk/newsweb/na/nd-20260816de44351,スポーツ,267360,1,1787148960,1787412720,高校野球 健大高崎が佐野日大高に勝つ 12年ぶり準々決勝進出,https://news.web.nhk/newsweb/na/nd-20260816de44351
https://news.web.nhk/newsweb/na/nd-20260816de44352,政治,267360,1,1787148960,1787412720,憲法改正 与党“緊急事態条項の条文化を”野党は賛否分かれる,https://news.web.nhk/newsweb/na/nd-20260816de44352
https://news.web.nhk/newsweb/na/nd-20260816de44353,スポーツ,267360,1,1787148960,1787412720,ホワイトソックス 村上宗隆 ツーベースヒット チームは2連勝,https://news.web.nhk/newsweb/na/nd-20260816de44353
https://news.web.nhk/newsweb/na/nd-20260816de44354,スポーツ,267360,1,1787148960,1787412720,カブス 鈴木誠也 ツーベースヒットもチームは敗れる,https://news.web.nhk/newsweb/na/nd-20260816de44354
https://news.web.nhk/newsweb/na/nd-20260816de44355,スポーツ,267360,1,1787148960,1787412720,ブルージェイズ 岡本和真 1安打 今季100安打到達 チーム2連勝,https://news.web.nhk/newsweb/na/nd-20260816de44355
https://news.web.nhk/newsweb/na/nd-20260816de44361,社会,267360,1,1787148960,1787412720,熊本地震 災害関連死の疑い含め39人死亡 避難所に3121人避難,https://news.web.nhk/newsweb/na/nd-20260816de44361
https://news.web.nhk/newsweb/na/nd-20260816de44362,政治,267360,1,1787148960,1787412720,女性研究者支援の大学に年間最大5000万円補助へ 文部科学省,https://news.web.nhk/newsweb/na/nd-20260816de44362
https://news.web.nhk/newsweb/na/nd-20260816de44362,科学・文化,267360,1,1787148960,1787412720,女性研究者支援の大学に年間最大5000万円補助へ 文部科学省,https://news.web.nhk/newsweb/na/nd-20260816de44362
https://news.web.nhk/newsweb/na/nd-20260816de44364,暮らし,267360,1,1787148960,1787412720,お盆のUターンラッシュ 新幹線と空の便がピークに,https://news.web.nhk/newsweb/na/nd-20260816de44364
https://news.web.nhk/newsweb/na/nd-20260816de44364,社会,267360,1,1787148960,1787412720,お盆のUターンラッシュ 新幹線と空の便がピークに,https://news.web.nhk/newsweb/na/nd-20260816de44364
https://news.web.nhk/newsweb/na/nd-20260816de44365,暮らし,267360,1,1787148960,1787412720,上野動物園のパンダ舎 17日から解体 多くの人が最後の別れ,https://news.web.nhk/newsweb/na/nd-20260816de44365
https://news.web.nhk/newsweb/na/nd-20260816de44365,社会,267360,1,1787148960,1787412720,上野動物園のパンダ舎 17日から解体 多くの人が最後の別れ,https://news.web.nhk/newsweb/na/nd-20260816de44365
https://news.web.nhk/newsweb/na/nd-20260816de44367,スポーツ,267360,1,1787148960,1787412720,高校野球 有明が東日大昌平に逆転勝ち 準々決勝進出,https://news.web.nhk/newsweb/na/nd-20260816de44367
https://news.web.nhk/newsweb/na/nd-20260816de44369,スポーツ,267360,1,1787148960,1787412720,ドジャース 大谷翔平 タイムリースリーベースもチームは敗れる,https://news.web.nhk/newsweb/na/nd-20260816de44369
https://news.web.nhk/newsweb/na/nd-20260816de44371,国際,267360,1,1787148960,1787412720,“交渉期限”迫る イラン「停戦存在せず」 米も対決姿勢,https://news.web.nhk/newsweb/na/nd-20260816de44371
https://news.web.nhk/newsweb/na/nd-20260816de44374,スポーツ,267360,1,1787148960,1787412720,女子ゴルフ米ツアー第3R 原英莉花と勝みなみ 首位と4打差の5位,https://news.web.nhk/newsweb/na/nd-20260816de44374
https://news.web.nhk/newsweb/na/nd-20260816de44375,スポーツ,267360,1,1787148960,1787412720,レッドソックス 吉田正尚 二塁打の際に左太もも裏を痛め交代,https://news.web.nhk/newsweb/na/nd-20260816de44375
https://news.web.nhk/newsweb/na/nd-20260816de44380,スポーツ,267360,1,1787148960,1787412720,高校野球 花巻東が英明に勝利 3年ぶりベスト8 機動力生かす,https://news.web.nhk/newsweb/na/nd-20260816de44380
https://news.web.nhk/newsweb/na/nd-20260816de44383,スポーツ,267360,1,1787148960,1787412720,女子ゴルフ国内ツアー 安田祐香が優勝 全英制覇の桑木志帆42位,https://news.web.nhk/newsweb/na/nd-20260816de44383
https://news.web.nhk/newsweb/na/nd-20260816de44386,社会,267360,1,1787148960,1787412720,東京 府中 多摩川で遊んでいた中学3年男子生徒が溺れて重体,https://news.web.nhk/newsweb/na/nd-20260816de44386
https://news.web.nhk/newsweb/na/nd-20260816de44389,スポーツ,267360,1,1787148960,1787412720,高校野球 横浜が霞ヶ浦に逆転勝ち 準々決勝進出,https://news.web.nhk/newsweb/na/nd-20260816de44389
https://news.web.nhk/newsweb/na/nd-20260816de44391,社会,267360,1,1787148960,1787412720,熊本 天草 お盆の帰省にあわせ二十歳のつどい,https://news.web.nhk/newsweb/na/nd-20260816de44391
https://news.web.nhk/newsweb/na/nd-20260816de44393,国際,267360,1,1787148960,1787412720,ウクライナ ロシアの物流施設など攻撃 えん戦気分拡大ねらいか,https://news.web.nhk/newsweb/na/nd-20260816de44393
https://news.web.nhk/newsweb/na/nd-20260816de44395,スポーツ,267360,1,1787148960,1787412720,サッカー元日本代表巻さん 地元宇城で夏祭り【被災地の動き】,https://news.web.nhk/newsweb/na/nd-20260816de44395
https://news.web.nhk/newsweb/na/nd-20260816de44401,社会,267360,1,1787148960,1787412720,佳子さま 高校生の手話コンテストに出席 手話でおことば,https://news.web.nhk/newsweb/na/nd-20260816de44401
https://news.web.nhk/newsweb/na/nd-20260816de44402,国際,267360,1,1787148960,1787412720,ロシア ウクライナ 双方が首都を攻撃 応酬激しさ増す,https://news.web.nhk/newsweb/na/nd-20260816de44402
https://news.web.nhk/newsweb/na/nd-20260816de44403,社会,353820,1,1787148960,1787499180,【動画】Pickup NEWS（8月17日）,https://news.web.nhk/newsweb/na/nd-20260816de44403
https://news.web.nhk/newsweb/na/nd-20260816de44405,社会,267360,1,1787148960,1787412720,酒に酔って逆走 車3台巻き込む事故起こす 会社員を逮捕 徳島,https://news.web.nhk/newsweb/na/nd-20260816de44405
https://news.web.nhk/newsweb/na/nd-20260816de44406,スポーツ,267360,1,1787148960,1787412720,競泳 19歳の今福和志が男子1500ｍ自由形で日本新記録,https://news.web.nhk/newsweb/na/nd-20260816de44406
https://news.web.nhk/newsweb/na/nd-20260816de44407,スポーツ,267360,1,1787148960,1787412720,広島の被爆者でサッカー元代表監督の下村幸男さん死去 94歳,https://news.web.nhk/newsweb/na/nd-20260816de44407
https://news.web.nhk/newsweb/na/nd-20260816de44410,社会,353820,1,1787148960,1787499180,車いす利用者 送迎車での死亡事故7年で30件 消費者事故調,https://news.web.nhk/newsweb/na/nd-20260816de44410
https://news.web.nhk/newsweb/na/nd-20260816de44411,国際,267360,1,1787148960,1787412720,インドネシア東部地震で53人死亡 食料・水の確保が課題に,https://news.web.nhk/newsweb/na/nd-20260816de44411
https://news.web.nhk/newsweb/na/nd-20260816de44412,経済,353820,1,1787148960,1787499180,高性能AI対策検討の官民作業部会座長“地域金融機関を支援へ”,https://news.web.nhk/newsweb/na/nd-20260816de44412
https://news.web.nhk/newsweb/na/nd-20260816de44413,経済,353820,1,1787148960,1787499180,熊本地震影響 トヨタ田原工場で再開 ホンダは停止続く,https://news.web.nhk/newsweb/na/nd-20260816de44413
https://news.web.nhk/newsweb/na/nd-20260816de44414,政治,353820,1,1787148960,1787499180,食料品の消費税減税の地方減収分 国で補てん検討,https://news.web.nhk/newsweb/na/nd-20260816de44414
https://news.web.nhk/newsweb/na/nd-20260816de44414,経済,353820,1,1787148960,1787499180,食料品の消費税減税の地方減収分 国で補てん検討,https://news.web.nhk/newsweb/na/nd-20260816de44414
https://news.web.nhk/newsweb/na/nd-20260816de44416,国際,353820,1,1787148960,1787499180,ハンガリーでポーランド人観光客乗せたバス 横転事故 12人死亡,https://news.web.nhk/newsweb/na/nd-20260816de44416
https://news.web.nhk/newsweb/na/nd-20260816de44417,スポーツ,267360,1,1787148960,1787412720,【プロ野球結果】セ・リーグ2位の巨人が8回に10点を挙げ大勝,https://news.web.nhk/newsweb/na/nd-20260816de44417
https://news.web.nhk/newsweb/na/nd-20260816de44424,国際,353820,1,1787148960,1787499180,トランプ大統領 米韓合同軍事演習“縮小を指示”,https://news.web.nhk/newsweb/na/nd-20260816de44424
https://news.web.nhk/newsweb/na/nd-20260816de44425,国際,353820,1,1787148960,1787499180,ロシアへの長距離攻撃にイギリス供与の無人機使用 英紙報道,https://news.web.nhk/newsweb/na/nd-20260816de44425
https://news.web.nhk/newsweb/na/nd-20260816de44432,暮らし,353820,1,1787148960,1787499180,JR外房線 17日朝から代行バス運行 一部区間で運転見合わせ続く,https://news.web.nhk/newsweb/na/nd-20260816de44432
https://news.web.nhk/newsweb/na/nd-20260817de44438,国際,353820,1,1787148960,1787499180,論文盗用疑惑のケンブリッジ大元教授死亡 疑惑に人種差別訴え,https://news.web.nhk/newsweb/na/nd-20260817de44438
https://news.web.nhk/newsweb/na/nd-20260817de44439,国際,353820,1,1787148960,1787499180,リヒテンシュタイン 女性も国家元首可能に 欧州で転換進む,https://news.web.nhk/newsweb/na/nd-20260817de44439
https://news.web.nhk/newsweb/na/nd-20260817de44439,政治,353820,1,1787148960,1787499180,リヒテンシュタイン 女性も国家元首可能に 欧州で転換進む,https://news.web.nhk/newsweb/na/nd-20260817de44439
https://news.web.nhk/newsweb/na/nd-20260817de44446,スポーツ,350280,1,1787148960,1787495640,レッドソックス吉田正尚 左ふともも裏負傷でけが人リスト入り,https://news.web.nhk/newsweb/na/nd-20260817de44446
https://news.web.nhk/newsweb/na/nd-20260817de44448,国際,353820,1,1787148960,1787499180,ブラジル大統領選挙の選挙戦始まる 現職と前大統領長男が軸に,https://news.web.nhk/newsweb/na/nd-20260817de44448
https://news.web.nhk/newsweb/na/nd-20260817de44449,スポーツ,350280,1,1787148960,1787495640,トミー・ジョンさん死去 ひじのじん帯再建手術に革新 大リーグ,https://news.web.nhk/newsweb/na/nd-20260817de44449
https://news.web.nhk/newsweb/na/nd-20260817de44451,スポーツ,350280,1,1787148960,1787495640,ホワイトソックス 村上宗隆 28号決勝ツーランでチームは3連勝,https://news.web.nhk/newsweb/na/nd-20260817de44451
https://news.web.nhk/newsweb/na/nd-20260817de44453,経済,353820,1,1787148960,1787499180,4-6月のGDP 3期連続のプラスも「個人消費」はマイナスに,https://news.web.nhk/newsweb/na/nd-20260817de44453
https://news.web.nhk/newsweb/na/nd-20260817de44455,スポーツ,350280,1,1787148960,1787495640,ドジャース 大谷翔平 2試合連続ヒットもチームは敗れて2連敗,https://news.web.nhk/newsweb/na/nd-20260817de44455
https://news.web.nhk/newsweb/na/nd-20260817de44456,スポーツ,350280,1,1787148960,1787495640,ブルージェイズ 岡本和真 3試合連続ヒットもチームは敗れる,https://news.web.nhk/newsweb/na/nd-20260817de44456
https://news.web.nhk/newsweb/na/nd-20260817de44458,スポーツ,350280,1,1787148960,1787495640,メッツ 千賀滉大 1イニング2奪三振で無失点 3試合連続セーブ,https://news.web.nhk/newsweb/na/nd-20260817de44458
https://news.web.nhk/newsweb/na/nd-20260817de44464,社会,353820,1,1787148960,1787499180,福岡 粕屋町で住宅火災 2人の遺体発見 住人2人と連絡取れず,https://news.web.nhk/newsweb/na/nd-20260817de44464
https://news.web.nhk/newsweb/na/nd-20260817de44466,経済,353820,1,1787148960,1787499180,【きょうのおはBiz 8月17日（月）】進む麺業界参入 ねらいは,https://news.web.nhk/newsweb/na/nd-20260817de44466
https://news.web.nhk/newsweb/na/nd-20260817de44469,経済,353820,1,1787148960,1787499180,長期金利 2.93％に上昇 インフレ加速の見方 背景に,https://news.web.nhk/newsweb/na/nd-20260817de44469
https://news.web.nhk/newsweb/na/nd-20260817de44472,スポーツ,350280,1,1787148960,1787495640,カブス 鈴木誠也 3試合連続ヒットもチームは敗れる,https://news.web.nhk/newsweb/na/nd-20260817de44472
https://news.web.nhk/newsweb/na/nd-20260817de44479,社会,353820,1,1787148960,1787499180,千葉県内の高速道路 豪雨影響の通行止めすべて解除,https://news.web.nhk/newsweb/na/nd-20260817de44479
https://news.web.nhk/newsweb/na/nd-20260817de44485,社会,353820,1,1787148960,1787499180,愛子さま 半導体物理国際会議の開会式に,https://news.web.nhk/newsweb/na/nd-20260817de44485
https://news.web.nhk/newsweb/na/nd-20260817de44493,国際,353820,1,1787148960,1787499180,アメリカとイランの覚書形骸化 事態打開の糸口見いだせず,https://news.web.nhk/newsweb/na/nd-20260817de44493
https://news.web.nhk/newsweb/na/nd-20260817de44497,経済,353820,1,1787148960,1787499180,株価 値上がりも 上昇幅は限定的,https://news.web.nhk/newsweb/na/nd-20260817de44497
https://news.web.nhk/newsweb/na/nd-20260817de44505,スポーツ,350280,1,1787148960,1787495640,パドレス 松井裕樹 リリーフ登板 1イニングを無失点に,https://news.web.nhk/newsweb/na/nd-20260817de44505
https://news.web.nhk/newsweb/na/nd-20260817de44512,スポーツ,350280,1,1787148960,1787495640,女子ゴルフ 米ツアー最終ラウンド 原英莉花と勝みなみが14位,https://news.web.nhk/newsweb/na/nd-20260817de44512
https://news.web.nhk/newsweb/na/nd-20260817de44513,スポーツ,350280,1,1787148960,1787495640,米男子ゴルフ プレーオフ第1戦最終日 松山英樹7位 久常涼52位,https://news.web.nhk/newsweb/na/nd-20260817de44513
https://news.web.nhk/newsweb/na/nd-20260817de44528,経済,353820,1,1787148960,1787499180,ANAとJAL 国内線維持で協調へ 初のダイヤ調整 【Ｑ＆Ａ】,https://news.web.nhk/newsweb/na/nd-20260817de44528
https://news.web.nhk/newsweb/na/nd-20260817de44529,国際,437940,1,1787148960,1787583300,【詳細】ロシア ウクライナに軍事侵攻（8月18日の動き）,https://news.web.nhk/newsweb/na/nd-20260817de44529
https://news.web.nhk/newsweb/na/nd-20260817de44539,国際,524520,1,1787148960,1787669880,【詳細】ロシア ウクライナに軍事侵攻（8月19日の動き）,https://news.web.nhk/newsweb/na/nd-20260817de44539
https://news.web.nhk/newsweb/na/nd-20260817de44540,国際,353820,1,1787148960,1787499180,東南アジア主要国GDP イラン情勢などで多くの国で伸び率縮小,https://news.web.nhk/newsweb/na/nd-20260817de44540
https://news.web.nhk/newsweb/na/nd-20260817de44541,国際,543900,1,1787215920,1787756220,【詳細】ロシア ウクライナに軍事侵攻（8月20日の動き）,https://news.web.nhk/newsweb/na/nd-20260817de44541
https://news.web.nhk/newsweb/na/nd-20260817de44546,国際,530880,1,1787295780,1787823060,【詳細】ロシア ウクライナに軍事侵攻（8月21日の動き）,https://news.web.nhk/newsweb/na/nd-20260817de44546
https://news.web.nhk/newsweb/na/nd-20260817de44547,政治,353820,1,1787148960,1787499180,福岡県議会 議長の辞職勧告決議案 採決行われず 中止動議受け,https://news.web.nhk/newsweb/na/nd-20260817de44547
https://news.web.nhk/newsweb/na/nd-20260817de44549,国際,534840,1,1787363160,1787894400,【詳細】ロシア ウクライナに軍事侵攻（8月22日の動き）,https://news.web.nhk/newsweb/na/nd-20260817de44549
https://news.web.nhk/newsweb/na/nd-20260817de44551,国際,532500,1,1787484660,1788013560,【詳細】ロシア ウクライナに軍事侵攻（8月23日の動き）,https://news.web.nhk/newsweb/na/nd-20260817de44551
https://news.web.nhk/newsweb/na/nd-20260817de44552,国際,541980,1,1787555760,1788094140,【詳細】ロシア ウクライナに軍事侵攻（8月24日の動き）,https://news.web.nhk/newsweb/na/nd-20260817de44552
https://news.web.nhk/newsweb/na/nd-20260817de44556,社会,353820,1,1787148960,1787499180,千葉 大雨影響で放射性廃液漏れ出したか“環境への影響なし”,https://news.web.nhk/newsweb/na/nd-20260817de44556
https://news.web.nhk/newsweb/na/nd-20260817de44565,国際,542400,1,1787644500,1788183300,【詳細】ロシア ウクライナに軍事侵攻（8月25日の動き）,https://news.web.nhk/newsweb/na/nd-20260817de44565
https://news.web.nhk/newsweb/na/nd-20260817de44567,国際,533220,1,1787744400,1788274020,【詳細】ロシア ウクライナに軍事侵攻（8月26日の動き）,https://news.web.nhk/newsweb/na/nd-20260817de44567
https://news.web.nhk/newsweb/na/nd-20260817de44568,国際,500520,1,1787862060,1788358980,【詳細】ロシア ウクライナに軍事侵攻（8月27日の動き）,https://news.web.nhk/newsweb/na/nd-20260817de44568
https://news.web.nhk/newsweb/na/nd-20260817de44572,国際,400020,0,1788071640,1788471660,【詳細】ロシア ウクライナに軍事侵攻（8月29日の動き）,https://news.web.nhk/newsweb/na/nd-20260817de44572
https://news.web.nhk/newsweb/na/nd-20260817de44576,社会,353820,1,1787148960,1787499180,お盆の鉄道利用者前年並み 九州では熊本地震の影響で2割ほど減,https://news.web.nhk/newsweb/na/nd-20260817de44576
https://news.web.nhk/newsweb/na/nd-20260817de44594,国際,353820,1,1787148960,1787499180,江沢民元国家主席の生誕100年 習主席が党の統治正統性を強調か,https://news.web.nhk/newsweb/na/nd-20260817de44594
https://news.web.nhk/newsweb/na/nd-20260817de44609,政治,353820,1,1787148960,1787499180,高市首相 都内の病院で手の検査など受ける,https://news.web.nhk/newsweb/na/nd-20260817de44609
https://news.web.nhk/newsweb/na/nd-20260817de44614,社会,353820,1,1787148960,1787499180,新潟 北区 海で溺れ11歳の小学生男児が死亡,https://news.web.nhk/newsweb/na/nd-20260817de44614
https://news.web.nhk/newsweb/na/nd-20260817de44617,経済,353820,1,1787148960,1787499180,円相場 値上がり 1ドル＝158円台後半,https://news.web.nhk/newsweb/na/nd-20260817de44617
https://news.web.nhk/newsweb/na/nd-20260817de44622,スポーツ,350280,1,1787148960,1787495640,横浜高校野球部の元監督 渡辺元智さん死去 81歳 春夏計5回優勝,https://news.web.nhk/newsweb/na/nd-20260817de44622
https://news.web.nhk/newsweb/na/nd-20260817de44632,政治,353820,1,1787148960,1787499180,木原官房長官 熊本地震 8月中にも政府の支援策まとめたい考え,https://news.web.nhk/newsweb/na/nd-20260817de44632
https://news.web.nhk/newsweb/na/nd-20260817de44637,国際,353820,1,1787148960,1787499180,中国 7月の「小売売上高」 去年同月比＋0.6％ 内需の停滞続く,https://news.web.nhk/newsweb/na/nd-20260817de44637
https://news.web.nhk/newsweb/na/nd-20260817de44640,社会,353820,1,1787148960,1787499180,【動画】停電続く総合病院 電気設備がある地下に水が,https://news.web.nhk/newsweb/na/nd-20260817de44640
https://news.web.nhk/newsweb/na/nd-20260817de44641,社会,437940,1,1787148960,1787583300,【動画】Pickup NEWS（8月18日）,https://news.web.nhk/newsweb/na/nd-20260817de44641
https://news.web.nhk/newsweb/na/nd-20260817de44642,社会,353820,1,1787148960,1787499180,東京高検検事長に松本裕氏が就任「フェアに捜査する姿勢を」,https://news.web.nhk/newsweb/na/nd-20260817de44642
https://news.web.nhk/newsweb/na/nd-20260817de44646,国際,353820,1,1787148960,1787499180,インドネシア東部地震 独立記念日の式典で犠牲者に祈り,https://news.web.nhk/newsweb/na/nd-20260817de44646
https://news.web.nhk/newsweb/na/nd-20260817de44647,社会,437940,1,1787148960,1787583300,熊本 南九州道 八代南IC-田浦IC 通行止め解除【被災地の動き】,https://news.web.nhk/newsweb/na/nd-20260817de44647
https://news.web.nhk/newsweb/na/nd-20260817de44648,政治,353820,1,1787148960,1787499180,上野厚労相 熊本視察「雇用調整助成金」特例適用検討急ぐ考え,https://news.web.nhk/newsweb/na/nd-20260817de44648
https://news.web.nhk/newsweb/na/nd-20260817de44650,経済,437940,1,1787148960,1787583300,ネット証券各社 米取引時間拡大受け 米国株売買対応広げる方針,https://news.web.nhk/newsweb/na/nd-20260817de44650
https://news.web.nhk/newsweb/na/nd-20260817de44651,スポーツ,350280,1,1787148960,1787495640,サッカー女子 WEリーグ 6年目シーズン開幕前に選手たちが抱負,https://news.web.nhk/newsweb/na/nd-20260817de44651
https://news.web.nhk/newsweb/na/nd-20260817de44652,スポーツ,437940,1,1787148960,1787583300,高校野球 夏の甲子園【大会13日目 準々決勝の見どころ】,https://news.web.nhk/newsweb/na/nd-20260817de44652
https://news.web.nhk/newsweb/na/nd-20260817de44656,社会,353820,1,1787148960,1787499180,東急世田谷線 遮断機が上がったまま列車が通過 けが人なし,https://news.web.nhk/newsweb/na/nd-20260817de44656
https://news.web.nhk/newsweb/na/nd-20260817de44657,国際,353820,1,1787148960,1787499180,韓国与党「共に民主党」代表にイ大統領の側近選出　,https://news.web.nhk/newsweb/na/nd-20260817de44657
https://news.web.nhk/newsweb/na/nd-20260817de44659,社会,437940,1,1787148960,1787583300,千葉豪雨 新たに2人の死亡確認 死者13人に 浸水被害は2314棟,https://news.web.nhk/newsweb/na/nd-20260817de44659
https://news.web.nhk/newsweb/na/nd-20260817de44662,社会,437940,1,1787148960,1787583300,熊本地震3週間 3000人以上避難所に 高市首相と熊本県知事会談,https://news.web.nhk/newsweb/na/nd-20260817de44662
https://news.web.nhk/newsweb/na/nd-20260817de44664,国際,437940,1,1787148960,1787583300,ロシア外相“駐ロ日本大使呼び出し” 日本側“18日に応じる”,https://news.web.nhk/newsweb/na/nd-20260817de44664
https://news.web.nhk/newsweb/na/nd-20260817de44666,国際,437940,1,1787148960,1787583300,ガザ地区の和平計画 イスラエル首相がアメリカ側と協議,https://news.web.nhk/newsweb/na/nd-20260817de44666
https://news.web.nhk/newsweb/na/nd-20260817de44667,国際,437940,1,1787148960,1787583300,米大統領「急いでいない」イラン高官“不履行なら攻撃開始”,https://news.web.nhk/newsweb/na/nd-20260817de44667
https://news.web.nhk/newsweb/na/nd-20260817de44669,経済,437940,1,1787148960,1787583300,楽天グループ 迎撃ドローン開発手がけるドイツ新興企業と提携,https://news.web.nhk/newsweb/na/nd-20260817de44669
https://news.web.nhk/newsweb/na/nd-20260818de44672,国際,437940,1,1787148960,1787583300,米30年債利回り19年ぶり高水準 インフレ再加速へ警戒感,https://news.web.nhk/newsweb/na/nd-20260818de44672
https://news.web.nhk/newsweb/na/nd-20260818de44672,経済,437940,1,1787148960,1787583300,米30年債利回り19年ぶり高水準 インフレ再加速へ警戒感,https://news.web.nhk/newsweb/na/nd-20260818de44672
https://news.web.nhk/newsweb/na/nd-20260818de44673,国際,437940,1,1787148960,1787583300,ロシア野党勢力幹部に禁錮11年余判決 「軍の信用失墜」などで,https://news.web.nhk/newsweb/na/nd-20260818de44673
https://news.web.nhk/newsweb/na/nd-20260818de44677,国際,437940,1,1787148960,1787583300,トランプ大統領 “北朝鮮 対話呼びかけに対し非常に前向き”,https://news.web.nhk/newsweb/na/nd-20260818de44677
https://news.web.nhk/newsweb/na/nd-20260818de44678,政治,437940,1,1787148960,1787583300,高市首相動静 2026年8月17日,https://news.web.nhk/newsweb/na/nd-20260818de44678
https://news.web.nhk/newsweb/na/nd-20260818de44679,経済,437940,1,1787148960,1787583300,長期金利 2.945％に上昇 インフレ加速か 国債売る動き強まる,https://news.web.nhk/newsweb/na/nd-20260818de44679
https://news.web.nhk/newsweb/na/nd-20260818de44680,スポーツ,437940,1,1787148960,1787583300,高校野球 天理が完封勝利でベスト4一番乗り,https://news.web.nhk/newsweb/na/nd-20260818de44680
https://news.web.nhk/newsweb/na/nd-20260818de44681,スポーツ,437940,1,1787148960,1787583300,高校野球 智弁和歌山の打線が奮起 仙台育英に勝ってベスト4,https://news.web.nhk/newsweb/na/nd-20260818de44681
https://news.web.nhk/newsweb/na/nd-20260818de44682,経済,437940,1,1787148960,1787583300,【きょうのおはBiz 8月18日（火）】ANA・JAL協調へ 背景は？,https://news.web.nhk/newsweb/na/nd-20260818de44682
https://news.web.nhk/newsweb/na/nd-20260818de44683,国際,437940,1,1787148960,1787583300,米クシュナー氏が中東訪問 ハマスの武装解除 早期進展に期待,https://news.web.nhk/newsweb/na/nd-20260818de44683
https://news.web.nhk/newsweb/na/nd-20260818de44689,社会,437940,1,1787148960,1787583300,ふるさと納税の牛肉産地不適正表示疑い 畜産会社元取締役逮捕,https://news.web.nhk/newsweb/na/nd-20260818de44689
https://news.web.nhk/newsweb/na/nd-20260818de44690,社会,437940,1,1787148960,1787583300,熊本地震 住宅修理に関するトラブルに注意【専門家Q＆A】,https://news.web.nhk/newsweb/na/nd-20260818de44690
https://news.web.nhk/newsweb/na/nd-20260818de44693,スポーツ,749040,1,1787148960,1787894400,夏の甲子園 全試合をハイライト動画で【準々決勝から決勝】,https://news.web.nhk/newsweb/na/nd-20260818de44693
https://news.web.nhk/newsweb/na/nd-20260818de44696,社会,437940,1,1787148960,1787583300,お笑い 「四千頭身」メンバー 迷惑防止条例違反などで書類送検,https://news.web.nhk/newsweb/na/nd-20260818de44696
https://news.web.nhk/newsweb/na/nd-20260818de44698,スポーツ,437940,1,1787148960,1787583300,ドジャース大谷2打席連続HR 6年連続30号にあと1本,https://news.web.nhk/newsweb/na/nd-20260818de44698
https://news.web.nhk/newsweb/na/nd-20260818de44701,経済,437940,1,1787148960,1787583300,米国産ジャガイモ輸入解禁“容認できず”JA北海道中央会,https://news.web.nhk/newsweb/na/nd-20260818de44701
https://news.web.nhk/newsweb/na/nd-20260818de44703,経済,437940,1,1787148960,1787583300,株価 大きく値下がり 半導体関連の銘柄を中心に売り注文,https://news.web.nhk/newsweb/na/nd-20260818de44703
https://news.web.nhk/newsweb/na/nd-20260818de44707,社会,437940,1,1787148960,1787583300,横浜 交際相手の2歳長男に傷害容疑で会社員逮捕 長男は死亡,https://news.web.nhk/newsweb/na/nd-20260818de44707
https://news.web.nhk/newsweb/na/nd-20260818de44710,社会,437940,1,1787148960,1787583300,大阪 道頓堀ビル火災から1年 現場近くのビルで消防訓練,https://news.web.nhk/newsweb/na/nd-20260818de44710
https://news.web.nhk/newsweb/na/nd-20260818de44716,政治,437940,1,1787148960,1787583300,高市首相動静 2026年8月14日から16日,https://news.web.nhk/newsweb/na/nd-20260818de44716
https://news.web.nhk/newsweb/na/nd-20260818de44722,スポーツ,437940,1,1787148960,1787583300,アジア大会の聖火リレー前に東京で採火式,https://news.web.nhk/newsweb/na/nd-20260818de44722
https://news.web.nhk/newsweb/na/nd-20260818de44723,社会,437940,1,1787148960,1787583300,作曲家 久石譲さんの公演 3つの「ギネス世界記録」に認定,https://news.web.nhk/newsweb/na/nd-20260818de44723
https://news.web.nhk/newsweb/na/nd-20260818de44728,政治,437940,1,1787148960,1787583300,高市首相 熊本地震で知事らと会談 地元の要望踏まえ支援策,https://news.web.nhk/newsweb/na/nd-20260818de44728
https://news.web.nhk/newsweb/na/nd-20260818de44743,社会,437940,1,1787148960,1787583300,那覇空港 自衛隊戦闘機が着陸時に機体トラブル 旅客機40便影響,https://news.web.nhk/newsweb/na/nd-20260818de44743
https://news.web.nhk/newsweb/na/nd-20260818de44751,国際,437940,1,1787148960,1787583300,太平洋のクロマグロ漁獲枠 来年から2年間 大型魚25％増で合意,https://news.web.nhk/newsweb/na/nd-20260818de44751
https://news.web.nhk/newsweb/na/nd-20260818de44751,経済,437940,1,1787148960,1787583300,太平洋のクロマグロ漁獲枠 来年から2年間 大型魚25％増で合意,https://news.web.nhk/newsweb/na/nd-20260818de44751
https://news.web.nhk/newsweb/na/nd-20260818de44765,スポーツ,437940,1,1787148960,1787583300,カブス 鈴木22号 先発の今永も6回3失点でチーム連敗止める,https://news.web.nhk/newsweb/na/nd-20260818de44765
https://news.web.nhk/newsweb/na/nd-20260818de44766,スポーツ,437940,1,1787148960,1787583300,バレーボール日本男子 五輪出場権かかるアジア選手権へ決意,https://news.web.nhk/newsweb/na/nd-20260818de44766
https://news.web.nhk/newsweb/na/nd-20260818de44767,スポーツ,437940,1,1787148960,1787583300,高校野球 横浜が花巻東に勝利 ベスト4へ エース織田翔希が完封,https://news.web.nhk/newsweb/na/nd-20260818de44767
https://news.web.nhk/newsweb/na/nd-20260818de44770,国際,437940,1,1787148960,1787583300,コロンビア地震“経済損失1.5兆円余”シャキーラさん支援表明,https://news.web.nhk/newsweb/na/nd-20260818de44770
https://news.web.nhk/newsweb/na/nd-20260818de44773,国際,437940,1,1787148960,1787583300,米トルコ首脳が電話会談 エルドアン氏“イランと協議継続を”,https://news.web.nhk/newsweb/na/nd-20260818de44773
https://news.web.nhk/newsweb/na/nd-20260818de44774,スポーツ,524520,1,1787148960,1787669880,高校野球 夏の甲子園 準決勝へ前日練習 【試合の見どころも】,https://news.web.nhk/newsweb/na/nd-20260818de44774
https://news.web.nhk/newsweb/na/nd-20260818de44779,政治,437940,1,1787148960,1787583300,政府 子ども自殺対策で臨時相談窓口開設へ 来週26日から,https://news.web.nhk/newsweb/na/nd-20260818de44779
https://news.web.nhk/newsweb/na/nd-20260818de44779,社会,437940,1,1787148960,1787583300,政府 子ども自殺対策で臨時相談窓口開設へ 来週26日から,https://news.web.nhk/newsweb/na/nd-20260818de44779
https://news.web.nhk/newsweb/na/nd-20260818de44794,社会,437940,1,1787148960,1787583300,ANAとJALが初のダイヤ調整を正式発表,https://news.web.nhk/newsweb/na/nd-20260818de44794
https://news.web.nhk/newsweb/na/nd-20260818de44804,政治,437940,1,1787148960,1787583300,政府 日本で暮らす外国人の学習プログラム創設へ検討開始,https://news.web.nhk/newsweb/na/nd-20260818de44804
https://news.web.nhk/newsweb/na/nd-20260818de44825,国際,437940,1,1787148960,1787583300,日豪防衛相会談 インド太平洋地域の抑止力向上へ連携強化確認,https://news.web.nhk/newsweb/na/nd-20260818de44825
https://news.web.nhk/newsweb/na/nd-20260818de44825,政治,437940,1,1787148960,1787583300,日豪防衛相会談 インド太平洋地域の抑止力向上へ連携強化確認,https://news.web.nhk/newsweb/na/nd-20260818de44825
https://news.web.nhk/newsweb/na/nd-20260818de44828,社会,524520,1,1787148960,1787669880,熊本地震 災害関連死の疑い含め39人死亡 避難所に2966人避難,https://news.web.nhk/newsweb/na/nd-20260818de44828
https://news.web.nhk/newsweb/na/nd-20260818de44835,社会,437940,1,1787148960,1787583300,路上に置かれた車への衝突事故 千葉市内で少なくとも8件,https://news.web.nhk/newsweb/na/nd-20260818de44835
https://news.web.nhk/newsweb/na/nd-20260818de44836,暮らし,441360,1,1787148960,1787586720,明治 「きのこの山」「たけのこの里」などのお菓子 値上げへ,https://news.web.nhk/newsweb/na/nd-20260818de44836
https://news.web.nhk/newsweb/na/nd-20260818de44836,経済,437940,1,1787148960,1787583300,明治 「きのこの山」「たけのこの里」などのお菓子 値上げへ,https://news.web.nhk/newsweb/na/nd-20260818de44836
https://news.web.nhk/newsweb/na/nd-20260818de44837,社会,437940,1,1787148960,1787583300,高市首相 千葉豪雨で普通交付税の繰り上げ交付を指示,https://news.web.nhk/newsweb/na/nd-20260818de44837
https://news.web.nhk/newsweb/na/nd-20260818de44842,政治,437940,1,1787148960,1787583300,中道 小川代表 立民・公明との合流“責任持って結論出す”,https://news.web.nhk/newsweb/na/nd-20260818de44842
https://news.web.nhk/newsweb/na/nd-20260818de44844,国際,437940,1,1787148960,1787583300,中国外相 19日から韓国訪問 朝鮮半島情勢など意見交換へ,https://news.web.nhk/newsweb/na/nd-20260818de44844
https://news.web.nhk/newsweb/na/nd-20260818de44846,社会,437940,1,1787148960,1787583300,熊本地震 「井戸水の町」八代市 井戸の復旧追いつかず,https://news.web.nhk/newsweb/na/nd-20260818de44846
https://news.web.nhk/newsweb/na/nd-20260818de44847,科学・文化,441360,1,1787148960,1787586720,NHK杯全国中学校放送コンテスト決勝 各部門の最優秀賞選ばれる,https://news.web.nhk/newsweb/na/nd-20260818de44847
https://news.web.nhk/newsweb/na/nd-20260818de44849,経済,437940,1,1787148960,1787583300,円相場 値下がり 原油先物価格の上昇受けドル買いの動き,https://news.web.nhk/newsweb/na/nd-20260818de44849
https://news.web.nhk/newsweb/na/nd-20260818de44851,経済,437940,1,1787148960,1787583300,コマツ元社長 坂根正弘氏死去 85歳 経団連副会長も歴任,https://news.web.nhk/newsweb/na/nd-20260818de44851
https://news.web.nhk/newsweb/na/nd-20260818de44857,スポーツ,524520,1,1787148960,1787669880,高校野球 健大高崎が有明に延長の末サヨナラ勝ち 初のベスト4,https://news.web.nhk/newsweb/na/nd-20260818de44857
https://news.web.nhk/newsweb/na/nd-20260818de44872,社会,437940,1,1787148960,1787583300,熊本地震から3週間 “見えない避難者”半数以上が体調悪化,https://news.web.nhk/newsweb/na/nd-20260818de44872
https://news.web.nhk/newsweb/na/nd-20260818de44873,国際,437940,1,1787148960,1787583300,ロシア外務省が日本大使に抗議 日本大使館「立場 適切に説明」,https://news.web.nhk/newsweb/na/nd-20260818de44873
https://news.web.nhk/newsweb/na/nd-20260818de44873,政治,437940,1,1787148960,1787583300,ロシア外務省が日本大使に抗議 日本大使館「立場 適切に説明」,https://news.web.nhk/newsweb/na/nd-20260818de44873
https://news.web.nhk/newsweb/na/nd-20260818de44878,スポーツ,437940,1,1787148960,1787583300,“審判員に性的接待”報道 JFA宮本会長「事実確認進めている」,https://news.web.nhk/newsweb/na/nd-20260818de44878
https://news.web.nhk/newsweb/na/nd-20260818de44878,社会,437940,1,1787148960,1787583300,“審判員に性的接待”報道 JFA宮本会長「事実確認進めている」,https://news.web.nhk/newsweb/na/nd-20260818de44878
https://news.web.nhk/newsweb/na/nd-20260818de44881,社会,524520,1,1787148960,1787669880,【動画】Pickup NEWS（8月19日）,https://news.web.nhk/newsweb/na/nd-20260818de44881
https://news.web.nhk/newsweb/na/nd-20260818de44892,スポーツ,437940,1,1787148960,1787583300,横浜高野球部元監督 渡辺元智さん死去 プロで活躍のOBなど心境,https://news.web.nhk/newsweb/na/nd-20260818de44892
https://news.web.nhk/newsweb/na/nd-20260818de44893,国際,437940,1,1787148960,1787583300,“英首相が米大統領首席補佐官装う人物とメッセージ”報道,https://news.web.nhk/newsweb/na/nd-20260818de44893
https://news.web.nhk/newsweb/na/nd-20260818de44899,社会,437940,1,1787148960,1787583300,千葉市 豪雨による路上の約2500台の車 19日にも移動完了見通し,https://news.web.nhk/newsweb/na/nd-20260818de44899
https://news.web.nhk/newsweb/na/nd-20260818de44900,社会,437940,1,1787148960,1787583300,秋篠宮ご夫妻 パラグアイに向けて出発,https://news.web.nhk/newsweb/na/nd-20260818de44900
https://news.web.nhk/newsweb/na/nd-20260818de44901,スポーツ,437940,1,1787148960,1787583300,ロス五輪出場権 日本勢で最初の獲得 新体操のメンバーが帰国,https://news.web.nhk/newsweb/na/nd-20260818de44901
https://news.web.nhk/newsweb/na/nd-20260818de44902,スポーツ,437940,1,1787148960,1787583300,【プロ野球結果】阪神 9回に連続ホームランで逆転サヨナラ勝ち,https://news.web.nhk/newsweb/na/nd-20260818de44902
https://news.web.nhk/newsweb/na/nd-20260818de44903,社会,437940,1,1787148960,1787583300,両陛下 空海ゆかりの名宝を集めた特別展に,https://news.web.nhk/newsweb/na/nd-20260818de44903
https://news.web.nhk/newsweb/na/nd-20260818de44905,政治,437940,1,1787148960,1787583300,"高市首相 沖縄の小中学生記者と面会 ""沖縄の魅力発信を""",https://news.web.nhk/newsweb/na/nd-20260818de44905
https://news.web.nhk/newsweb/na/nd-20260818de44907,国際,524520,1,1787148960,1787669880,ウクライナ東部にロシアのミサイル着弾 10人死亡 応酬続く,https://news.web.nhk/newsweb/na/nd-20260818de44907
https://news.web.nhk/newsweb/na/nd-20260818de44908,国際,524520,1,1787148960,1787669880,【詳細】トランプ氏 海峡は「新たな米領」 イランも強気の姿勢,https://news.web.nhk/newsweb/na/nd-20260818de44908
https://news.web.nhk/newsweb/na/nd-20260818de44913,社会,524520,1,1787148960,1787669880,【地震情報】熊本で震度3 津波の心配なし,https://news.web.nhk/newsweb/na/nd-20260818de44913
https://news.web.nhk/newsweb/na/nd-20260819de44918,政治,524520,1,1787148960,1787669880,"茂木外相 イエメン和平の重要性訴え ""国家元首”と会談",https://news.web.nhk/newsweb/na/nd-20260819de44918
https://news.web.nhk/newsweb/na/nd-20260819de44919,国際,524520,1,1787148960,1787669880,「米韓合同軍事演習 規模を大幅縮小へ」韓国メディア,https://news.web.nhk/newsweb/na/nd-20260819de44919
https://news.web.nhk/newsweb/na/nd-20260819de44920,国際,610860,1,1787148960,1787756220,米トランプ政権 ICC＝国際刑事裁判所 赤根所長を制裁対象に,https://news.web.nhk/newsweb/na/nd-20260819de44920
https://news.web.nhk/newsweb/na/nd-20260819de44922,国際,524520,1,1787148960,1787669880,コンゴ民主共和国でエボラ出血熱死者2300人超 WHOが緊急委員会,https://news.web.nhk/newsweb/na/nd-20260819de44922
https://news.web.nhk/newsweb/na/nd-20260819de44927,国際,524520,1,1787148960,1787669880,世界的に金利上昇 インフレ・財政悪化懸念 IT巨額社債も要因に,https://news.web.nhk/newsweb/na/nd-20260819de44927
https://news.web.nhk/newsweb/na/nd-20260819de44927,経済,524520,1,1787148960,1787669880,世界的に金利上昇 インフレ・財政悪化懸念 IT巨額社債も要因に,https://news.web.nhk/newsweb/na/nd-20260819de44927
https://news.web.nhk/newsweb/na/nd-20260819de44929,主要,3600,1,1787204460,1787204460,【地震速報】茨城県北部で震度3,https://news.web.nhk/newsweb/na/nd-20260819de44929
https://news.web.nhk/newsweb/na/nd-20260819de44930,国際,524520,1,1787148960,1787669880,米ABCテレビが提訴“政権が放送免許更新の審査前倒しで報復”,https://news.web.nhk/newsweb/na/nd-20260819de44930
https://news.web.nhk/newsweb/na/nd-20260819de44931,国際,524520,1,1787148960,1787669880,韓国南部で記録的大雨 住宅への被害など相次ぐ,https://news.web.nhk/newsweb/na/nd-20260819de44931
https://news.web.nhk/newsweb/na/nd-20260819de44933,経済,524520,1,1787148960,1787669880,株価 一時2300円超値下がり 企業業績への懸念で,https://news.web.nhk/newsweb/na/nd-20260819de44933
https://news.web.nhk/newsweb/na/nd-20260819de44934,政治,524520,1,1787148960,1787669880,高市首相動静 2026年8月18日,https://news.web.nhk/newsweb/na/nd-20260819de44934
https://news.web.nhk/newsweb/na/nd-20260819de44935,経済,524520,1,1787148960,1787669880,きょうのおはBiz 8月19日（水） 太平洋クロマグロ漁獲枠増へ,https://news.web.nhk/newsweb/na/nd-20260819de44935
https://news.web.nhk/newsweb/na/nd-20260819de44941,スポーツ,524520,1,1787148960,1787669880,ドジャース 大谷翔平 6年連続30号ホームラン チームは2連勝,https://news.web.nhk/newsweb/na/nd-20260819de44941
https://news.web.nhk/newsweb/na/nd-20260819de44943,社会,524520,1,1787148960,1787669880,万博工事費水増しし自宅改修か 竹中工務店社員 背任容疑で逮捕,https://news.web.nhk/newsweb/na/nd-20260819de44943
https://news.web.nhk/newsweb/na/nd-20260819de44953,スポーツ,524520,1,1787148960,1787669880,レッドソックス吉田 けがは「深刻」 復帰は早くても今季終盤か,https://news.web.nhk/newsweb/na/nd-20260819de44953
https://news.web.nhk/newsweb/na/nd-20260819de44958,スポーツ,524520,1,1787148960,1787669880,ブルージェイズ 岡本和真 17試合ぶりの25号ホームラン,https://news.web.nhk/newsweb/na/nd-20260819de44958
https://news.web.nhk/newsweb/na/nd-20260819de44961,国際,524520,1,1787148960,1787669880,トランプ大統領 秋にも米朝首脳会談を側近らに要求 米報道,https://news.web.nhk/newsweb/na/nd-20260819de44961
https://news.web.nhk/newsweb/na/nd-20260819de44964,国際,524520,1,1787148960,1787669880,韓国軍「米韓合同軍事演習 21日まで」 期間半分程度に短縮発表,https://news.web.nhk/newsweb/na/nd-20260819de44964
https://news.web.nhk/newsweb/na/nd-20260819de44965,国際,524520,1,1787148960,1787669880,UAE“イランから弾道ミサイル2発発射” イラン側は関与否定,https://news.web.nhk/newsweb/na/nd-20260819de44965
https://news.web.nhk/newsweb/na/nd-20260819de44966,政治,524520,1,1787148960,1787669880,鈴木農相が豪雨被害の千葉県の農地を視察,https://news.web.nhk/newsweb/na/nd-20260819de44966
https://news.web.nhk/newsweb/na/nd-20260819de44968,政治,524520,1,1787148960,1787669880,AI学習データの公表要請の基本原則案 今秋にも適用へ,https://news.web.nhk/newsweb/na/nd-20260819de44968
https://news.web.nhk/newsweb/na/nd-20260819de44970,経済,524520,1,1787148960,1787669880,長期金利 一時2.9％を下回る水準に低下,https://news.web.nhk/newsweb/na/nd-20260819de44970
https://news.web.nhk/newsweb/na/nd-20260819de44973,社会,524520,1,1787148960,1787669880,世田谷ストーカー殺人事件 韓国籍被告の初公判 殺人は無罪主張,https://news.web.nhk/newsweb/na/nd-20260819de44973
https://news.web.nhk/newsweb/na/nd-20260819de44976,国際,524520,1,1787148960,1787669880,オープンAIが18歳未満対象にChatGPTの対策強化へ,https://news.web.nhk/newsweb/na/nd-20260819de44976
https://news.web.nhk/newsweb/na/nd-20260819de44980,社会,524520,1,1787148960,1787669880,俳優の岸惠子さん死去 93歳 映画「君の名は」など出演,https://news.web.nhk/newsweb/na/nd-20260819de44980
https://news.web.nhk/newsweb/na/nd-20260819de44981,社会,524520,1,1787148960,1787669880,千葉豪雨 停電続くマンション 住民“一日も早い復旧を”,https://news.web.nhk/newsweb/na/nd-20260819de44981
https://news.web.nhk/newsweb/na/nd-20260819de44985,主要,23700,1,1787148960,1787169060,車水没 ドラレコに記録 「このまま行けると思ったが…」,https://news.web.nhk/newsweb/na/nd-20260819de44985
https://news.web.nhk/newsweb/na/nd-20260819de44985,社会,524520,1,1787148960,1787669880,車水没 ドラレコに記録 「このまま行けると思ったが…」,https://news.web.nhk/newsweb/na/nd-20260819de44985
https://news.web.nhk/newsweb/na/nd-20260819de45003,社会,524520,1,1787148960,1787669880,暑さから子どもたちを守る 夏休み中の「学童保育」 対策は?,https://news.web.nhk/newsweb/na/nd-20260819de45003
https://news.web.nhk/newsweb/na/nd-20260819de45008,政治,524520,1,1787148960,1787669880,“離島からの避難計画など丁寧な説明を” 知事会が政府に提言,https://news.web.nhk/newsweb/na/nd-20260819de45008
https://news.web.nhk/newsweb/na/nd-20260819de45027,主要,12660,1,1787148960,1787158020,台風18号発生 非常に強い勢力に発達見込み 影響出るおそれも,https://news.web.nhk/newsweb/na/nd-20260819de45027
https://news.web.nhk/newsweb/na/nd-20260819de45028,社会,524520,1,1787148960,1787669880,千葉豪雨 冠水道路で死亡の男性 知人「地域のために働く人」,https://news.web.nhk/newsweb/na/nd-20260819de45028
https://news.web.nhk/newsweb/na/nd-20260819de45032,国際,524520,1,1787148960,1787669880,トランプ政権 カナダへの50％追加関税 3日間猶予を発表,https://news.web.nhk/newsweb/na/nd-20260819de45032
https://news.web.nhk/newsweb/na/nd-20260819de45037,社会,524520,1,1787148960,1787669880,大飯原発3号機の発電機停止 原因は 調査で運転再開時期は未定,https://news.web.nhk/newsweb/na/nd-20260819de45037
https://news.web.nhk/newsweb/na/nd-20260819de45037,科学・文化,528000,1,1787148960,1787673360,大飯原発3号機の発電機停止 原因は 調査で運転再開時期は未定,https://news.web.nhk/newsweb/na/nd-20260819de45037
https://news.web.nhk/newsweb/na/nd-20260819de45038,スポーツ,580860,1,1787178960,1787756220,高校野球 智弁和歌山 5年ぶり決勝へ 横浜に逆転勝ち【詳報】,https://news.web.nhk/newsweb/na/nd-20260819de45038
https://news.web.nhk/newsweb/na/nd-20260819de45038,主要,19860,1,1787178960,1787195220,高校野球 智弁和歌山 5年ぶり決勝へ 横浜に逆転勝ち【詳報】,https://news.web.nhk/newsweb/na/nd-20260819de45038
https://news.web.nhk/newsweb/na/nd-20260819de45039,スポーツ,636180,1,1787190480,1787823060,高校野球 健大高崎が初の決勝進出 天理に競り勝つ【詳報】,https://news.web.nhk/newsweb/na/nd-20260819de45039
https://news.web.nhk/newsweb/na/nd-20260819de45039,主要,12840,1,1787195220,1787204460,高校野球 健大高崎が初の決勝進出 天理に競り勝つ【詳報】,https://news.web.nhk/newsweb/na/nd-20260819de45039
https://news.web.nhk/newsweb/na/nd-20260819de45056,スポーツ,524520,1,1787148960,1787669880,ホワイトソックス村上宗隆 29号ホームラン シーズン30号に王手,https://news.web.nhk/newsweb/na/nd-20260819de45056
https://news.web.nhk/newsweb/na/nd-20260819de45066,社会,524520,1,1787148960,1787669880,佳子さま 沖縄の「豆記者」と懇談,https://news.web.nhk/newsweb/na/nd-20260819de45066
https://news.web.nhk/newsweb/na/nd-20260819de45067,社会,524520,1,1787148960,1787669880,宮崎 小林 眼科医院の駐車場で車突っ込む 女性死亡,https://news.web.nhk/newsweb/na/nd-20260819de45067
https://news.web.nhk/newsweb/na/nd-20260819de45070,スポーツ,524520,1,1787148960,1787669880,アジア大会 日本選手団の結団式 旗手の藤波朱理が意気込み,https://news.web.nhk/newsweb/na/nd-20260819de45070
https://news.web.nhk/newsweb/na/nd-20260819de45073,スポーツ,524520,1,1787148960,1787669880,天皇皇后両陛下 アジア大会開会式出席で9月に愛知県へ,https://news.web.nhk/newsweb/na/nd-20260819de45073
https://news.web.nhk/newsweb/na/nd-20260819de45073,社会,524520,1,1787148960,1787669880,天皇皇后両陛下 アジア大会開会式出席で9月に愛知県へ,https://news.web.nhk/newsweb/na/nd-20260819de45073
https://news.web.nhk/newsweb/na/nd-20260819de45075,社会,524520,1,1787148960,1787669880,解約後も請求続く服レンタル業者 国民生活センターが注意喚起,https://news.web.nhk/newsweb/na/nd-20260819de45075
https://news.web.nhk/newsweb/na/nd-20260819de45080,主要,15120,1,1787178960,1787190480,フェルメール代表作「真珠の耳飾りの少女」14年ぶり来日公開へ,https://news.web.nhk/newsweb/na/nd-20260819de45080
https://news.web.nhk/newsweb/na/nd-20260819de45080,国際,580860,1,1787178960,1787756220,フェルメール代表作「真珠の耳飾りの少女」14年ぶり来日公開へ,https://news.web.nhk/newsweb/na/nd-20260819de45080
https://news.web.nhk/newsweb/na/nd-20260819de45080,科学・文化,580860,1,1787178960,1787756220,フェルメール代表作「真珠の耳飾りの少女」14年ぶり来日公開へ,https://news.web.nhk/newsweb/na/nd-20260819de45080
https://news.web.nhk/newsweb/na/nd-20260819de45091,社会,524520,1,1787148960,1787669880,埼玉 交通トラブル相手の車 踏切内閉じ込めか 殺人未遂で逮捕,https://news.web.nhk/newsweb/na/nd-20260819de45091
https://news.web.nhk/newsweb/na/nd-20260819de45099,科学・文化,528000,1,1787148960,1787673360,火星衛星探査機「MMX」 10月20日に打ち上げで調整,https://news.web.nhk/newsweb/na/nd-20260819de45099
https://news.web.nhk/newsweb/na/nd-20260819de45101,国際,524520,1,1787148960,1787669880,7月の訪日客数 中国からは大幅減も全体では4か月ぶりに増加,https://news.web.nhk/newsweb/na/nd-20260819de45101
https://news.web.nhk/newsweb/na/nd-20260819de45101,経済,524520,1,1787148960,1787669880,7月の訪日客数 中国からは大幅減も全体では4か月ぶりに増加,https://news.web.nhk/newsweb/na/nd-20260819de45101
https://news.web.nhk/newsweb/na/nd-20260819de45104,スポーツ,524520,1,1787148960,1787669880,日本代表GK 鈴木彩艶がプレミアリーグ アストンビラに移籍へ,https://news.web.nhk/newsweb/na/nd-20260819de45104
https://news.web.nhk/newsweb/na/nd-20260819de45108,経済,524520,1,1787148960,1787669880,円相場 値上がり アメリカの金利低下受けドル売り円買い進む,https://news.web.nhk/newsweb/na/nd-20260819de45108
https://news.web.nhk/newsweb/na/nd-20260819de45109,社会,524520,1,1787148960,1787669880,千葉県は豪雨の死者・行方不明者の氏名は公表せず,https://news.web.nhk/newsweb/na/nd-20260819de45109
https://news.web.nhk/newsweb/na/nd-20260819de45120,国際,524520,1,1787148960,1787669880,プーチン大統領の択捉島訪問受け元島民団体などが外務省に要請,https://news.web.nhk/newsweb/na/nd-20260819de45120
https://news.web.nhk/newsweb/na/nd-20260819de45123,政治,524520,1,1787148960,1787669880,福岡県議会 藏内議長「しかるべき時 議長辞職」議員辞職は否定,https://news.web.nhk/newsweb/na/nd-20260819de45123
https://news.web.nhk/newsweb/na/nd-20260819de45124,国際,524520,1,1787148960,1787669880,英供与の無人機で攻撃か ロ外相「直接関与と見なす権利ある」,https://news.web.nhk/newsweb/na/nd-20260819de45124
https://news.web.nhk/newsweb/na/nd-20260819de45125,社会,610860,1,1787148960,1787756220,東京 江東区新木場 都営バスとトレーラーが衝突 7人けが,https://news.web.nhk/newsweb/na/nd-20260819de45125
https://news.web.nhk/newsweb/na/nd-20260819de45129,主要,14640,1,1787158020,1787169060,千葉豪雨 浸水面積31平方キロ 山手線内側の半分ほどに達したか,https://news.web.nhk/newsweb/na/nd-20260819de45129
https://news.web.nhk/newsweb/na/nd-20260819de45130,主要,3600,1,1787148960,1787148960,天皇ご一家 千葉豪雨の被災者に 側近通じお見舞い,https://news.web.nhk/newsweb/na/nd-20260819de45130
https://news.web.nhk/newsweb/na/nd-20260819de45130,社会,524520,1,1787148960,1787669880,天皇ご一家 千葉豪雨の被災者に 側近通じお見舞い,https://news.web.nhk/newsweb/na/nd-20260819de45130
https://news.web.nhk/newsweb/na/nd-20260819de45135,国際,524520,1,1787148960,1787669880,中国 ロケット再利用目指し回収成功 米への追い上げ図る,https://news.web.nhk/newsweb/na/nd-20260819de45135
https://news.web.nhk/newsweb/na/nd-20260819de45140,経済,524520,1,1787148960,1787669880,フードデリバリー「menu」終了へ 競争激化で撤退相次ぐ,https://news.web.nhk/newsweb/na/nd-20260819de45140
https://news.web.nhk/newsweb/na/nd-20260819de45141,社会,580860,1,1787178960,1787756220,【動画】Pickup NEWS（8月20日）,https://news.web.nhk/newsweb/na/nd-20260819de45141
https://news.web.nhk/newsweb/na/nd-20260819de45142,主要,3600,1,1787148960,1787148960,高市首相 トルコ大統領と電話会談 ホルムズ海峡の安全航行を,https://news.web.nhk/newsweb/na/nd-20260819de45142
https://news.web.nhk/newsweb/na/nd-20260819de45142,国際,524520,1,1787148960,1787669880,高市首相 トルコ大統領と電話会談 ホルムズ海峡の安全航行を,https://news.web.nhk/newsweb/na/nd-20260819de45142
https://news.web.nhk/newsweb/na/nd-20260819de45142,政治,524520,1,1787148960,1787669880,高市首相 トルコ大統領と電話会談 ホルムズ海峡の安全航行を,https://news.web.nhk/newsweb/na/nd-20260819de45142
https://news.web.nhk/newsweb/na/nd-20260819de45143,主要,4080,1,1787148960,1787149440,トランプ大統領 米朝首脳会談模索の見方 その思惑は　,https://news.web.nhk/newsweb/na/nd-20260819de45143
https://news.web.nhk/newsweb/na/nd-20260819de45143,国際,524520,1,1787148960,1787669880,トランプ大統領 米朝首脳会談模索の見方 その思惑は　,https://news.web.nhk/newsweb/na/nd-20260819de45143
https://news.web.nhk/newsweb/na/nd-20260819de45143,政治,524520,1,1787148960,1787669880,トランプ大統領 米朝首脳会談模索の見方 その思惑は　,https://news.web.nhk/newsweb/na/nd-20260819de45143
https://news.web.nhk/newsweb/na/nd-20260819de45145,国際,524520,1,1787148960,1787669880,中韓外相会談始まる 朝鮮半島情勢めぐり意見交換か,https://news.web.nhk/newsweb/na/nd-20260819de45145
https://news.web.nhk/newsweb/na/nd-20260819de45152,国際,524520,1,1787148960,1787669880,超党派議員が中国訪問へ 日中関係改善の糸口探りたい考え,https://news.web.nhk/newsweb/na/nd-20260819de45152
https://news.web.nhk/newsweb/na/nd-20260819de45152,政治,524520,1,1787148960,1787669880,超党派議員が中国訪問へ 日中関係改善の糸口探りたい考え,https://news.web.nhk/newsweb/na/nd-20260819de45152
https://news.web.nhk/newsweb/na/nd-20260819de45157,スポーツ,524520,1,1787148960,1787669880,【プロ野球結果】日本ハムが首位ソフトバンクにサヨナラ勝ち,https://news.web.nhk/newsweb/na/nd-20260819de45157
https://news.web.nhk/newsweb/na/nd-20260819de45159,社会,524520,1,1787148960,1787669880,IT企業に不正アクセスで顧客個人情報136万件漏えいの可能性,https://news.web.nhk/newsweb/na/nd-20260819de45159
https://news.web.nhk/newsweb/na/nd-20260819de45159,経済,524520,1,1787148960,1787669880,IT企業に不正アクセスで顧客個人情報136万件漏えいの可能性,https://news.web.nhk/newsweb/na/nd-20260819de45159
https://news.web.nhk/newsweb/na/nd-20260819de45160,スポーツ,524520,1,1787148960,1787669880,59歳 カズ 三浦知良 サッカー天皇杯で2得点 福島ユナイテッド,https://news.web.nhk/newsweb/na/nd-20260819de45160
https://news.web.nhk/newsweb/na/nd-20260819de45160,主要,23700,1,1787148960,1787169060,59歳 カズ 三浦知良 サッカー天皇杯で2得点 福島ユナイテッド,https://news.web.nhk/newsweb/na/nd-20260819de45160
https://news.web.nhk/newsweb/na/nd-20260819de45161,主要,7020,1,1787178960,1787182380,神戸 女性殺害事件1年「面識ない」ストーカー相談 兵庫で増加,https://news.web.nhk/newsweb/na/nd-20260819de45161
https://news.web.nhk/newsweb/na/nd-20260819de45161,社会,580860,1,1787178960,1787756220,神戸 女性殺害事件1年「面識ない」ストーカー相談 兵庫で増加,https://news.web.nhk/newsweb/na/nd-20260819de45161
https://news.web.nhk/newsweb/na/nd-20260819de45162,主要,23220,1,1787149440,1787169060,個人情報保護委 KDDIに行政指導 メールアドレスなど流出で,https://news.web.nhk/newsweb/na/nd-20260819de45162
https://news.web.nhk/newsweb/na/nd-20260819de45162,政治,524520,1,1787148960,1787669880,個人情報保護委 KDDIに行政指導 メールアドレスなど流出で,https://news.web.nhk/newsweb/na/nd-20260819de45162
https://news.web.nhk/newsweb/na/nd-20260819de45162,社会,524520,1,1787148960,1787669880,個人情報保護委 KDDIに行政指導 メールアドレスなど流出で,https://news.web.nhk/newsweb/na/nd-20260819de45162
https://news.web.nhk/newsweb/na/nd-20260819de45164,政治,524520,1,1787148960,1787669880,立民 田名部幹事長 3党合流「意見を整理したうえで結論を」,https://news.web.nhk/newsweb/na/nd-20260819de45164
https://news.web.nhk/newsweb/na/nd-20260819de45165,主要,23700,1,1787148960,1787169060,防衛省 令和9年度予算案 過去最大 約9兆円要求の方向で調整,https://news.web.nhk/newsweb/na/nd-20260819de45165
https://news.web.nhk/newsweb/na/nd-20260819de45165,政治,524520,1,1787148960,1787669880,防衛省 令和9年度予算案 過去最大 約9兆円要求の方向で調整,https://news.web.nhk/newsweb/na/nd-20260819de45165
https://news.web.nhk/newsweb/na/nd-20260819de45168,主要,23220,1,1787149440,1787169060,「OTC類似薬」追加負担めぐり 患者など団体が会見,https://news.web.nhk/newsweb/na/nd-20260819de45168
https://news.web.nhk/newsweb/na/nd-20260819de45168,社会,524520,1,1787148960,1787669880,「OTC類似薬」追加負担めぐり 患者など団体が会見,https://news.web.nhk/newsweb/na/nd-20260819de45168
https://news.web.nhk/newsweb/na/nd-20260819de45169,主要,15120,1,1787178960,1787190480,鎌倉時代の「元寇の矢」見つかる 元が南宋から接収し転用か,https://news.web.nhk/newsweb/na/nd-20260819de45169
https://news.web.nhk/newsweb/na/nd-20260819de45169,社会,580860,1,1787178960,1787756220,鎌倉時代の「元寇の矢」見つかる 元が南宋から接収し転用か,https://news.web.nhk/newsweb/na/nd-20260819de45169
https://news.web.nhk/newsweb/na/nd-20260819de45169,科学・文化,580860,1,1787178960,1787756220,鎌倉時代の「元寇の矢」見つかる 元が南宋から接収し転用か,https://news.web.nhk/newsweb/na/nd-20260819de45169
https://news.web.nhk/newsweb/na/nd-20260819de45170,社会,580860,1,1787178960,1787756220,秋篠宮ご夫妻パラグアイに到着,https://news.web.nhk/newsweb/na/nd-20260819de45170
https://news.web.nhk/newsweb/na/nd-20260819de45171,スポーツ,601800,1,1787158020,1787756220,サッカー天皇杯1回戦 24試合結果 カズが2得点,https://news.web.nhk/newsweb/na/nd-20260819de45171
https://news.web.nhk/newsweb/na/nd-20260820de45176,国際,601800,1,1787158020,1787756220,茂木外相 サウジアラビアなど湾岸諸国の経済強じん化を支援,https://news.web.nhk/newsweb/na/nd-20260820de45176
https://news.web.nhk/newsweb/na/nd-20260820de45176,政治,601800,1,1787158020,1787756220,茂木外相 サウジアラビアなど湾岸諸国の経済強じん化を支援,https://news.web.nhk/newsweb/na/nd-20260820de45176
https://news.web.nhk/newsweb/na/nd-20260820de45183,国際,580860,1,1787178960,1787756220,中韓外相会談 朝鮮半島情勢めぐり意見交わす,https://news.web.nhk/newsweb/na/nd-20260820de45183
https://news.web.nhk/newsweb/na/nd-20260820de45184,主要,11640,1,1787161020,1787169060,米財務省が国債買い戻し倍増 長期金利上昇を押さえるねらい,https://news.web.nhk/newsweb/na/nd-20260820de45184
https://news.web.nhk/newsweb/na/nd-20260820de45184,国際,598800,1,1787161020,1787756220,米財務省が国債買い戻し倍増 長期金利上昇を抑えるねらい,https://news.web.nhk/newsweb/na/nd-20260820de45184
https://news.web.nhk/newsweb/na/nd-20260820de45184,経済,598800,1,1787161020,1787756220,米財務省が国債買い戻し倍増 長期金利上昇を抑えるねらい,https://news.web.nhk/newsweb/na/nd-20260820de45184
https://news.web.nhk/newsweb/na/nd-20260820de45186,経済,580860,1,1787178960,1787756220,経産省 来年度予算案の概算要求 7兆7千億円規模で調整,https://news.web.nhk/newsweb/na/nd-20260820de45186
https://news.web.nhk/newsweb/na/nd-20260820de45187,国際,580860,1,1787178960,1787756220,独検察 ノルドストリーム爆発 ウクライナ国籍の男を新たに逮捕,https://news.web.nhk/newsweb/na/nd-20260820de45187
https://news.web.nhk/newsweb/na/nd-20260820de45188,国際,580860,1,1787178960,1787756220,北朝鮮 キム総書記妹“米韓合同軍事演習の規模縮小 評価せず”,https://news.web.nhk/newsweb/na/nd-20260820de45188
https://news.web.nhk/newsweb/na/nd-20260820de45189,国際,580860,1,1787178960,1787756220,インド 山梨県の訪問団が参加した経済イベントが開催,https://news.web.nhk/newsweb/na/nd-20260820de45189
https://news.web.nhk/newsweb/na/nd-20260820de45192,国際,580860,1,1787178960,1787756220,ウクライナ 国民から高評価の前国防相が大統領選挙実施を要求,https://news.web.nhk/newsweb/na/nd-20260820de45192
https://news.web.nhk/newsweb/na/nd-20260820de45193,国際,580860,1,1787178960,1787756220,トランプ大統領 北朝鮮キム総書記との年内会談に意欲,https://news.web.nhk/newsweb/na/nd-20260820de45193
https://news.web.nhk/newsweb/na/nd-20260820de45195,主要,15120,1,1787178960,1787190480,米大統領“海峡掌握”イラン 欧州の米軍関連施設攻撃も視野か,https://news.web.nhk/newsweb/na/nd-20260820de45195
https://news.web.nhk/newsweb/na/nd-20260820de45195,国際,580860,1,1787178960,1787756220,米大統領“海峡掌握”イラン 欧州の米軍関連施設攻撃も視野か,https://news.web.nhk/newsweb/na/nd-20260820de45195
https://news.web.nhk/newsweb/na/nd-20260820de45196,主要,47100,1,1787182380,1787225880,大気不安定 福島県で猛烈な雨 北日本東日本中心にあすも雨注意,https://news.web.nhk/newsweb/na/nd-20260820de45196
https://news.web.nhk/newsweb/na/nd-20260820de45196,社会,577440,1,1787182380,1787756220,大気不安定 福島県で猛烈な雨 北日本東日本中心にあすも雨注意,https://news.web.nhk/newsweb/na/nd-20260820de45196
https://news.web.nhk/newsweb/na/nd-20260820de45198,主要,47160,1,1787178960,1787222520,熊本地震 あすも被災地は猛烈な暑さに 午後は局地的な雨に注意,https://news.web.nhk/newsweb/na/nd-20260820de45198
https://news.web.nhk/newsweb/na/nd-20260820de45198,社会,580860,1,1787178960,1787756220,熊本地震 あすも被災地は猛烈な暑さに 午後は局地的な雨に注意,https://news.web.nhk/newsweb/na/nd-20260820de45198
https://news.web.nhk/newsweb/na/nd-20260820de45199,主要,7020,1,1787178960,1787182380,FRB 7月の会合議事録“利上げ必要の可能性高い”,https://news.web.nhk/newsweb/na/nd-20260820de45199
https://news.web.nhk/newsweb/na/nd-20260820de45199,経済,580860,1,1787178960,1787756220,FRB 7月の会合議事録“利上げ必要の可能性高い”,https://news.web.nhk/newsweb/na/nd-20260820de45199
https://news.web.nhk/newsweb/na/nd-20260820de45200,主要,3600,1,1787190480,1787190480,イスラエル軍ガザ地区攻撃で10人死亡の報道 和平実現 見通せず,https://news.web.nhk/newsweb/na/nd-20260820de45200
https://news.web.nhk/newsweb/na/nd-20260820de45200,国際,569340,1,1787190480,1787756220,イスラエル軍ガザ地区攻撃で10人死亡の報道 和平実現 見通せず,https://news.web.nhk/newsweb/na/nd-20260820de45200
https://news.web.nhk/newsweb/na/nd-20260820de45201,政治,569340,1,1787190480,1787756220,高市首相動静 2026年8月19日,https://news.web.nhk/newsweb/na/nd-20260820de45201
https://news.web.nhk/newsweb/na/nd-20260820de45202,主要,3600,1,1787190480,1787190480,7月の貿易収支 6345億円の赤字 3か月連続の赤字,https://news.web.nhk/newsweb/na/nd-20260820de45202
https://news.web.nhk/newsweb/na/nd-20260820de45202,経済,569340,1,1787190480,1787756220,7月の貿易収支 6345億円の赤字 赤字は3か月連続,https://news.web.nhk/newsweb/na/nd-20260820de45202
https://news.web.nhk/newsweb/na/nd-20260820de45205,経済,558540,1,1787201280,1787756220,【きょうのおはBiz 8月20日（木）】“概算要求基準” 特徴は？,https://news.web.nhk/newsweb/na/nd-20260820de45205
https://news.web.nhk/newsweb/na/nd-20260820de45211,スポーツ,564600,1,1787195220,1787756220,メッツ 千賀滉大 1失点も4試合連続セーブ,https://news.web.nhk/newsweb/na/nd-20260820de45211
https://news.web.nhk/newsweb/na/nd-20260820de45212,暮らし,533940,1,1787225880,1787756220,高校無償化で私立人気が高まる 公立高校の志願者全国で4％余減,https://news.web.nhk/newsweb/na/nd-20260820de45212
https://news.web.nhk/newsweb/na/nd-20260820de45212,社会,533940,1,1787225880,1787756220,高校無償化で私立人気が高まる 公立高校の志願者全国で4％余減,https://news.web.nhk/newsweb/na/nd-20260820de45212
https://news.web.nhk/newsweb/na/nd-20260820de45215,国際,561600,1,1787198220,1787756220,“ハリー王子 家族とイギリスに帰国へ”英メディア報道,https://news.web.nhk/newsweb/na/nd-20260820de45215
https://news.web.nhk/newsweb/na/nd-20260820de45217,主要,9840,1,1787198220,1787204460,トランプ大統領“大規模経済制裁科す”イランは湾岸諸国に警告,https://news.web.nhk/newsweb/na/nd-20260820de45217
https://news.web.nhk/newsweb/na/nd-20260820de45217,国際,561600,1,1787198220,1787756220,【詳細】トランプ氏“イラン孤立化のため大規模経済制裁科す”,https://news.web.nhk/newsweb/na/nd-20260820de45217
https://news.web.nhk/newsweb/na/nd-20260820de45218,スポーツ,564600,1,1787195220,1787756220,ホワイトソックス村上とカブス鈴木 ともに先発出場も無安打,https://news.web.nhk/newsweb/na/nd-20260820de45218
https://news.web.nhk/newsweb/na/nd-20260820de45221,主要,85620,1,1787195220,1787277240,台風18号 23日には非常に強い勢力に発達か 今後の情報に注意を,https://news.web.nhk/newsweb/na/nd-20260820de45221
https://news.web.nhk/newsweb/na/nd-20260820de45224,主要,3600,1,1787195220,1787195220,成田空港で航空機エンジンから煙か A滑走路を点検のため閉鎖,https://news.web.nhk/newsweb/na/nd-20260820de45224
https://news.web.nhk/newsweb/na/nd-20260820de45224,社会,564600,1,1787195220,1787756220,成田空港で旅客機エンジンから煙 けが人なし 滑走路は再開,https://news.web.nhk/newsweb/na/nd-20260820de45224
https://news.web.nhk/newsweb/na/nd-20260820de45231,主要,12300,1,1787222520,1787231220,熊本 住宅狙う空き巣対策でパトロール強化【被災地の動き】,https://news.web.nhk/newsweb/na/nd-20260820de45231
https://news.web.nhk/newsweb/na/nd-20260820de45231,社会,537300,1,1787222520,1787756220,熊本 住宅狙う空き巣対策でパトロール強化【被災地の動き】,https://news.web.nhk/newsweb/na/nd-20260820de45231
https://news.web.nhk/newsweb/na/nd-20260820de45233,主要,6660,1,1787198220,1787201280,広島土砂災害12年 安佐南区で追悼行事 遺族も出席し犠牲者悼む,https://news.web.nhk/newsweb/na/nd-20260820de45233
https://news.web.nhk/newsweb/na/nd-20260820de45235,主要,27900,1,1787198220,1787222520,千葉豪雨から1週間 ボランティア本格化 園児受け入れの動きも,https://news.web.nhk/newsweb/na/nd-20260820de45235
https://news.web.nhk/newsweb/na/nd-20260820de45236,主要,3600,1,1787195220,1787195220,株価 値上がり アメリカの株価上昇受け,https://news.web.nhk/newsweb/na/nd-20260820de45236
https://news.web.nhk/newsweb/na/nd-20260820de45236,経済,564600,1,1787195220,1787756220,株価 値上がり 長期金利低下で幅広い銘柄に買い注文,https://news.web.nhk/newsweb/na/nd-20260820de45236
https://news.web.nhk/newsweb/na/nd-20260820de45238,スポーツ,558540,1,1787201280,1787756220,ブルージェイズ 岡本和真 タイムリーヒットもチームは競り負け,https://news.web.nhk/newsweb/na/nd-20260820de45238
https://news.web.nhk/newsweb/na/nd-20260820de45242,主要,63780,1,1787198220,1787258400,栃木 東武日光線の駅で作業員4人が特急と接触し死亡,https://news.web.nhk/newsweb/na/nd-20260820de45242
https://news.web.nhk/newsweb/na/nd-20260820de45242,社会,564600,1,1787195220,1787756220,栃木 東武日光線の駅で作業員4人が特急と接触し死亡,https://news.web.nhk/newsweb/na/nd-20260820de45242
https://news.web.nhk/newsweb/na/nd-20260820de45252,社会,558540,1,1787201280,1787756220,福岡 天神の川でネパール国籍の女性の遺体 殺人事件として捜査,https://news.web.nhk/newsweb/na/nd-20260820de45252
https://news.web.nhk/newsweb/na/nd-20260820de45276,スポーツ,555360,1,1787204460,1787756220,ドジャース 佐々木 5回2失点で勝ち負けつかず 大谷は無安打,https://news.web.nhk/newsweb/na/nd-20260820de45276
https://news.web.nhk/newsweb/na/nd-20260820de45276,主要,10200,1,1787209320,1787215920,ドジャース 佐々木 5回2失点で勝ち負けつかず 大谷は無安打,https://news.web.nhk/newsweb/na/nd-20260820de45276
https://news.web.nhk/newsweb/na/nd-20260820de45277,社会,555360,1,1787204460,1787756220,三重 釣り客2人死亡の衝突事故 遊漁船船長を書類送検 鳥羽海保,https://news.web.nhk/newsweb/na/nd-20260820de45277
https://news.web.nhk/newsweb/na/nd-20260820de45290,主要,10200,1,1787209320,1787215920,火星衛星探査機「MMX」10月20日打ち上げ JAXA発表,https://news.web.nhk/newsweb/na/nd-20260820de45290
https://news.web.nhk/newsweb/na/nd-20260820de45290,社会,550500,1,1787209320,1787756220,火星衛星探査機「MMX」10月20日打ち上げ JAXA発表,https://news.web.nhk/newsweb/na/nd-20260820de45290
https://news.web.nhk/newsweb/na/nd-20260820de45300,主要,3600,1,1787209320,1787209320,首都高 中央環状線内回りで車両火災 広い範囲で通行止め,https://news.web.nhk/newsweb/na/nd-20260820de45300
https://news.web.nhk/newsweb/na/nd-20260820de45300,社会,550500,1,1787209320,1787756220,首都高 中央環状線内回りで車両火災 通行止め解除,https://news.web.nhk/newsweb/na/nd-20260820de45300
https://news.web.nhk/newsweb/na/nd-20260820de45302,主要,3600,1,1787212320,1787212320,台湾の防衛費予算案 初の1兆台湾元超に 自衛力強化の方針示す,https://news.web.nhk/newsweb/na/nd-20260820de45302
https://news.web.nhk/newsweb/na/nd-20260820de45302,国際,550500,1,1787209320,1787756220,台湾の防衛費予算案 初の1兆台湾元超に 自衛力強化の方針示す,https://news.web.nhk/newsweb/na/nd-20260820de45302
https://news.web.nhk/newsweb/na/nd-20260820de45306,国際,547500,1,1787212320,1787756220,スリーマイル島原発廃炉 初取材 AI需要で隣接原子炉再稼働へ　,https://news.web.nhk/newsweb/na/nd-20260820de45306
https://news.web.nhk/newsweb/na/nd-20260820de45306,科学・文化,547500,1,1787212320,1787756220,スリーマイル島原発廃炉 初取材 AI需要で隣接原子炉再稼働へ　,https://news.web.nhk/newsweb/na/nd-20260820de45306
https://news.web.nhk/newsweb/na/nd-20260820de45308,スポーツ,543900,1,1787215920,1787756220,アジア大会 聖火リレーへ 32年前の開催地 広島で採火式,https://news.web.nhk/newsweb/na/nd-20260820de45308
https://news.web.nhk/newsweb/na/nd-20260820de45309,社会,547500,1,1787212320,1787756220,イオンが事故調査委員会を発足 爆発事故の原因など究明へ,https://news.web.nhk/newsweb/na/nd-20260820de45309
https://news.web.nhk/newsweb/na/nd-20260820de45313,社会,547500,1,1787212320,1787756220,熊本地震 八代市長が農業用水確保などの支援を鈴木農相に要請,https://news.web.nhk/newsweb/na/nd-20260820de45313
https://news.web.nhk/newsweb/na/nd-20260820de45326,主要,3600,1,1787219220,1787219220,日本製紙八代工場 地震で先端損傷の煙突 来月中旬めど撤去へ,https://news.web.nhk/newsweb/na/nd-20260820de45326
https://news.web.nhk/newsweb/na/nd-20260820de45326,社会,540600,1,1787219220,1787756220,日本製紙八代工場 地震で先端損傷の煙突 来月中旬めど撤去へ,https://news.web.nhk/newsweb/na/nd-20260820de45326
https://news.web.nhk/newsweb/na/nd-20260820de45329,国際,540600,1,1787219220,1787756220,経産省 石油化学プラントの脱中東ナフサ依存を支援へ,https://news.web.nhk/newsweb/na/nd-20260820de45329
https://news.web.nhk/newsweb/na/nd-20260820de45329,経済,540600,1,1787219220,1787756220,経産省 石油化学プラントの脱中東ナフサ依存を支援へ,https://news.web.nhk/newsweb/na/nd-20260820de45329
https://news.web.nhk/newsweb/na/nd-20260820de45330,経済,540600,1,1787219220,1787756220,首都圏新築マンション平均価格 7月は約1億6500万円 過去最高に,https://news.web.nhk/newsweb/na/nd-20260820de45330
https://news.web.nhk/newsweb/na/nd-20260820de45331,社会,540600,1,1787219220,1787756220,強盗予備の疑いで新たに18歳を逮捕 指示役兼リクルート役か,https://news.web.nhk/newsweb/na/nd-20260820de45331
https://news.web.nhk/newsweb/na/nd-20260820de45335,主要,10200,1,1787215920,1787222520,北朝鮮の弾道ミサイルの可能性あるもの 日本のEEZ外に落下か,https://news.web.nhk/newsweb/na/nd-20260820de45335
https://news.web.nhk/newsweb/na/nd-20260820de45335,国際,543900,1,1787215920,1787756220,北朝鮮が複数の弾道ミサイル発射 日本のEEZ外に落下か 防衛省,https://news.web.nhk/newsweb/na/nd-20260820de45335
https://news.web.nhk/newsweb/na/nd-20260820de45335,社会,543900,1,1787215920,1787756220,北朝鮮が複数の弾道ミサイル発射 日本のEEZ外に落下か 防衛省,https://news.web.nhk/newsweb/na/nd-20260820de45335
https://news.web.nhk/newsweb/na/nd-20260820de45341,主要,3600,1,1787225880,1787225880,熊本地震 死者数38人と発表 1人は地震と関連なし 2925人が避難,https://news.web.nhk/newsweb/na/nd-20260820de45341
https://news.web.nhk/newsweb/na/nd-20260820de45347,社会,537300,1,1787222520,1787756220,熊本地震 車中泊などで死亡は災害関連死か 自治体に相談相次ぐ,https://news.web.nhk/newsweb/na/nd-20260820de45347
https://news.web.nhk/newsweb/na/nd-20260820de45350,主要,3600,1,1787225880,1787225880,千葉豪雨から1週間 死者13人 浸水3501棟 農林水産業被害19億円,https://news.web.nhk/newsweb/na/nd-20260820de45350
https://news.web.nhk/newsweb/na/nd-20260820de45351,社会,540600,1,1787219220,1787756220,愛子さま 大阪でフェルメールの作品を鑑賞,https://news.web.nhk/newsweb/na/nd-20260820de45351
https://news.web.nhk/newsweb/na/nd-20260820de45355,主要,6900,1,1787219220,1787222520,円相場 値上がり 米の長期金利低下でドル売り円買い進む,https://news.web.nhk/newsweb/na/nd-20260820de45355
https://news.web.nhk/newsweb/na/nd-20260820de45355,経済,540600,1,1787219220,1787756220,円相場 値上がり 米の長期金利低下でドル売り円買い進む,https://news.web.nhk/newsweb/na/nd-20260820de45355
https://news.web.nhk/newsweb/na/nd-20260820de45356,主要,3600,1,1787219220,1787219220,福島 北塩原村付近で記録的大雨 災害の危険迫る,https://news.web.nhk/newsweb/na/nd-20260820de45356
https://news.web.nhk/newsweb/na/nd-20260820de45358,主要,3600,1,1787222520,1787222520,熊本地震 環境省 災害廃棄物対策の支援プログラム発表,https://news.web.nhk/newsweb/na/nd-20260820de45358
https://news.web.nhk/newsweb/na/nd-20260820de45359,主要,7200,1,1787254800,1787258400,JA全中会長 ことし産のコメ「概算金」下落に懸念示す,https://news.web.nhk/newsweb/na/nd-20260820de45359
https://news.web.nhk/newsweb/na/nd-20260820de45359,経済,528600,1,1787231220,1787756220,JA全中会長 ことし産のコメ「概算金」下落に懸念示す,https://news.web.nhk/newsweb/na/nd-20260820de45359
https://news.web.nhk/newsweb/na/nd-20260820de45362,政治,537300,1,1787222520,1787756220,北方領土めぐる日本の立場は高市首相らが明確に 木原官房長官,https://news.web.nhk/newsweb/na/nd-20260820de45362
https://news.web.nhk/newsweb/na/nd-20260820de45364,主要,39660,1,1787225880,1787261940,千葉豪雨 幹線道路の車両移動は完了も水没車両の対応続く,https://news.web.nhk/newsweb/na/nd-20260820de45364
https://news.web.nhk/newsweb/na/nd-20260820de45369,主要,29820,1,1787225880,1787252100,小泉防衛相 インドと通信アンテナ早期移転へ新協議体設置合意,https://news.web.nhk/newsweb/na/nd-20260820de45369
https://news.web.nhk/newsweb/na/nd-20260820de45369,国際,533940,1,1787225880,1787756220,小泉防衛相 インドと通信アンテナ早期移転へ新協議体設置合意,https://news.web.nhk/newsweb/na/nd-20260820de45369
https://news.web.nhk/newsweb/na/nd-20260820de45369,政治,533940,1,1787225880,1787756220,小泉防衛相 インドと通信アンテナ早期移転へ新協議体設置合意,https://news.web.nhk/newsweb/na/nd-20260820de45369
https://news.web.nhk/newsweb/na/nd-20260820de45371,主要,9780,1,1787231220,1787237400,福岡 天神 女性殺害事件 退勤5時間後に女性いないと知人が通報,https://news.web.nhk/newsweb/na/nd-20260820de45371
https://news.web.nhk/newsweb/na/nd-20260820de45371,社会,528600,1,1787231220,1787756220,福岡 天神 女性殺害事件 退勤5時間後に女性いないと知人が通報,https://news.web.nhk/newsweb/na/nd-20260820de45371
https://news.web.nhk/newsweb/na/nd-20260820de45372,政治,595440,1,1787231220,1787823060,高市首相 英首相と初の電話会談 安全保障など協力推進で一致,https://news.web.nhk/newsweb/na/nd-20260820de45372
https://news.web.nhk/newsweb/na/nd-20260820de45373,主要,3600,1,1787254800,1787254800,赤字続く郵便事業 持続的なサービス検討へ 総務省が委員会設置,https://news.web.nhk/newsweb/na/nd-20260820de45373
https://news.web.nhk/newsweb/na/nd-20260820de45373,経済,528600,1,1787231220,1787756220,赤字続く郵便事業 持続的なサービス検討へ 総務省が委員会設置,https://news.web.nhk/newsweb/na/nd-20260820de45373
https://news.web.nhk/newsweb/na/nd-20260820de45374,政治,528600,1,1787231220,1787756220,木原官房長官 次世代IT技術視察 “官民連携で成長つなげる”,https://news.web.nhk/newsweb/na/nd-20260820de45374
https://news.web.nhk/newsweb/na/nd-20260820de45375,国際,528600,1,1787231220,1787756220,韓国各地で朝鮮半島有事を想定した大規模避難訓練,https://news.web.nhk/newsweb/na/nd-20260820de45375
https://news.web.nhk/newsweb/na/nd-20260820de45377,国際,528600,1,1787231220,1787756220,中国 不動産大手「恒大グループ」創業者に無期懲役の判決,https://news.web.nhk/newsweb/na/nd-20260820de45377
https://news.web.nhk/newsweb/na/nd-20260820de45379,主要,3600,1,1787254800,1787254800,ロシア軍が北方領土周辺の艦船想定し訓練実施を発表,https://news.web.nhk/newsweb/na/nd-20260820de45379
https://news.web.nhk/newsweb/na/nd-20260820de45379,国際,528600,1,1787231220,1787756220,ロシア軍が北方領土周辺の艦船想定し訓練実施を発表,https://news.web.nhk/newsweb/na/nd-20260820de45379
https://news.web.nhk/newsweb/na/nd-20260820de45381,主要,6720,1,1787234280,1787237400,自民 「役職希望アンケート」配付 内閣改造の見方広がる,https://news.web.nhk/newsweb/na/nd-20260820de45381
https://news.web.nhk/newsweb/na/nd-20260820de45381,政治,528600,1,1787231220,1787756220,自民 「役職希望アンケート」配付 内閣改造の見方広がる,https://news.web.nhk/newsweb/na/nd-20260820de45381
https://news.web.nhk/newsweb/na/nd-20260820de45383,主要,3600,1,1787252100,1787252100,ロシアによる攻撃 キーウなどで16人死亡 46人けが,https://news.web.nhk/newsweb/na/nd-20260820de45383
https://news.web.nhk/newsweb/na/nd-20260820de45383,国際,595440,1,1787231220,1787823060,ロシアによる攻撃 キーウなどで16人死亡 46人けが,https://news.web.nhk/newsweb/na/nd-20260820de45383
https://news.web.nhk/newsweb/na/nd-20260820de45387,スポーツ,528600,1,1787231220,1787756220,阪神 伊原陵人投手 1軍選手登録を抹消 週刊誌報道を受けて,https://news.web.nhk/newsweb/na/nd-20260820de45387
https://news.web.nhk/newsweb/na/nd-20260820de45387,主要,49620,1,1787231220,1787277240,阪神 伊原陵人投手 1軍選手登録を抹消 週刊誌報道を受けて,https://news.web.nhk/newsweb/na/nd-20260820de45387
https://news.web.nhk/newsweb/na/nd-20260820de45388,スポーツ,528600,1,1787231220,1787756220,プロ野球2軍の公式戦 開催などの判断は「暑さ指数」が基準に,https://news.web.nhk/newsweb/na/nd-20260820de45388
https://news.web.nhk/newsweb/na/nd-20260820de45388,主要,3600,1,1787258400,1787258400,プロ野球2軍の公式戦 開催などの判断は「暑さ指数」が基準に,https://news.web.nhk/newsweb/na/nd-20260820de45388
https://news.web.nhk/newsweb/na/nd-20260820de45389,暮らし,528600,1,1787231220,1787756220,熊本地震で被害 八代市長が井戸修理支援を赤間防災相に要望,https://news.web.nhk/newsweb/na/nd-20260820de45389
https://news.web.nhk/newsweb/na/nd-20260820de45391,スポーツ,517800,1,1787308860,1787823060,高校野球 あす決勝 智弁和歌山 健大高崎が調整【見どころは】,https://news.web.nhk/newsweb/na/nd-20260820de45391
https://news.web.nhk/newsweb/na/nd-20260820de45392,スポーツ,546180,1,1787351820,1787894400,高校野球 智弁和歌山が優勝 5年ぶり4回目 健大高崎に逆転勝ち,https://news.web.nhk/newsweb/na/nd-20260820de45392
https://news.web.nhk/newsweb/na/nd-20260820de45392,主要,57000,1,1787363160,1787416560,高校野球 智弁和歌山が優勝 5年ぶり4回目 健大高崎に逆転勝ち,https://news.web.nhk/newsweb/na/nd-20260820de45392
https://news.web.nhk/newsweb/na/nd-20260820de45393,社会,561120,1,1787265540,1787823060,【動画】Pickup NEWS（8月21日）,https://news.web.nhk/newsweb/na/nd-20260820de45393
https://news.web.nhk/newsweb/na/nd-20260820de45398,スポーツ,528600,1,1787231220,1787756220,韓国サッカー協会の審判性接待報道 JFA「事実確認できず」,https://news.web.nhk/newsweb/na/nd-20260820de45398
https://news.web.nhk/newsweb/na/nd-20260820de45408,主要,10440,1,1787240760,1787247600,柏崎刈羽原発で運転員が他人のIDカードで不適切に退室,https://news.web.nhk/newsweb/na/nd-20260820de45408
https://news.web.nhk/newsweb/na/nd-20260820de45408,科学・文化,525540,1,1787234280,1787756220,柏崎刈羽原発で運転員が他人のIDカードで不適切に退室,https://news.web.nhk/newsweb/na/nd-20260820de45408
https://news.web.nhk/newsweb/na/nd-20260820de45409,国際,528600,1,1787231220,1787756220,中国 レアアース磁石の対日輸出 7月は半減 輸出規制が影響か,https://news.web.nhk/newsweb/na/nd-20260820de45409
https://news.web.nhk/newsweb/na/nd-20260820de45410,スポーツ,528600,1,1787231220,1787756220,【プロ野球結果】首位ソフトバンクと日本ハムは引き分け,https://news.web.nhk/newsweb/na/nd-20260820de45410
https://news.web.nhk/newsweb/na/nd-20260820de45411,社会,574560,1,1787252100,1787823060,非上場企業の株式 新たな評価方式の案を公表 国税庁,https://news.web.nhk/newsweb/na/nd-20260820de45411
https://news.web.nhk/newsweb/na/nd-20260820de45415,スポーツ,525540,1,1787234280,1787756220,サッカー日本代表 アジア杯へ名波氏や長谷部氏らコーチ陣継続,https://news.web.nhk/newsweb/na/nd-20260820de45415
https://news.web.nhk/newsweb/na/nd-20260820de45416,スポーツ,525540,1,1787234280,1787756220,サッカー日本代表 板倉滉 独1部・メンヘングラートバッハ復帰,https://news.web.nhk/newsweb/na/nd-20260820de45416
https://news.web.nhk/newsweb/na/nd-20260820de45417,主要,20040,1,1787265540,1787281980,千葉豪雨 生活やなりわいの再建が課題に,https://news.web.nhk/newsweb/na/nd-20260820de45417
https://news.web.nhk/newsweb/na/nd-20260820de45418,主要,3600,1,1787252100,1787252100,中央アフリカで金鉱山が崩落し 100人以上死亡 救助活動続く,https://news.web.nhk/newsweb/na/nd-20260820de45418
https://news.web.nhk/newsweb/na/nd-20260820de45418,国際,585900,1,1787240760,1787823060,中央アフリカで金鉱山が崩落し 100人以上死亡 救助活動続く,https://news.web.nhk/newsweb/na/nd-20260820de45418
https://news.web.nhk/newsweb/na/nd-20260820de45419,国際,525540,1,1787234280,1787756220,韓国訪問中の中国外相 北朝鮮めぐり“米は敵視政策の放棄を”,https://news.web.nhk/newsweb/na/nd-20260820de45419
https://news.web.nhk/newsweb/na/nd-20260820de45423,主要,10440,1,1787240760,1787247600,日オマーン外相 “ホルムズ海峡 国際社会で議論が不可欠”,https://news.web.nhk/newsweb/na/nd-20260820de45423
https://news.web.nhk/newsweb/na/nd-20260820de45423,国際,585900,1,1787240760,1787823060,日オマーン外相 “ホルムズ海峡 国際社会で議論が不可欠”,https://news.web.nhk/newsweb/na/nd-20260820de45423
https://news.web.nhk/newsweb/na/nd-20260820de45423,政治,585900,1,1787240760,1787823060,日オマーン外相 “ホルムズ海峡 国際社会で議論が不可欠”,https://news.web.nhk/newsweb/na/nd-20260820de45423
https://news.web.nhk/newsweb/na/nd-20260821de45424,政治,574560,1,1787252100,1787823060,自民 小林政調会長 太平洋島しょ国訪問 安保協力で一致,https://news.web.nhk/newsweb/na/nd-20260821de45424
https://news.web.nhk/newsweb/na/nd-20260821de45425,政治,561120,1,1787265540,1787823060,政府 来週にも熊本地震で支援パッケージ 観光振興「応援割」も,https://news.web.nhk/newsweb/na/nd-20260821de45425
https://news.web.nhk/newsweb/na/nd-20260821de45425,社会,561120,1,1787265540,1787823060,政府 来週にも熊本地震で支援パッケージ 観光振興「応援割」も,https://news.web.nhk/newsweb/na/nd-20260821de45425
https://news.web.nhk/newsweb/na/nd-20260821de45428,主要,3600,1,1787258400,1787258400,キム・ヨジョン氏 “米韓は主従関係”米と対話の可能性示唆か,https://news.web.nhk/newsweb/na/nd-20260821de45428
https://news.web.nhk/newsweb/na/nd-20260821de45428,国際,568260,1,1787258400,1787823060,キム・ヨジョン氏 “米韓は主従関係”米と対話の可能性示唆か,https://news.web.nhk/newsweb/na/nd-20260821de45428
https://news.web.nhk/newsweb/na/nd-20260821de45429,主要,59280,1,1787261940,1787317620,東武日光線 4人死亡列車事故 ホーム下に緊急避難スペースなし,https://news.web.nhk/newsweb/na/nd-20260821de45429
https://news.web.nhk/newsweb/na/nd-20260821de45429,社会,755220,1,1787261940,1788013560,東武日光線 4人死亡列車事故 ホーム下に緊急避難スペースなし,https://news.web.nhk/newsweb/na/nd-20260821de45429
https://news.web.nhk/newsweb/na/nd-20260821de45430,主要,10620,1,1787261940,1787268960,秋篠宮ご夫妻 パラグアイ大統領を表敬訪問,https://news.web.nhk/newsweb/na/nd-20260821de45430
https://news.web.nhk/newsweb/na/nd-20260821de45430,社会,564720,1,1787261940,1787823060,秋篠宮ご夫妻 パラグアイ大統領を表敬訪問,https://news.web.nhk/newsweb/na/nd-20260821de45430
https://news.web.nhk/newsweb/na/nd-20260821de45432,主要,3600,1,1787261940,1787261940,米「史上最大規模の制裁」へ イランは「経済テロ」と反発,https://news.web.nhk/newsweb/na/nd-20260821de45432
https://news.web.nhk/newsweb/na/nd-20260821de45432,国際,564720,1,1787261940,1787823060,【詳細】米「史上最大規模の制裁」 イラン「経済テロ」と反発,https://news.web.nhk/newsweb/na/nd-20260821de45432
https://news.web.nhk/newsweb/na/nd-20260821de45435,主要,23640,1,1787261940,1787281980,熊本地震 被災地はきょうも猛烈な暑さ 熱中症対策継続を,https://news.web.nhk/newsweb/na/nd-20260821de45435
https://news.web.nhk/newsweb/na/nd-20260821de45436,社会,564720,1,1787261940,1787823060,みなとみらい線 運転再開,https://news.web.nhk/newsweb/na/nd-20260821de45436
https://news.web.nhk/newsweb/na/nd-20260821de45437,主要,33840,1,1787281980,1787312220,埼玉で「記録的短時間大雨」北日本～西日本 あすも大気不安定,https://news.web.nhk/newsweb/na/nd-20260821de45437
https://news.web.nhk/newsweb/na/nd-20260821de45438,スポーツ,544680,1,1787281980,1787823060,ホワイトソックス 村上 ノーヒットで30号HRは持ち越し,https://news.web.nhk/newsweb/na/nd-20260821de45438
https://news.web.nhk/newsweb/na/nd-20260821de45439,主要,7020,1,1787265540,1787268960,NYダウ700ドル超下落 米長期金利が再び上昇で,https://news.web.nhk/newsweb/na/nd-20260821de45439
https://news.web.nhk/newsweb/na/nd-20260821de45439,国際,561120,1,1787265540,1787823060,NYダウ700ドル超下落 米長期金利が再び上昇で,https://news.web.nhk/newsweb/na/nd-20260821de45439
https://news.web.nhk/newsweb/na/nd-20260821de45439,経済,561120,1,1787265540,1787823060,NYダウ700ドル超下落 米長期金利が再び上昇で,https://news.web.nhk/newsweb/na/nd-20260821de45439
https://news.web.nhk/newsweb/na/nd-20260821de45440,主要,3600,1,1787277240,1787277240,7月の消費者物価指数 生鮮食品除く指数は前年比＋1.8%,https://news.web.nhk/newsweb/na/nd-20260821de45440
https://news.web.nhk/newsweb/na/nd-20260821de45440,社会,25200,1,1787277240,1787298840,7月消費者物価 生鮮除き1.8％上昇 上昇率は拡大,https://news.web.nhk/newsweb/na/nd-20260821de45440
https://news.web.nhk/newsweb/na/nd-20260821de45440,経済,524220,1,1787302440,1787823060,7月の消費者物価指数 生鮮食品除き1.8％上昇 上昇率は拡大,https://news.web.nhk/newsweb/na/nd-20260821de45440
https://news.web.nhk/newsweb/na/nd-20260821de45441,政治,549420,1,1787277240,1787823060,高市首相動静 2026年8月20日,https://news.web.nhk/newsweb/na/nd-20260821de45441
https://news.web.nhk/newsweb/na/nd-20260821de45445,経済,549420,1,1787277240,1787823060,愛媛 四国中央 「丸住製紙」の再生計画案“解散し消滅”,https://news.web.nhk/newsweb/na/nd-20260821de45445
https://news.web.nhk/newsweb/na/nd-20260821de45448,経済,530880,1,1787295780,1787823060,きょうのおはBiz 8月21日（金） 赤字の郵便事業 持続的運営は,https://news.web.nhk/newsweb/na/nd-20260821de45448
https://news.web.nhk/newsweb/na/nd-20260821de45451,主要,25200,1,1787277240,1787298840,大阪パチンコ店放火殺人事件 高見素直死刑囚に死刑執行,https://news.web.nhk/newsweb/na/nd-20260821de45451
https://news.web.nhk/newsweb/na/nd-20260821de45451,政治,549420,1,1787277240,1787823060,大阪パチンコ店放火殺人事件 高見素直死刑囚に死刑執行,https://news.web.nhk/newsweb/na/nd-20260821de45451
https://news.web.nhk/newsweb/na/nd-20260821de45451,社会,549420,1,1787277240,1787823060,大阪パチンコ店放火殺人事件 高見素直死刑囚に死刑執行,https://news.web.nhk/newsweb/na/nd-20260821de45451
https://news.web.nhk/newsweb/na/nd-20260821de45457,スポーツ,544680,1,1787281980,1787823060,ブルージェイズ 岡本和真 26号ホームランで勝利に貢献,https://news.web.nhk/newsweb/na/nd-20260821de45457
https://news.web.nhk/newsweb/na/nd-20260821de45459,主要,33840,1,1787281980,1787312220,台風18号 今後の情報に注意を,https://news.web.nhk/newsweb/na/nd-20260821de45459
https://news.web.nhk/newsweb/na/nd-20260821de45462,主要,20460,1,1787281980,1787298840,クールジャパン機構 概算要求見送り 廃止含めて検討 経産省,https://news.web.nhk/newsweb/na/nd-20260821de45462
https://news.web.nhk/newsweb/na/nd-20260821de45462,経済,544680,1,1787281980,1787823060,クールジャパン機構 概算要求見送り 廃止含めて検討 経産省,https://news.web.nhk/newsweb/na/nd-20260821de45462
https://news.web.nhk/newsweb/na/nd-20260821de45465,主要,3600,1,1787287800,1787287800,立民 水岡代表 労働組合の幹部と協議 3党合流めぐり,https://news.web.nhk/newsweb/na/nd-20260821de45465
https://news.web.nhk/newsweb/na/nd-20260821de45465,政治,538860,1,1787287800,1787823060,立民 水岡代表 労働組合の幹部と協議 3党合流めぐり,https://news.web.nhk/newsweb/na/nd-20260821de45465
https://news.web.nhk/newsweb/na/nd-20260821de45466,経済,538860,1,1787287800,1787823060,株価小幅な値動き 長期金利上昇 企業業績懸念も金融株買われる,https://news.web.nhk/newsweb/na/nd-20260821de45466
https://news.web.nhk/newsweb/na/nd-20260821de45468,社会,538860,1,1787287800,1787823060,愛子さま 琵琶湖博物館でビワコオオナマズ鑑賞,https://news.web.nhk/newsweb/na/nd-20260821de45468
https://news.web.nhk/newsweb/na/nd-20260821de45470,主要,3600,1,1787287800,1787287800,NZ地震 犠牲者追悼のプレート取り外される 盗難か,https://news.web.nhk/newsweb/na/nd-20260821de45470
https://news.web.nhk/newsweb/na/nd-20260821de45470,国際,538860,1,1787287800,1787823060,NZ地震 犠牲者追悼のプレート取り外される 盗難か,https://news.web.nhk/newsweb/na/nd-20260821de45470
https://news.web.nhk/newsweb/na/nd-20260821de45473,主要,11580,1,1787287800,1787295780,静岡 清水区 建造中の船から出火し1人死亡 9人搬送,https://news.web.nhk/newsweb/na/nd-20260821de45473
https://news.web.nhk/newsweb/na/nd-20260821de45473,社会,538860,1,1787287800,1787823060,静岡 清水区 建造中の船から出火し1人死亡 9人搬送,https://news.web.nhk/newsweb/na/nd-20260821de45473
https://news.web.nhk/newsweb/na/nd-20260821de45484,国際,538860,1,1787287800,1787823060,日米韓高官が電話協議 緊密連携確認 北朝鮮弾道ミサイル発射で,https://news.web.nhk/newsweb/na/nd-20260821de45484
https://news.web.nhk/newsweb/na/nd-20260821de45484,政治,538860,1,1787287800,1787823060,日米韓高官が電話協議 緊密連携確認 北朝鮮弾道ミサイル発射で,https://news.web.nhk/newsweb/na/nd-20260821de45484
https://news.web.nhk/newsweb/na/nd-20260821de45494,主要,15000,1,1787291040,1787302440,パワハラ認定の横浜 山中竹春市長 国際会議の参加見送り,https://news.web.nhk/newsweb/na/nd-20260821de45494
https://news.web.nhk/newsweb/na/nd-20260821de45494,社会,535620,1,1787291040,1787823060,パワハラ認定の横浜 山中竹春市長 国際会議の参加見送り,https://news.web.nhk/newsweb/na/nd-20260821de45494
https://news.web.nhk/newsweb/na/nd-20260821de45495,国際,535620,1,1787291040,1787823060,北朝鮮 ミサイル発射3回連続で発表せず 米の反応探るか,https://news.web.nhk/newsweb/na/nd-20260821de45495
https://news.web.nhk/newsweb/na/nd-20260821de45496,政治,535620,1,1787291040,1787823060,松本文科相 「教育振興基本計画」策定へ諮問,https://news.web.nhk/newsweb/na/nd-20260821de45496
https://news.web.nhk/newsweb/na/nd-20260821de45500,スポーツ,535620,1,1787291040,1787823060,アストロズ 今井達也 リリーフ登板で3回2失点,https://news.web.nhk/newsweb/na/nd-20260821de45500
https://news.web.nhk/newsweb/na/nd-20260821de45501,主要,3600,1,1787291040,1787291040,千葉豪雨で大雨警報等の基準引き下げ 千葉市と八千代市で,https://news.web.nhk/newsweb/na/nd-20260821de45501
https://news.web.nhk/newsweb/na/nd-20260821de45501,社会,535620,1,1787291040,1787823060,千葉豪雨で大雨警報等の基準引き下げ 千葉市と八千代市で,https://news.web.nhk/newsweb/na/nd-20260821de45501
https://news.web.nhk/newsweb/na/nd-20260821de45505,政治,527820,1,1787298840,1787823060,企業の法務業務へのAI活用で新指針 法務省,https://news.web.nhk/newsweb/na/nd-20260821de45505
https://news.web.nhk/newsweb/na/nd-20260821de45505,経済,527820,1,1787298840,1787823060,企業の法務業務へのAI活用で新指針 法務省,https://news.web.nhk/newsweb/na/nd-20260821de45505
https://news.web.nhk/newsweb/na/nd-20260821de45510,政治,530880,1,1787295780,1787823060,木原官房長官 熊本の被災地訪問 イオンモールなど被害状況確認,https://news.web.nhk/newsweb/na/nd-20260821de45510
https://news.web.nhk/newsweb/na/nd-20260821de45512,主要,9840,1,1787338320,1787344560,日本学術会議 新会員125人を公表 10月の特殊法人移行を前に,https://news.web.nhk/newsweb/na/nd-20260821de45512
https://news.web.nhk/newsweb/na/nd-20260821de45512,社会,502920,1,1787323740,1787823060,日本学術会議 新会員125人を公表 10月の特殊法人移行を前に,https://news.web.nhk/newsweb/na/nd-20260821de45512
https://news.web.nhk/newsweb/na/nd-20260821de45512,科学・文化,502920,1,1787323740,1787823060,日本学術会議 新会員125人を公表 10月の特殊法人移行を前に,https://news.web.nhk/newsweb/na/nd-20260821de45512
https://news.web.nhk/newsweb/na/nd-20260821de45513,主要,41760,1,1787295780,1787333940,大量の食パンが大山に 「不法投棄にあたる」警察に相談 鳥取,https://news.web.nhk/newsweb/na/nd-20260821de45513
https://news.web.nhk/newsweb/na/nd-20260821de45513,社会,530880,1,1787295780,1787823060,大量の食パンが大山に 「不法投棄にあたる」警察に相談 鳥取,https://news.web.nhk/newsweb/na/nd-20260821de45513
https://news.web.nhk/newsweb/na/nd-20260821de45517,主要,10260,1,1787295780,1787302440,ホルムズ海峡で“シャトル船”が原油輸送 日本にも 専門家,https://news.web.nhk/newsweb/na/nd-20260821de45517
https://news.web.nhk/newsweb/na/nd-20260821de45517,国際,530880,1,1787295780,1787823060,ホルムズ海峡で“シャトル船”が原油輸送 日本にも 専門家,https://news.web.nhk/newsweb/na/nd-20260821de45517
https://news.web.nhk/newsweb/na/nd-20260821de45519,スポーツ,530880,1,1787295780,1787823060,女子ゴルフ米ツアー 山下美夢有が単独首位 畑岡が2位で続く,https://news.web.nhk/newsweb/na/nd-20260821de45519
https://news.web.nhk/newsweb/na/nd-20260821de45520,国際,530880,1,1787295780,1787823060,自民 プーチン氏北方領土訪問容認できず 対話求める声も,https://news.web.nhk/newsweb/na/nd-20260821de45520
https://news.web.nhk/newsweb/na/nd-20260821de45520,政治,530880,1,1787295780,1787823060,自民 プーチン氏北方領土訪問容認できず 対話求める声も,https://news.web.nhk/newsweb/na/nd-20260821de45520
https://news.web.nhk/newsweb/na/nd-20260821de45521,主要,42420,1,1787305740,1787344560,スーパーのコメ平均価格 5キロ3191円 2週ぶり値下がり,https://news.web.nhk/newsweb/na/nd-20260821de45521
https://news.web.nhk/newsweb/na/nd-20260821de45521,経済,524220,1,1787302440,1787823060,スーパーのコメ平均価格 5キロ3191円 2週ぶり値下がり,https://news.web.nhk/newsweb/na/nd-20260821de45521
https://news.web.nhk/newsweb/na/nd-20260821de45527,主要,3600,1,1787312220,1787312220,赤間防災相 千葉豪雨の被災地を視察 復旧復興の支援急ぐ考え,https://news.web.nhk/newsweb/na/nd-20260821de45527
https://news.web.nhk/newsweb/na/nd-20260821de45527,政治,517800,1,1787308860,1787823060,赤間防災相 千葉豪雨の被災地を視察 復旧復興の支援急ぐ考え,https://news.web.nhk/newsweb/na/nd-20260821de45527
https://news.web.nhk/newsweb/na/nd-20260821de45530,国際,514440,1,1787312220,1787823060,旧統一教会トップとユン前大統領夫人 政党法違反 初公判で否認,https://news.web.nhk/newsweb/na/nd-20260821de45530
https://news.web.nhk/newsweb/na/nd-20260821de45532,主要,3600,1,1787302440,1787302440,中野サンプラザ再開発 中野区が新たな事業計画の骨子を示す,https://news.web.nhk/newsweb/na/nd-20260821de45532
https://news.web.nhk/newsweb/na/nd-20260821de45532,社会,527820,1,1787298840,1787823060,中野サンプラザ再開発 中野区が新たな事業計画の骨子を示す,https://news.web.nhk/newsweb/na/nd-20260821de45532
https://news.web.nhk/newsweb/na/nd-20260821de45534,主要,3600,1,1787305740,1787305740,小学校で児童11人ハチに刺され軽いけが 広島 庄原市,https://news.web.nhk/newsweb/na/nd-20260821de45534
https://news.web.nhk/newsweb/na/nd-20260821de45534,社会,520920,1,1787305740,1787823060,小学校で児童11人ハチに刺され軽いけが 広島 庄原市,https://news.web.nhk/newsweb/na/nd-20260821de45534
https://news.web.nhk/newsweb/na/nd-20260821de45541,主要,3600,1,1787298840,1787298840,さいたま市で記録的短時間大雨 災害が発生する危険,https://news.web.nhk/newsweb/na/nd-20260821de45541
https://news.web.nhk/newsweb/na/nd-20260821de45542,主要,6060,1,1787338320,1787340780,香港 天安門事件追悼団体と幹部に有罪判決,https://news.web.nhk/newsweb/na/nd-20260821de45542
https://news.web.nhk/newsweb/na/nd-20260821de45542,国際,517800,1,1787308860,1787823060,香港 天安門事件追悼団体と幹部に有罪判決,https://news.web.nhk/newsweb/na/nd-20260821de45542
https://news.web.nhk/newsweb/na/nd-20260821de45549,政治,514440,1,1787312220,1787823060,国債利払い費の想定金利は3.8％調整 国債費も膨張へ 概算要求,https://news.web.nhk/newsweb/na/nd-20260821de45549
https://news.web.nhk/newsweb/na/nd-20260821de45553,主要,6060,1,1787338320,1787340780,証拠の使用制限を法制審諮問へ 検証難しくなるおそれ,https://news.web.nhk/newsweb/na/nd-20260821de45553
https://news.web.nhk/newsweb/na/nd-20260821de45553,社会,509040,1,1787317620,1787823060,証拠の使用制限を法制審諮問へ 検証難しくなるおそれ,https://news.web.nhk/newsweb/na/nd-20260821de45553
https://news.web.nhk/newsweb/na/nd-20260821de45556,主要,6960,1,1787308860,1787312220,関東運輸局 東海汽船の事業停止処分検討で聴聞を実施,https://news.web.nhk/newsweb/na/nd-20260821de45556
https://news.web.nhk/newsweb/na/nd-20260821de45556,社会,517800,1,1787308860,1787823060,関東運輸局 東海汽船の事業停止処分検討で聴聞を実施,https://news.web.nhk/newsweb/na/nd-20260821de45556
https://news.web.nhk/newsweb/na/nd-20260821de45559,主要,3600,1,1787317620,1787317620,熊本地震 個人の井戸復旧を災害救助費で支援可能に 高市首相,https://news.web.nhk/newsweb/na/nd-20260821de45559
https://news.web.nhk/newsweb/na/nd-20260821de45559,政治,514440,1,1787312220,1787823060,熊本地震 個人の井戸復旧を災害救助費で支援可能に 高市首相,https://news.web.nhk/newsweb/na/nd-20260821de45559
https://news.web.nhk/newsweb/na/nd-20260821de45560,主要,3600,1,1787308860,1787308860,千葉豪雨 普通交付税約87億円 繰り上げて交付 総務省,https://news.web.nhk/newsweb/na/nd-20260821de45560
https://news.web.nhk/newsweb/na/nd-20260821de45560,政治,517800,1,1787308860,1787823060,千葉豪雨 普通交付税約87億円 繰り上げて交付 総務省,https://news.web.nhk/newsweb/na/nd-20260821de45560
https://news.web.nhk/newsweb/na/nd-20260821de45562,主要,6780,1,1787320560,1787323740,愛子さま 滋賀県でリハビリ続ける子どもたちと交流,https://news.web.nhk/newsweb/na/nd-20260821de45562
https://news.web.nhk/newsweb/na/nd-20260821de45562,社会,517800,1,1787308860,1787823060,愛子さま 滋賀県でリハビリ続ける子どもたちと交流,https://news.web.nhk/newsweb/na/nd-20260821de45562
https://news.web.nhk/newsweb/na/nd-20260821de45564,経済,520920,1,1787305740,1787823060,円相場 小幅に値下がり 日米の金利差拡大が意識され,https://news.web.nhk/newsweb/na/nd-20260821de45564
https://news.web.nhk/newsweb/na/nd-20260821de45566,政治,580380,1,1787317620,1787894400,法務省 ネット番組「ラヴ上等」とのタイアップ中止を発表,https://news.web.nhk/newsweb/na/nd-20260821de45566
https://news.web.nhk/newsweb/na/nd-20260821de45566,社会,580380,1,1787317620,1787894400,法務省 ネット番組「ラヴ上等」とのタイアップ中止を発表,https://news.web.nhk/newsweb/na/nd-20260821de45566
https://news.web.nhk/newsweb/na/nd-20260821de45568,社会,514440,1,1787312220,1787823060,秋田 風車の羽根落下事故 警察が立件見送る方針を遺族に伝える,https://news.web.nhk/newsweb/na/nd-20260821de45568
https://news.web.nhk/newsweb/na/nd-20260821de45571,主要,31800,1,1787305740,1787333940,佐賀 長崎道鳥栖IC付近 部活バス含む車6台関係の事故 10人搬送,https://news.web.nhk/newsweb/na/nd-20260821de45571
https://news.web.nhk/newsweb/na/nd-20260821de45571,社会,520920,1,1787305740,1787823060,佐賀 長崎道鳥栖IC付近 部活バス含む車6台関係の事故 10人搬送,https://news.web.nhk/newsweb/na/nd-20260821de45571
https://news.web.nhk/newsweb/na/nd-20260821de45572,社会,546180,1,1787351820,1787894400,【動画】Pickup NEWS（8月22日）,https://news.web.nhk/newsweb/na/nd-20260821de45572
https://news.web.nhk/newsweb/na/nd-20260821de45576,政治,517800,1,1787308860,1787823060,熊本地震 激甚指定追加で被災私立学校の復旧も支援へ 官房長官,https://news.web.nhk/newsweb/na/nd-20260821de45576
https://news.web.nhk/newsweb/na/nd-20260821de45578,社会,509040,1,1787317620,1787823060,巧妙な落とし穴 知らないうちに“トバシ口座”に加担,https://news.web.nhk/newsweb/na/nd-20260821de45578
https://news.web.nhk/newsweb/na/nd-20260821de45579,主要,3600,1,1787317620,1787317620,千葉豪雨 死者13人 浸水被害約3600棟 農業被害28億円,https://news.web.nhk/newsweb/na/nd-20260821de45579
https://news.web.nhk/newsweb/na/nd-20260821de45580,科学・文化,514440,1,1787312220,1787823060,囲碁 碁聖戦 井山碁聖が佐田七段に勝って６連覇,https://news.web.nhk/newsweb/na/nd-20260821de45580
https://news.web.nhk/newsweb/na/nd-20260821de45582,主要,23820,1,1787320560,1787340780,高市首相「信頼なければ政治成り立たない」中傷動画報道で説明,https://news.web.nhk/newsweb/na/nd-20260821de45582
https://news.web.nhk/newsweb/na/nd-20260821de45582,政治,509040,1,1787317620,1787823060,高市首相「信頼なければ政治成り立たない」中傷動画報道で説明,https://news.web.nhk/newsweb/na/nd-20260821de45582
https://news.web.nhk/newsweb/na/nd-20260821de45583,主要,9720,1,1787317620,1787323740,プロ目指した19歳ゴルフ場研修生自殺で労災認定 両親提訴 福島,https://news.web.nhk/newsweb/na/nd-20260821de45583
https://news.web.nhk/newsweb/na/nd-20260821de45583,社会,509040,1,1787317620,1787823060,プロ目指した19歳ゴルフ場研修生自殺で労災認定 両親提訴 福島,https://news.web.nhk/newsweb/na/nd-20260821de45583
https://news.web.nhk/newsweb/na/nd-20260821de45587,主要,10500,1,1787327040,1787333940,ウクライナとロシア 21日にかけても攻撃の応酬続く,https://news.web.nhk/newsweb/na/nd-20260821de45587
https://news.web.nhk/newsweb/na/nd-20260821de45587,国際,509040,1,1787317620,1787823060,ウクライナとロシア 21日にかけても攻撃の応酬続く,https://news.web.nhk/newsweb/na/nd-20260821de45587
https://news.web.nhk/newsweb/na/nd-20260821de45589,主要,26760,1,1787317620,1787340780,第175回 芥川賞・直木賞の贈呈式,https://news.web.nhk/newsweb/na/nd-20260821de45589
https://news.web.nhk/newsweb/na/nd-20260821de45589,社会,509040,1,1787317620,1787823060,第175回 芥川賞・直木賞の贈呈式,https://news.web.nhk/newsweb/na/nd-20260821de45589
https://news.web.nhk/newsweb/na/nd-20260821de45590,社会,509040,1,1787317620,1787823060,被害の千葉大病院支援 医療器具の洗浄設備貸し出し 東京科学大,https://news.web.nhk/newsweb/na/nd-20260821de45590
https://news.web.nhk/newsweb/na/nd-20260821de45591,国際,699540,1,1787317620,1788013560,超党派議員が来週訪中 中国外務省「正しい軌道への努力 留意」,https://news.web.nhk/newsweb/na/nd-20260821de45591
https://news.web.nhk/newsweb/na/nd-20260821de45591,政治,699540,1,1787317620,1788013560,超党派議員が来週訪中 中国外務省「正しい軌道への努力 留意」,https://news.web.nhk/newsweb/na/nd-20260821de45591
https://news.web.nhk/newsweb/na/nd-20260821de45593,政治,509040,1,1787317620,1787823060,消費税減税で自治体財政への措置を要望へ 総務省 概算要求で,https://news.web.nhk/newsweb/na/nd-20260821de45593
https://news.web.nhk/newsweb/na/nd-20260821de45594,主要,24660,1,1787327040,1787348100,中国 南部の大規模洪水で死者159人に 各地で大雨被害,https://news.web.nhk/newsweb/na/nd-20260821de45594
https://news.web.nhk/newsweb/na/nd-20260821de45594,国際,506100,1,1787320560,1787823060,中国 南部の大規模洪水で死者159人に 各地で大雨被害,https://news.web.nhk/newsweb/na/nd-20260821de45594
https://news.web.nhk/newsweb/na/nd-20260821de45596,政治,506100,1,1787320560,1787823060,経産省 ラピダス出資に1500億円要求へ 来年度予算の概算要求で,https://news.web.nhk/newsweb/na/nd-20260821de45596
https://news.web.nhk/newsweb/na/nd-20260821de45596,経済,506100,1,1787320560,1787823060,経産省 ラピダス出資に1500億円要求へ 来年度予算の概算要求で,https://news.web.nhk/newsweb/na/nd-20260821de45596
https://news.web.nhk/newsweb/na/nd-20260821de45597,スポーツ,580380,1,1787317620,1787894400,【プロ野球結果】セ・リーグ首位阪神がDeNAに勝利,https://news.web.nhk/newsweb/na/nd-20260821de45597
https://news.web.nhk/newsweb/na/nd-20260821de45598,社会,579120,1,1787438040,1788013560,時間外労働「月45時間以内」一律指導取りやめ 連合は懸念示す,https://news.web.nhk/newsweb/na/nd-20260821de45598
https://news.web.nhk/newsweb/na/nd-20260821de45600,主要,26940,1,1787344560,1787367900,内閣改造と党役員人事 来月の見方広がる 鈴木幹事長の続投焦点,https://news.web.nhk/newsweb/na/nd-20260821de45600
https://news.web.nhk/newsweb/na/nd-20260821de45600,政治,553440,1,1787344560,1787894400,内閣改造と党役員人事 来月の見方広がる 鈴木幹事長の続投焦点,https://news.web.nhk/newsweb/na/nd-20260821de45600
https://news.web.nhk/newsweb/na/nd-20260821de45601,主要,7140,1,1787344560,1787348100,千葉豪雨受け アンダーパスを緊急点検 3か所で異常 国交省,https://news.web.nhk/newsweb/na/nd-20260821de45601
https://news.web.nhk/newsweb/na/nd-20260821de45601,社会,553440,1,1787344560,1787894400,千葉豪雨受け アンダーパスを緊急点検 3か所で異常 国交省,https://news.web.nhk/newsweb/na/nd-20260821de45601
https://news.web.nhk/newsweb/na/nd-20260821de45603,主要,10800,1,1787348100,1787355300,秋篠宮ご夫妻 日本人のパラグアイ移住90周年記念式典に,https://news.web.nhk/newsweb/na/nd-20260821de45603
https://news.web.nhk/newsweb/na/nd-20260821de45603,国際,549900,1,1787348100,1787894400,秋篠宮ご夫妻 日本人のパラグアイ移住90周年記念式典に,https://news.web.nhk/newsweb/na/nd-20260821de45603
https://news.web.nhk/newsweb/na/nd-20260821de45603,社会,549900,1,1787348100,1787894400,秋篠宮ご夫妻 日本人のパラグアイ移住90周年記念式典に,https://news.web.nhk/newsweb/na/nd-20260821de45603
https://news.web.nhk/newsweb/na/nd-20260821de45604,主要,32580,1,1787348100,1787377080,午前中から猛暑日 酷暑日予想も広く大気不安定 台風にも注意を,https://news.web.nhk/newsweb/na/nd-20260821de45604
https://news.web.nhk/newsweb/na/nd-20260821de45606,国際,549900,1,1787348100,1787894400,中国とインドネシアの外相 初の「包括的戦略対話」,https://news.web.nhk/newsweb/na/nd-20260821de45606
https://news.web.nhk/newsweb/na/nd-20260821de45607,国際,549900,1,1787348100,1787894400,中国で米研究者が拘束 米国務省“不当拘束”解放を求める,https://news.web.nhk/newsweb/na/nd-20260821de45607
https://news.web.nhk/newsweb/na/nd-20260821de45608,社会,553440,1,1787344560,1787894400,熊本 氷川町 レンコン農家 地震被害で例年より遅い収穫,https://news.web.nhk/newsweb/na/nd-20260821de45608
https://news.web.nhk/newsweb/na/nd-20260821de45610,スポーツ,502920,1,1787323740,1787823060,サッカーJ1 第3節 柏レイソルが開幕3連勝,https://news.web.nhk/newsweb/na/nd-20260821de45610
https://news.web.nhk/newsweb/na/nd-20260822de45613,主要,22200,1,1787344560,1787363160,栃木4人死亡事故 運転士「急ブレーキかけたが間に合わず」,https://news.web.nhk/newsweb/na/nd-20260822de45613
https://news.web.nhk/newsweb/na/nd-20260822de45613,社会,553440,1,1787344560,1787894400,栃木4人死亡事故 運転士「急ブレーキかけたが間に合わず」,https://news.web.nhk/newsweb/na/nd-20260822de45613
https://news.web.nhk/newsweb/na/nd-20260822de45615,主要,28860,1,1787351820,1787377080,千葉 路上の車両の所有者への引き渡し 警察などに協力求める,https://news.web.nhk/newsweb/na/nd-20260822de45615
https://news.web.nhk/newsweb/na/nd-20260822de45615,社会,549900,1,1787348100,1787894400,千葉 路上の車両の所有者への引き渡し 警察などに協力求める,https://news.web.nhk/newsweb/na/nd-20260822de45615
https://news.web.nhk/newsweb/na/nd-20260822de45617,国際,549900,1,1787348100,1787894400,“ロシア軍兵士の死者は24万人以上”英BBCなどが調査し報じる,https://news.web.nhk/newsweb/na/nd-20260822de45617
https://news.web.nhk/newsweb/na/nd-20260822de45618,主要,47220,1,1787344560,1787388180,台風18号 来週 南西諸島に近づくおそれ 今後の情報に注意を,https://news.web.nhk/newsweb/na/nd-20260822de45618
https://news.web.nhk/newsweb/na/nd-20260822de45623,主要,19680,1,1787351820,1787367900,ICC赤根智子所長「『法の支配』の終えんの始まりとさせない」,https://news.web.nhk/newsweb/na/nd-20260822de45623
https://news.web.nhk/newsweb/na/nd-20260822de45623,国際,546180,1,1787351820,1787894400,ICC赤根智子所長「『法の支配』の終えんの始まりとさせない」,https://news.web.nhk/newsweb/na/nd-20260822de45623
https://news.web.nhk/newsweb/na/nd-20260822de45628,国際,534840,1,1787363160,1787894400,次の国連事務総長選出へ 2回目の非公開投票も混戦に,https://news.web.nhk/newsweb/na/nd-20260822de45628
https://news.web.nhk/newsweb/na/nd-20260822de45629,国際,530100,1,1787367900,1787894400,米元高官“イラン制裁の効果見極め必要 軍事攻撃再開も”,https://news.web.nhk/newsweb/na/nd-20260822de45629
https://news.web.nhk/newsweb/na/nd-20260822de45635,主要,10020,1,1787381760,1787388180,台風19号が発生 日本への直接の影響ない見込み,https://news.web.nhk/newsweb/na/nd-20260822de45635
https://news.web.nhk/newsweb/na/nd-20260822de45638,主要,12780,1,1787367900,1787377080,高市首相 SNSで政策発信強化 理解広めるねらいも,https://news.web.nhk/newsweb/na/nd-20260822de45638
https://news.web.nhk/newsweb/na/nd-20260822de45638,政治,530100,1,1787367900,1787894400,高市首相 SNSで政策発信強化 理解広めるねらいも,https://news.web.nhk/newsweb/na/nd-20260822de45638
https://news.web.nhk/newsweb/na/nd-20260822de45639,スポーツ,527220,1,1787370780,1787894400,アジア大会 トーチ掲げリレースタート 名古屋,https://news.web.nhk/newsweb/na/nd-20260822de45639
https://news.web.nhk/newsweb/na/nd-20260822de45639,主要,3600,1,1787370780,1787370780,アジア大会 トーチ掲げリレースタート 名古屋,https://news.web.nhk/newsweb/na/nd-20260822de45639
https://news.web.nhk/newsweb/na/nd-20260822de45640,主要,38820,1,1787370780,1787406000,国民民主党 代表選挙が告示 玉木氏と橋本氏が立候補,https://news.web.nhk/newsweb/na/nd-20260822de45640
https://news.web.nhk/newsweb/na/nd-20260822de45640,政治,527220,1,1787370780,1787894400,国民民主党 代表選挙が告示 玉木氏と橋本氏が立候補,https://news.web.nhk/newsweb/na/nd-20260822de45640
https://news.web.nhk/newsweb/na/nd-20260822de45641,主要,12780,1,1787367900,1787377080,千葉豪雨 被害住宅の応急修理支援する制度 受け付け順次始まる,https://news.web.nhk/newsweb/na/nd-20260822de45641
https://news.web.nhk/newsweb/na/nd-20260822de45643,主要,6780,1,1787373900,1787377080,トランプ大統領 経済制裁強化しイラン側の対応見極める考え,https://news.web.nhk/newsweb/na/nd-20260822de45643
https://news.web.nhk/newsweb/na/nd-20260822de45643,国際,524100,1,1787373900,1787894400,【詳細】トランプ氏 経済制裁強化しイランの対応見極める考え,https://news.web.nhk/newsweb/na/nd-20260822de45643
https://news.web.nhk/newsweb/na/nd-20260822de45647,スポーツ,520920,1,1787377080,1787894400,女子ゴルフ 米ツアー第2ラウンド 山下美夢有 5打差で首位守る,https://news.web.nhk/newsweb/na/nd-20260822de45647
https://news.web.nhk/newsweb/na/nd-20260822de45650,スポーツ,520920,1,1787377080,1787894400,ホワイトソックス 村上宗隆 無安打もチームはサヨナラ勝ち,https://news.web.nhk/newsweb/na/nd-20260822de45650
https://news.web.nhk/newsweb/na/nd-20260822de45651,スポーツ,520920,1,1787377080,1787894400,ブルージェイズ 岡本和真 7試合連続ヒットもチームは敗れる,https://news.web.nhk/newsweb/na/nd-20260822de45651
https://news.web.nhk/newsweb/na/nd-20260822de45652,国際,516240,1,1787381760,1787894400,TikTok 米司法省に4億ドル支払いで和解,https://news.web.nhk/newsweb/na/nd-20260822de45652
https://news.web.nhk/newsweb/na/nd-20260822de45655,主要,13260,1,1787381760,1787391420,台風20号が発生 先島諸島では土砂災害に警戒を,https://news.web.nhk/newsweb/na/nd-20260822de45655
https://news.web.nhk/newsweb/na/nd-20260822de45656,政治,520920,1,1787377080,1787894400,熊本地震支援 「応援割」念頭に観光需要喚起策 木原官房長官,https://news.web.nhk/newsweb/na/nd-20260822de45656
https://news.web.nhk/newsweb/na/nd-20260822de45658,スポーツ,516240,1,1787381760,1787894400,カブス 鈴木誠也 3試合ぶりにヒットもチームはサヨナラ負け,https://news.web.nhk/newsweb/na/nd-20260822de45658
https://news.web.nhk/newsweb/na/nd-20260822de45659,政治,566940,1,1787450220,1788013560,電子投票で投票どう変わる？視覚障害者の“取り残される思い”,https://news.web.nhk/newsweb/na/nd-20260822de45659
https://news.web.nhk/newsweb/na/nd-20260822de45660,スポーツ,516240,1,1787381760,1787894400,ドジャース4連勝 山本由伸好投も13勝目ならず 大谷翔平1安打,https://news.web.nhk/newsweb/na/nd-20260822de45660
https://news.web.nhk/newsweb/na/nd-20260822de45660,主要,10020,1,1787381760,1787388180,ドジャース4連勝 山本由伸好投も13勝目ならず 大谷翔平1安打,https://news.web.nhk/newsweb/na/nd-20260822de45660
https://news.web.nhk/newsweb/na/nd-20260822de45661,主要,6240,1,1787381760,1787384400,トランプ政権 カナダ産乳製品やワインなどに50％追加関税発動,https://news.web.nhk/newsweb/na/nd-20260822de45661
https://news.web.nhk/newsweb/na/nd-20260822de45661,国際,516240,1,1787381760,1787894400,トランプ政権 カナダ産乳製品やワインなどに50％追加関税発動,https://news.web.nhk/newsweb/na/nd-20260822de45661
https://news.web.nhk/newsweb/na/nd-20260822de45666,政治,503040,1,1787394960,1787894400,自民 小林政調会長 税制改正大綱速やかに 農業など支援策議論,https://news.web.nhk/newsweb/na/nd-20260822de45666
https://news.web.nhk/newsweb/na/nd-20260822de45669,主要,6840,1,1787388180,1787391420,東京23区 レベル4大雨危険警報 中央区・荒川区・台東区にも,https://news.web.nhk/newsweb/na/nd-20260822de45669
https://news.web.nhk/newsweb/na/nd-20260822de45670,社会,503040,1,1787394960,1787894400,青森 十和田 外国人観光客がクマに襲われけが 命に別状なし,https://news.web.nhk/newsweb/na/nd-20260822de45670
https://news.web.nhk/newsweb/na/nd-20260822de45671,主要,6840,1,1787388180,1787391420,東京 北区と板橋区付近 埼玉 戸田市付近で記録的な大雨,https://news.web.nhk/newsweb/na/nd-20260822de45671
https://news.web.nhk/newsweb/na/nd-20260822de45675,主要,25200,1,1787394960,1787416560,栃木4人死亡列車事故 運転士200メートル手前で進入許可認識か,https://news.web.nhk/newsweb/na/nd-20260822de45675
https://news.web.nhk/newsweb/na/nd-20260822de45675,社会,503040,1,1787394960,1787894400,栃木4人死亡列車事故 運転士200メートル手前で進入許可認識か,https://news.web.nhk/newsweb/na/nd-20260822de45675
https://news.web.nhk/newsweb/na/nd-20260822de45677,主要,25200,1,1787394960,1787416560,千葉豪雨 死者13人 浸水被害約3900棟 外房線あす全線運転再開,https://news.web.nhk/newsweb/na/nd-20260822de45677
https://news.web.nhk/newsweb/na/nd-20260822de45681,スポーツ,506580,1,1787391420,1787894400,夏の甲子園 期間中の熱中症疑い選手 のべ16人 去年より8人減,https://news.web.nhk/newsweb/na/nd-20260822de45681
https://news.web.nhk/newsweb/na/nd-20260822de45681,社会,506580,1,1787391420,1787894400,夏の甲子園 期間中の熱中症疑い選手 のべ16人 去年より8人減,https://news.web.nhk/newsweb/na/nd-20260822de45681
https://news.web.nhk/newsweb/na/nd-20260822de45682,主要,32100,1,1787391420,1787419920,関東南部で一時 猛烈な雨 低地の浸水や川の増水に警戒を,https://news.web.nhk/newsweb/na/nd-20260822de45682
https://news.web.nhk/newsweb/na/nd-20260822de45690,主要,3600,1,1787391420,1787391420,東京 善福寺川にレベル4氾濫危険警報,https://news.web.nhk/newsweb/na/nd-20260822de45690
https://news.web.nhk/newsweb/na/nd-20260822de45693,主要,28560,1,1787394960,1787419920,台風20号の影響 沖縄 八重山地方で23日に線状降水帯発生おそれ,https://news.web.nhk/newsweb/na/nd-20260822de45693
https://news.web.nhk/newsweb/na/nd-20260822de45694,主要,3600,1,1787391420,1787391420,東京 神田川にレベル4氾濫危険警報,https://news.web.nhk/newsweb/na/nd-20260822de45694
https://news.web.nhk/newsweb/na/nd-20260822de45697,国際,503040,1,1787394960,1787894400,ウクライナの商業施設に無人機攻撃 16人死亡 100人以上けが,https://news.web.nhk/newsweb/na/nd-20260822de45697
https://news.web.nhk/newsweb/na/nd-20260822de45700,主要,3600,1,1787394960,1787394960,東京 白子川 一時「氾濫発生水位」上回る,https://news.web.nhk/newsweb/na/nd-20260822de45700
https://news.web.nhk/newsweb/na/nd-20260822de45704,スポーツ,503040,1,1787394960,1787894400,野球 18歳以下の日本代表に横浜高校 織田翔希投手など18人,https://news.web.nhk/newsweb/na/nd-20260822de45704
https://news.web.nhk/newsweb/na/nd-20260822de45705,科学・文化,494580,1,1787403420,1787894400,初の女性プロ棋士資格かけた「白玲戦」 西山朋佳は初戦白星,https://news.web.nhk/newsweb/na/nd-20260822de45705
https://news.web.nhk/newsweb/na/nd-20260822de45709,主要,3600,1,1787398320,1787398320,横浜市 港北区・鶴見区に避難指示　,https://news.web.nhk/newsweb/na/nd-20260822de45709
https://news.web.nhk/newsweb/na/nd-20260822de45711,社会,579120,1,1787438040,1788013560,【動画】Pickup NEWS（8月23日）,https://news.web.nhk/newsweb/na/nd-20260822de45711
https://news.web.nhk/newsweb/na/nd-20260822de45716,主要,16740,1,1787403420,1787416560,東京駅近くで信号機が地面に沈む 工事中 大雨が原因の可能性,https://news.web.nhk/newsweb/na/nd-20260822de45716
https://news.web.nhk/newsweb/na/nd-20260822de45718,主要,25380,1,1787409180,1787430960,滋賀 野洲 化学工場で男性作業員2人が死亡 酸欠か,https://news.web.nhk/newsweb/na/nd-20260822de45718
https://news.web.nhk/newsweb/na/nd-20260822de45718,社会,492000,1,1787406000,1787894400,滋賀 野洲 化学工場で男性作業員2人が死亡 酸欠か,https://news.web.nhk/newsweb/na/nd-20260822de45718
https://news.web.nhk/newsweb/na/nd-20260822de45723,スポーツ,492000,1,1787406000,1787894400,サッカー女子 WEリーグ開幕 連覇ねらう神戸は広島に逆転勝ち,https://news.web.nhk/newsweb/na/nd-20260822de45723
https://news.web.nhk/newsweb/na/nd-20260822de45724,スポーツ,492000,1,1787406000,1787894400,【プロ野球結果】巨人5年目 プロ初先発の代木が初勝利,https://news.web.nhk/newsweb/na/nd-20260822de45724
https://news.web.nhk/newsweb/na/nd-20260822de45727,スポーツ,488820,1,1787409180,1787894400,サッカーJ1 第3節 鹿島アントラーズが開幕3連勝,https://news.web.nhk/newsweb/na/nd-20260822de45727
https://news.web.nhk/newsweb/na/nd-20260822de45729,スポーツ,582840,1,1787434320,1788013560,サッカーW杯で暴行 アルゼンチンの選手など出場停止と罰金処分,https://news.web.nhk/newsweb/na/nd-20260822de45729
https://news.web.nhk/newsweb/na/nd-20260823de45731,主要,10740,1,1787434320,1787441460,東京 杉並 道路が冠水し看板が水に流される【22日・映像】,https://news.web.nhk/newsweb/na/nd-20260823de45731
https://news.web.nhk/newsweb/na/nd-20260823de45732,主要,3600,1,1787416560,1787416560,沖縄 石垣市と竹富町に避難指示,https://news.web.nhk/newsweb/na/nd-20260823de45732
https://news.web.nhk/newsweb/na/nd-20260823de45733,主要,14640,1,1787463600,1787474640,ウクライナがロシア物流施設など攻撃 ロシアは攻撃強化を強調,https://news.web.nhk/newsweb/na/nd-20260823de45733
https://news.web.nhk/newsweb/na/nd-20260823de45733,国際,553560,1,1787463600,1788013560,ウクライナがロシア物流施設など攻撃 ロシアは攻撃強化を強調,https://news.web.nhk/newsweb/na/nd-20260823de45733
https://news.web.nhk/newsweb/na/nd-20260823de45734,主要,8160,1,1787450220,1787454780,熊本 宇城 被災地で外国人支援へ 仮設シャワー設置に向け調査,https://news.web.nhk/newsweb/na/nd-20260823de45734
https://news.web.nhk/newsweb/na/nd-20260823de45735,国際,575700,1,1787441460,1788013560,NASA 次世代宇宙望遠鏡打ち上げへ 視野は従来型の100倍超え,https://news.web.nhk/newsweb/na/nd-20260823de45735
https://news.web.nhk/newsweb/na/nd-20260823de45735,科学・文化,575700,1,1787441460,1788013560,NASA 次世代宇宙望遠鏡打ち上げへ 視野は従来型の100倍超え,https://news.web.nhk/newsweb/na/nd-20260823de45735
https://news.web.nhk/newsweb/na/nd-20260823de45736,社会,600600,1,1787416560,1788013560,JR外房線 きょう始発から全線で運転再開 地震の影響はなし,https://news.web.nhk/newsweb/na/nd-20260823de45736
https://news.web.nhk/newsweb/na/nd-20260823de45737,主要,40020,1,1787441460,1787477880,東武鉄道子会社を業務上過失致死容疑で捜索 4人死亡事故 警察,https://news.web.nhk/newsweb/na/nd-20260823de45737
https://news.web.nhk/newsweb/na/nd-20260823de45737,社会,575700,1,1787441460,1788013560,東武鉄道子会社を業務上過失致死容疑で捜索 4人死亡事故 警察,https://news.web.nhk/newsweb/na/nd-20260823de45737
https://news.web.nhk/newsweb/na/nd-20260823de45738,主要,61560,1,1787419920,1787477880,茨城 東京 埼玉 千葉で震度5弱 気象庁“今後1週間程度は注意”,https://news.web.nhk/newsweb/na/nd-20260823de45738
https://news.web.nhk/newsweb/na/nd-20260823de45739,主要,3600,1,1787419920,1787419920,地震 東京 渋谷では,https://news.web.nhk/newsweb/na/nd-20260823de45739
https://news.web.nhk/newsweb/na/nd-20260823de45740,主要,3600,1,1787419920,1787419920,茨城県古河市管轄の警察署「30秒ほどの横揺れ続いた」,https://news.web.nhk/newsweb/na/nd-20260823de45740
https://news.web.nhk/newsweb/na/nd-20260823de45741,主要,3600,1,1787419920,1787419920,震度5弱の注意点は,https://news.web.nhk/newsweb/na/nd-20260823de45741
https://news.web.nhk/newsweb/na/nd-20260823de45742,主要,3600,1,1787419920,1787419920,東海第二原発 異常ないか確認中 長期間運転を停止中,https://news.web.nhk/newsweb/na/nd-20260823de45742
https://news.web.nhk/newsweb/na/nd-20260823de45743,主要,16980,1,1787424660,1787438040,【地震】東京 江東区“水道管が破裂”道路に水があふれ出す,https://news.web.nhk/newsweb/na/nd-20260823de45743
https://news.web.nhk/newsweb/na/nd-20260823de45744,主要,50520,1,1787430960,1787477880,【被害情報まとめ】地震 埼玉県や神奈川県などで複数のけが人,https://news.web.nhk/newsweb/na/nd-20260823de45744
https://news.web.nhk/newsweb/na/nd-20260823de45752,経済,592500,1,1787424660,1788013560,【地震】携帯各社 通話・通信への影響確認されず（2:30）,https://news.web.nhk/newsweb/na/nd-20260823de45752
https://news.web.nhk/newsweb/na/nd-20260823de45756,主要,6000,1,1787424660,1787427060,都内複数の場所で一時エレベーター停止閉じ込めもすでに解消,https://news.web.nhk/newsweb/na/nd-20260823de45756
https://news.web.nhk/newsweb/na/nd-20260823de45758,主要,3600,1,1787424660,1787424660,【地震】震度5弱 埼玉 川口市 「家から出られない」消防に通報,https://news.web.nhk/newsweb/na/nd-20260823de45758
https://news.web.nhk/newsweb/na/nd-20260823de45759,政治,592500,1,1787424660,1788013560,【地震】高市首相“被害状況の把握など指示”SNS投稿,https://news.web.nhk/newsweb/na/nd-20260823de45759
https://news.web.nhk/newsweb/na/nd-20260823de45760,主要,7500,1,1787427060,1787430960,地震による交通機関への影響,https://news.web.nhk/newsweb/na/nd-20260823de45760
https://news.web.nhk/newsweb/na/nd-20260823de45762,主要,6000,1,1787424660,1787427060,【地震】川崎市で2人けがの情報,https://news.web.nhk/newsweb/na/nd-20260823de45762
https://news.web.nhk/newsweb/na/nd-20260823de45764,主要,9900,1,1787424660,1787430960,【地震】千葉 市川「広尾防災公園で水あふれ出している」通報,https://news.web.nhk/newsweb/na/nd-20260823de45764
https://news.web.nhk/newsweb/na/nd-20260823de45766,主要,3600,1,1787427060,1787427060,【地震】埼玉 浦和区「マンホールから水あふれた」複数通報,https://news.web.nhk/newsweb/na/nd-20260823de45766
https://news.web.nhk/newsweb/na/nd-20260823de45767,社会,592500,1,1787424660,1788013560,【地震】茨城 高速道路の被害確認されず 警察,https://news.web.nhk/newsweb/na/nd-20260823de45767
https://news.web.nhk/newsweb/na/nd-20260823de45769,主要,3600,1,1787424660,1787424660,【地震】東京メトロ 安全確認で遅れが出る可能性も,https://news.web.nhk/newsweb/na/nd-20260823de45769
https://news.web.nhk/newsweb/na/nd-20260823de45772,主要,3600,1,1787427060,1787427060,【地震】さいたま市の消防本部「市内で2人けがの情報」,https://news.web.nhk/newsweb/na/nd-20260823de45772
https://news.web.nhk/newsweb/na/nd-20260823de45791,主要,14100,1,1787430960,1787441460,東京 足立区のスーパー 消火剤が大量に噴射 地震で誤作動か,https://news.web.nhk/newsweb/na/nd-20260823de45791
https://news.web.nhk/newsweb/na/nd-20260823de45798,主要,86580,1,1787434320,1787517300,台風20号 先島諸島で大雨 台風18号 25日から沖縄 奄美に接近へ,https://news.web.nhk/newsweb/na/nd-20260823de45798
https://news.web.nhk/newsweb/na/nd-20260823de45803,主要,3600,1,1787434320,1787434320,【地震】茨城 牛久市役所で天井の一部落ちる,https://news.web.nhk/newsweb/na/nd-20260823de45803
https://news.web.nhk/newsweb/na/nd-20260823de45804,主要,3600,1,1787450220,1787450220,ICC赤根所長「存続確保に力を」と日本への期待示す,https://news.web.nhk/newsweb/na/nd-20260823de45804
https://news.web.nhk/newsweb/na/nd-20260823de45804,国際,575700,1,1787441460,1788013560,ICC赤根所長「存続確保に力を」と日本への期待示す,https://news.web.nhk/newsweb/na/nd-20260823de45804
https://news.web.nhk/newsweb/na/nd-20260823de45805,主要,82860,1,1787438040,1787517300,24日は大分で40度予想 西・東日本で猛烈な暑さか 熱中症対策を,https://news.web.nhk/newsweb/na/nd-20260823de45805
https://news.web.nhk/newsweb/na/nd-20260823de45806,社会,579120,1,1787438040,1788013560,大分 臼杵 79歳男性が死亡 熱中症か,https://news.web.nhk/newsweb/na/nd-20260823de45806
https://news.web.nhk/newsweb/na/nd-20260823de45812,スポーツ,566940,1,1787450220,1788013560,ドジャース 大谷翔平 実戦形式に登板し30球 投手復帰へ着々,https://news.web.nhk/newsweb/na/nd-20260823de45812
https://news.web.nhk/newsweb/na/nd-20260823de45815,スポーツ,575700,1,1787441460,1788013560,りくりゅう 三浦さんと木原さん婚約 フィギュアペアで五輪金,https://news.web.nhk/newsweb/na/nd-20260823de45815
https://news.web.nhk/newsweb/na/nd-20260823de45815,主要,16920,1,1787441460,1787454780,りくりゅう 三浦さんと木原さん婚約 フィギュアペアで五輪金,https://news.web.nhk/newsweb/na/nd-20260823de45815
https://news.web.nhk/newsweb/na/nd-20260823de45819,主要,3600,1,1787460540,1787460540,カナダがアメリカへの対抗関税を9月8日に発動へ,https://news.web.nhk/newsweb/na/nd-20260823de45819
https://news.web.nhk/newsweb/na/nd-20260823de45819,国際,562380,1,1787454780,1788013560,カナダがアメリカへの対抗関税を9月8日に発動へ,https://news.web.nhk/newsweb/na/nd-20260823de45819
https://news.web.nhk/newsweb/na/nd-20260823de45821,主要,9360,1,1787454780,1787460540,米は制裁で圧力強化へ イラン“米に協力した国は敵と見なす”,https://news.web.nhk/newsweb/na/nd-20260823de45821
https://news.web.nhk/newsweb/na/nd-20260823de45821,国際,562380,1,1787454780,1788013560,【詳細】米は制裁で圧力強化へ イラン“米に協力した国は敵”,https://news.web.nhk/newsweb/na/nd-20260823de45821
https://news.web.nhk/newsweb/na/nd-20260823de45829,主要,8160,1,1787450220,1787454780,JR山手線で人身事故 全線で運転見合わせ,https://news.web.nhk/newsweb/na/nd-20260823de45829
https://news.web.nhk/newsweb/na/nd-20260823de45829,社会,566940,1,1787450220,1788013560,JR山手線 全線で運転再開　,https://news.web.nhk/newsweb/na/nd-20260823de45829
https://news.web.nhk/newsweb/na/nd-20260823de45833,主要,24660,1,1787463600,1787484660,アメリカ建国250年記念し自動車レース トランプ氏が開催推進,https://news.web.nhk/newsweb/na/nd-20260823de45833
https://news.web.nhk/newsweb/na/nd-20260823de45833,国際,553560,1,1787463600,1788013560,アメリカ建国250年記念し自動車レース トランプ氏が開催推進,https://news.web.nhk/newsweb/na/nd-20260823de45833
https://news.web.nhk/newsweb/na/nd-20260823de45833,経済,553560,1,1787463600,1788013560,アメリカ建国250年記念し自動車レース トランプ氏が開催推進,https://news.web.nhk/newsweb/na/nd-20260823de45833
https://news.web.nhk/newsweb/na/nd-20260823de45835,スポーツ,566940,1,1787450220,1788013560,ブルージェイズ岡本 8試合連続ヒットで勝利に貢献,https://news.web.nhk/newsweb/na/nd-20260823de45835
https://news.web.nhk/newsweb/na/nd-20260823de45846,主要,24420,1,1787489880,1787510700,北京で2回目の人型ロボット運動会 人類記録上回るなど性能向上,https://news.web.nhk/newsweb/na/nd-20260823de45846
https://news.web.nhk/newsweb/na/nd-20260823de45846,国際,532500,1,1787484660,1788013560,北京で2回目の人型ロボット運動会 人類記録上回るなど性能向上,https://news.web.nhk/newsweb/na/nd-20260823de45846
https://news.web.nhk/newsweb/na/nd-20260823de45846,科学・文化,532500,1,1787484660,1788013560,北京で2回目の人型ロボット運動会 人類記録上回るなど性能向上,https://news.web.nhk/newsweb/na/nd-20260823de45846
https://news.web.nhk/newsweb/na/nd-20260823de45847,社会,546180,1,1787470980,1788013560,秋篠宮ご夫妻 パラグアイで日本人が初めて移住した地域を訪問,https://news.web.nhk/newsweb/na/nd-20260823de45847
https://news.web.nhk/newsweb/na/nd-20260823de45855,スポーツ,556620,1,1787460540,1788013560,ドジャース 大谷翔平ノーヒット チームは競り勝って5連勝,https://news.web.nhk/newsweb/na/nd-20260823de45855
https://news.web.nhk/newsweb/na/nd-20260823de45857,スポーツ,553560,1,1787463600,1788013560,ホワイトソックス 村上宗隆 4試合ぶりヒット チームは敗れる,https://news.web.nhk/newsweb/na/nd-20260823de45857
https://news.web.nhk/newsweb/na/nd-20260823de45860,スポーツ,553560,1,1787463600,1788013560,カブス 鈴木誠也 1安打も2試合連続サヨナラ負け,https://news.web.nhk/newsweb/na/nd-20260823de45860
https://news.web.nhk/newsweb/na/nd-20260823de45864,スポーツ,548940,1,1787468220,1788013560,女子ゴルフ米ツアー 山下美夢有が6打差で単独首位,https://news.web.nhk/newsweb/na/nd-20260823de45864
https://news.web.nhk/newsweb/na/nd-20260823de45869,スポーツ,546180,1,1787470980,1788013560,サッカー イングランドプレミアリーグ 開幕節 日本選手3人出場,https://news.web.nhk/newsweb/na/nd-20260823de45869
https://news.web.nhk/newsweb/na/nd-20260823de45871,主要,13620,1,1787474640,1787484660,千葉豪雨 浸水被害多数の大網白里市でNPOが住宅片づけの説明会,https://news.web.nhk/newsweb/na/nd-20260823de45871
https://news.web.nhk/newsweb/na/nd-20260823de45871,社会,546180,1,1787470980,1788013560,千葉豪雨 浸水被害多数の大網白里市でNPOが住宅片づけの説明会,https://news.web.nhk/newsweb/na/nd-20260823de45871
https://news.web.nhk/newsweb/na/nd-20260823de45874,スポーツ,542520,1,1787474640,1788013560,女子ゴルフ 国内ツアー 吉田鈴が今季2勝目,https://news.web.nhk/newsweb/na/nd-20260823de45874
https://news.web.nhk/newsweb/na/nd-20260823de45875,主要,6900,1,1787481360,1787484660,「シベリア抑留」追悼式 元抑留者や遺族“実態解明を”,https://news.web.nhk/newsweb/na/nd-20260823de45875
https://news.web.nhk/newsweb/na/nd-20260823de45875,社会,539280,1,1787477880,1788013560,「シベリア抑留」追悼式 元抑留者や遺族“実態解明を”,https://news.web.nhk/newsweb/na/nd-20260823de45875
https://news.web.nhk/newsweb/na/nd-20260823de45876,主要,18180,1,1787477880,1787492460,報道写真家の石川文洋さん死去 ベトナム戦争など最前線で取材,https://news.web.nhk/newsweb/na/nd-20260823de45876
https://news.web.nhk/newsweb/na/nd-20260823de45876,科学・文化,539280,1,1787477880,1788013560,報道写真家の石川文洋さん死去 ベトナム戦争など最前線で取材,https://news.web.nhk/newsweb/na/nd-20260823de45876
https://news.web.nhk/newsweb/na/nd-20260823de45877,主要,35700,1,1787481360,1787513460,東武鉄道4人死亡事故 事故当日3本の列車は問題なく通過か,https://news.web.nhk/newsweb/na/nd-20260823de45877
https://news.web.nhk/newsweb/na/nd-20260823de45877,社会,535800,1,1787481360,1788013560,東武鉄道4人死亡事故 事故当日3本の列車は問題なく通過か,https://news.web.nhk/newsweb/na/nd-20260823de45877
https://news.web.nhk/newsweb/na/nd-20260823de45878,社会,532500,1,1787484660,1788013560,千葉豪雨 死者13人 浸水被害3900棟余 外房線全線再開,https://news.web.nhk/newsweb/na/nd-20260823de45878
https://news.web.nhk/newsweb/na/nd-20260823de45881,主要,27180,1,1787489880,1787513460,専門家 “関東の地下にある「地震の巣」で発生 備え確認を”,https://news.web.nhk/newsweb/na/nd-20260823de45881
https://news.web.nhk/newsweb/na/nd-20260823de45885,スポーツ,532500,1,1787484660,1788013560,男子ゴルフ 国内ツアー 平本世中が32アンダーでツアー初優勝,https://news.web.nhk/newsweb/na/nd-20260823de45885
https://news.web.nhk/newsweb/na/nd-20260823de45888,主要,10740,1,1787520720,1787527860,経産省など 家事支援・ベビーシッター利用の税制優遇を要望へ,https://news.web.nhk/newsweb/na/nd-20260823de45888
https://news.web.nhk/newsweb/na/nd-20260823de45888,暮らし,580440,1,1787517300,1788094140,経産省など 家事支援・ベビーシッター利用の税制優遇を要望へ,https://news.web.nhk/newsweb/na/nd-20260823de45888
https://news.web.nhk/newsweb/na/nd-20260823de45888,経済,580440,1,1787517300,1788094140,経産省など 家事支援・ベビーシッター利用の税制優遇を要望へ,https://news.web.nhk/newsweb/na/nd-20260823de45888
https://news.web.nhk/newsweb/na/nd-20260823de45889,主要,10740,1,1787520720,1787527860,SNSの子どもへの影響 IT大手で被害未然防止の取り組み広がる,https://news.web.nhk/newsweb/na/nd-20260823de45889
https://news.web.nhk/newsweb/na/nd-20260823de45889,暮らし,580440,1,1787517300,1788094140,SNSの子どもへの影響 IT大手で被害未然防止の取り組み広がる,https://news.web.nhk/newsweb/na/nd-20260823de45889
https://news.web.nhk/newsweb/na/nd-20260823de45889,経済,580440,1,1787517300,1788094140,SNSの子どもへの影響 IT大手で被害未然防止の取り組み広がる,https://news.web.nhk/newsweb/na/nd-20260823de45889
https://news.web.nhk/newsweb/na/nd-20260823de45890,スポーツ,532500,1,1787484660,1788013560,フィギュアスケート男子シングル 中田璃士がシニアデビュー,https://news.web.nhk/newsweb/na/nd-20260823de45890
https://news.web.nhk/newsweb/na/nd-20260823de45891,政治,532500,1,1787484660,1788013560,立民 水岡代表 3党合流 地方組織の意見踏まえ今週中にも結論を,https://news.web.nhk/newsweb/na/nd-20260823de45891
https://news.web.nhk/newsweb/na/nd-20260823de45892,主要,6180,1,1787489880,1787492460,千葉豪雨 水につかった車多数 JAFにレッカー対応依頼相次ぐ,https://news.web.nhk/newsweb/na/nd-20260823de45892
https://news.web.nhk/newsweb/na/nd-20260823de45893,社会,573240,1,1787524500,1788094140,【動画】Pickup NEWS（8月24日）,https://news.web.nhk/newsweb/na/nd-20260823de45893
https://news.web.nhk/newsweb/na/nd-20260823de45895,主要,14160,1,1787517300,1787527860,新方式で国産初の量子コンピューター稼働開始 分子科学研究所,https://news.web.nhk/newsweb/na/nd-20260823de45895
https://news.web.nhk/newsweb/na/nd-20260823de45895,社会,580440,1,1787517300,1788094140,新方式で国産初の量子コンピューター稼働開始 分子科学研究所,https://news.web.nhk/newsweb/na/nd-20260823de45895
https://news.web.nhk/newsweb/na/nd-20260823de45895,科学・文化,580440,1,1787517300,1788094140,新方式で国産初の量子コンピューター稼働開始 分子科学研究所,https://news.web.nhk/newsweb/na/nd-20260823de45895
https://news.web.nhk/newsweb/na/nd-20260823de45896,主要,3600,1,1787517300,1787517300,立民 3党合流 現時点で困難の見方広がる 執行部の判断が焦点に,https://news.web.nhk/newsweb/na/nd-20260823de45896
https://news.web.nhk/newsweb/na/nd-20260823de45896,政治,580440,1,1787517300,1788094140,立民 3党合流 現時点で困難の見方広がる 執行部の判断が焦点に,https://news.web.nhk/newsweb/na/nd-20260823de45896
https://news.web.nhk/newsweb/na/nd-20260823de45898,主要,87060,1,1787520720,1787604180,近畿で39度超 25日は熊本・大分など「酷暑日」に 熱中症対策を,https://news.web.nhk/newsweb/na/nd-20260823de45898
https://news.web.nhk/newsweb/na/nd-20260823de45898,社会,48420,1,1787520720,1787565540,近畿で39度超 熊本も猛烈な暑さに 熱中症対策の徹底を,https://news.web.nhk/newsweb/na/nd-20260823de45898
https://news.web.nhk/newsweb/na/nd-20260823de45899,主要,90420,1,1787520720,1787607540,台風18号 25日以降沖縄・奄美に接近 猛烈な風のおそれ 備えを,https://news.web.nhk/newsweb/na/nd-20260823de45899
https://news.web.nhk/newsweb/na/nd-20260823de45899,社会,666180,1,1787520720,1788183300,台風18号 25日以降沖縄・奄美に接近 猛烈な風のおそれ 備えを,https://news.web.nhk/newsweb/na/nd-20260823de45899
https://news.web.nhk/newsweb/na/nd-20260823de45900,主要,3600,1,1787517300,1787517300,茨城県南部の地震 最大震度5弱程度の地震に注意を,https://news.web.nhk/newsweb/na/nd-20260823de45900
https://news.web.nhk/newsweb/na/nd-20260823de45901,主要,3600,1,1787536500,1787536500,ABUロボコン香港で開催 地元の香港大学が優勝,https://news.web.nhk/newsweb/na/nd-20260823de45901
https://news.web.nhk/newsweb/na/nd-20260823de45901,国際,577020,1,1787520720,1788094140,ABUロボコン香港で開催 地元の香港大学が優勝,https://news.web.nhk/newsweb/na/nd-20260823de45901
https://news.web.nhk/newsweb/na/nd-20260823de45901,科学・文化,577020,1,1787520720,1788094140,ABUロボコン香港で開催 地元の香港大学が優勝,https://news.web.nhk/newsweb/na/nd-20260823de45901
https://news.web.nhk/newsweb/na/nd-20260823de45902,国際,580440,1,1787517300,1788094140,ウクライナ ゼレンスキー大統領 ロシアのミサイル増産に警戒,https://news.web.nhk/newsweb/na/nd-20260823de45902
https://news.web.nhk/newsweb/na/nd-20260823de45903,スポーツ,573240,1,1787524500,1788094140,ホワイトソックス 村上ノーヒット チームは9回にサヨナラ勝ち,https://news.web.nhk/newsweb/na/nd-20260823de45903
https://news.web.nhk/newsweb/na/nd-20260823de45904,スポーツ,561240,1,1787536500,1788094140,ドジャース 大谷翔平 盗塁決め先制点につなげる チーム6連勝,https://news.web.nhk/newsweb/na/nd-20260823de45904
https://news.web.nhk/newsweb/na/nd-20260823de45904,主要,3600,1,1787536500,1787536500,ドジャース 大谷翔平 盗塁決め先制点につなげる チーム6連勝,https://news.web.nhk/newsweb/na/nd-20260823de45904
https://news.web.nhk/newsweb/na/nd-20260823de45906,主要,22800,1,1787517300,1787536500,東武鉄道4人死亡事故 複数のミス重なった疑い 警察 経緯解明へ,https://news.web.nhk/newsweb/na/nd-20260823de45906
https://news.web.nhk/newsweb/na/nd-20260823de45906,社会,580440,1,1787517300,1788094140,東武鉄道4人死亡事故 複数のミス重なった疑い 警察 経緯解明へ,https://news.web.nhk/newsweb/na/nd-20260823de45906
https://news.web.nhk/newsweb/na/nd-20260823de45908,スポーツ,605280,1,1787492460,1788094140,【プロ野球結果】首位のソフトバンク オリックスに完封負け,https://news.web.nhk/newsweb/na/nd-20260823de45908
https://news.web.nhk/newsweb/na/nd-20260823de45910,スポーツ,521520,1,1787495640,1788013560,サッカーJ1 第3節 町田が開幕3連勝 浦和は3連敗,https://news.web.nhk/newsweb/na/nd-20260823de45910
https://news.web.nhk/newsweb/na/nd-20260823de45911,スポーツ,598560,1,1787499180,1788094140,バドミントン世界選手権 山口茜と奈良岡功大 決勝で敗れ準優勝,https://news.web.nhk/newsweb/na/nd-20260823de45911
https://news.web.nhk/newsweb/na/nd-20260823de45914,主要,21420,1,1787495640,1787513460,【地震情報】北海道函館市などで震度4 津波の心配なし,https://news.web.nhk/newsweb/na/nd-20260823de45914
https://news.web.nhk/newsweb/na/nd-20260823de45915,主要,21420,1,1787495640,1787513460,裁判官3人で審理の事件 1人で審理のミス さいたま地裁熊谷支部,https://news.web.nhk/newsweb/na/nd-20260823de45915
https://news.web.nhk/newsweb/na/nd-20260823de45915,社会,521520,1,1787495640,1788013560,裁判官3人で審理の事件 1人で審理のミス さいたま地裁熊谷支部,https://news.web.nhk/newsweb/na/nd-20260823de45915
https://news.web.nhk/newsweb/na/nd-20260823de45916,主要,19380,1,1787520720,1787536500,秋篠宮ご夫妻 イグアスで移住者ねぎらう,https://news.web.nhk/newsweb/na/nd-20260823de45916
https://news.web.nhk/newsweb/na/nd-20260823de45916,社会,577020,1,1787520720,1788094140,秋篠宮ご夫妻 イグアスで移住者ねぎらう,https://news.web.nhk/newsweb/na/nd-20260823de45916
https://news.web.nhk/newsweb/na/nd-20260824de45925,主要,7440,1,1787513460,1787517300,【地震情報】熊本県宇城市で震度3 津波の心配なし,https://news.web.nhk/newsweb/na/nd-20260824de45925
https://news.web.nhk/newsweb/na/nd-20260824de45929,社会,573240,1,1787524500,1788094140,【運転再開】小田急線 新百合ヶ丘ー町田 上下線,https://news.web.nhk/newsweb/na/nd-20260824de45929
https://news.web.nhk/newsweb/na/nd-20260824de45931,政治,569880,1,1787527860,1788094140,高市首相動静 2026年8月21日から23日,https://news.web.nhk/newsweb/na/nd-20260824de45931
https://news.web.nhk/newsweb/na/nd-20260824de45932,スポーツ,569880,1,1787527860,1788094140,ブルージェイズ 岡本和真 9試合連続ヒット チームは敗戦,https://news.web.nhk/newsweb/na/nd-20260824de45932
https://news.web.nhk/newsweb/na/nd-20260824de45933,主要,3600,1,1787541240,1787541240,秋篠宮ご夫妻 パラグアイ訪問“移住者や日系人と交流 有意義”,https://news.web.nhk/newsweb/na/nd-20260824de45933
https://news.web.nhk/newsweb/na/nd-20260824de45933,社会,556500,1,1787541240,1788094140,秋篠宮ご夫妻 パラグアイ訪問“移住者や日系人と交流 有意義”,https://news.web.nhk/newsweb/na/nd-20260824de45933
https://news.web.nhk/newsweb/na/nd-20260824de45934,主要,38640,1,1787536500,1787571540,福岡県議会 藏内勇夫議長が議員辞職願を提出,https://news.web.nhk/newsweb/na/nd-20260824de45934
https://news.web.nhk/newsweb/na/nd-20260824de45934,政治,561240,1,1787536500,1788094140,福岡県議会 藏内勇夫議長が議員辞職願を提出,https://news.web.nhk/newsweb/na/nd-20260824de45934
https://news.web.nhk/newsweb/na/nd-20260824de45934,社会,561240,1,1787536500,1788094140,福岡県議会 藏内勇夫議長が議員辞職願を提出,https://news.web.nhk/newsweb/na/nd-20260824de45934
https://news.web.nhk/newsweb/na/nd-20260824de45937,スポーツ,561240,1,1787536500,1788094140,エンジェルス 菊池雄星 4か月ぶり登板も5回5失点で4敗目,https://news.web.nhk/newsweb/na/nd-20260824de45937
https://news.web.nhk/newsweb/na/nd-20260824de45942,主要,6720,1,1787547420,1787550540,イラン革命防衛隊報道官「米が軍事面での敗北認めたに等しい」,https://news.web.nhk/newsweb/na/nd-20260824de45942
https://news.web.nhk/newsweb/na/nd-20260824de45942,国際,550320,1,1787547420,1788094140,【詳細】革命防衛隊「軍事面での敗北認めたに等しい」とけん制,https://news.web.nhk/newsweb/na/nd-20260824de45942
https://news.web.nhk/newsweb/na/nd-20260824de45943,経済,556500,1,1787541240,1788094140,【きょうのおはBiz 8月24日（月）】“接客しない”に商機あり,https://news.web.nhk/newsweb/na/nd-20260824de45943
https://news.web.nhk/newsweb/na/nd-20260824de45944,スポーツ,556500,1,1787541240,1788094140,ロッキーズ 菅野智之 3回5失点で7敗目,https://news.web.nhk/newsweb/na/nd-20260824de45944
https://news.web.nhk/newsweb/na/nd-20260824de45945,暮らし,556500,1,1787541240,1788094140,中古マンション価格 東京23区は2か月連続下落 都心は頭打ちか?,https://news.web.nhk/newsweb/na/nd-20260824de45945
https://news.web.nhk/newsweb/na/nd-20260824de45945,経済,556500,1,1787541240,1788094140,中古マンション価格 東京23区は2か月連続下落 都心は頭打ちか?,https://news.web.nhk/newsweb/na/nd-20260824de45945
https://news.web.nhk/newsweb/na/nd-20260824de45946,スポーツ,556500,1,1787541240,1788094140,女子ゴルフ米ツアー 山下美夢有が優勝 今季2勝目 吉田優利2位,https://news.web.nhk/newsweb/na/nd-20260824de45946
https://news.web.nhk/newsweb/na/nd-20260824de45946,主要,3600,1,1787541240,1787541240,女子ゴルフ 米ツアー最終ラウンド 山下美夢有が優勝 今季2勝目,https://news.web.nhk/newsweb/na/nd-20260824de45946
https://news.web.nhk/newsweb/na/nd-20260824de45947,社会,535680,1,1787562060,1788094140,熊本地震 災害関連死の疑い含め38人死亡 避難所に2684人避難,https://news.web.nhk/newsweb/na/nd-20260824de45947
https://news.web.nhk/newsweb/na/nd-20260824de45948,政治,550320,1,1787547420,1788094140,超党派議員が北京へ 中国共産党関係者と会談 関係改善糸口探る,https://news.web.nhk/newsweb/na/nd-20260824de45948
https://news.web.nhk/newsweb/na/nd-20260824de45949,スポーツ,550320,1,1787547420,1788094140,男子ゴルフ 米ツアープレーオフ第2戦 久常涼12位 松山英樹28位,https://news.web.nhk/newsweb/na/nd-20260824de45949
https://news.web.nhk/newsweb/na/nd-20260824de45950,主要,9780,1,1787541240,1787547420,千葉豪雨 災害で出た廃棄物の戸別回収が始まる,https://news.web.nhk/newsweb/na/nd-20260824de45950
https://news.web.nhk/newsweb/na/nd-20260824de45952,主要,27900,1,1787541240,1787565540,相模原 男子高校生死亡 暴行加えられたか 事件とみて捜査,https://news.web.nhk/newsweb/na/nd-20260824de45952
https://news.web.nhk/newsweb/na/nd-20260824de45952,社会,556500,1,1787541240,1788094140,相模原 男子高校生死亡 暴行加えられたか 事件とみて捜査,https://news.web.nhk/newsweb/na/nd-20260824de45952
https://news.web.nhk/newsweb/na/nd-20260824de45954,主要,3600,1,1787550540,1787550540,熊本地震 氷川町 断水解消で豆腐店が営業再開,https://news.web.nhk/newsweb/na/nd-20260824de45954
https://news.web.nhk/newsweb/na/nd-20260824de45954,社会,550320,1,1787547420,1788094140,熊本地震 氷川町 断水解消で豆腐店が営業再開,https://news.web.nhk/newsweb/na/nd-20260824de45954
https://news.web.nhk/newsweb/na/nd-20260824de45955,主要,3600,1,1787550540,1787550540,スズキ 軽乗用車のEV公開 参入相次ぎ普及なるか,https://news.web.nhk/newsweb/na/nd-20260824de45955
https://news.web.nhk/newsweb/na/nd-20260824de45955,経済,547200,1,1787550540,1788094140,スズキ 軽乗用車のEV公開 参入相次ぎ普及なるか,https://news.web.nhk/newsweb/na/nd-20260824de45955
https://news.web.nhk/newsweb/na/nd-20260824de45956,スポーツ,541980,1,1787555760,1788094140,パドレス 松井裕樹 無失点リリーフでチーム3連勝,https://news.web.nhk/newsweb/na/nd-20260824de45956
https://news.web.nhk/newsweb/na/nd-20260824de45962,主要,18240,1,1787547420,1787562060,売春めぐり相手方も規制を 法務省検討会が報告書案,https://news.web.nhk/newsweb/na/nd-20260824de45962
https://news.web.nhk/newsweb/na/nd-20260824de45962,政治,550320,1,1787547420,1788094140,売春めぐり相手方も規制を 法務省検討会が報告書案,https://news.web.nhk/newsweb/na/nd-20260824de45962
https://news.web.nhk/newsweb/na/nd-20260824de45962,社会,550320,1,1787547420,1788094140,売春めぐり相手方も規制を 法務省検討会が報告書案,https://news.web.nhk/newsweb/na/nd-20260824de45962
https://news.web.nhk/newsweb/na/nd-20260824de45963,スポーツ,547200,1,1787550540,1788094140,カブス 鈴木誠也 5打席出塁で大勝に貢献 今永は3回途中で降板,https://news.web.nhk/newsweb/na/nd-20260824de45963
https://news.web.nhk/newsweb/na/nd-20260824de45967,経済,547200,1,1787550540,1788094140,株価 値下がり 半導体関連の銘柄を中心に売り注文,https://news.web.nhk/newsweb/na/nd-20260824de45967
https://news.web.nhk/newsweb/na/nd-20260824de45968,主要,9780,1,1787541240,1787547420,綿貫民輔 元衆院議長が死去 99歳,https://news.web.nhk/newsweb/na/nd-20260824de45968
https://news.web.nhk/newsweb/na/nd-20260824de45968,政治,556500,1,1787541240,1788094140,綿貫民輔 元衆院議長が死去 99歳,https://news.web.nhk/newsweb/na/nd-20260824de45968
https://news.web.nhk/newsweb/na/nd-20260824de45969,政治,547200,1,1787550540,1788094140,立民 参議院議員会長に党代表の水岡俊一氏が再任へ,https://news.web.nhk/newsweb/na/nd-20260824de45969
https://news.web.nhk/newsweb/na/nd-20260824de45974,主要,3600,1,1787555760,1787555760,木原官房長官 北朝鮮対応でアメリカ政府などと緊密連携,https://news.web.nhk/newsweb/na/nd-20260824de45974
https://news.web.nhk/newsweb/na/nd-20260824de45974,国際,541980,1,1787555760,1788094140,木原官房長官 北朝鮮対応でアメリカ政府などと緊密連携,https://news.web.nhk/newsweb/na/nd-20260824de45974
https://news.web.nhk/newsweb/na/nd-20260824de45974,政治,541980,1,1787555760,1788094140,木原官房長官 北朝鮮対応でアメリカ政府などと緊密連携,https://news.web.nhk/newsweb/na/nd-20260824de45974
https://news.web.nhk/newsweb/na/nd-20260824de45976,国際,541980,1,1787555760,1788094140,木原官房長官 ICC赤根所長と緊密に意思疎通 必要な支援行う,https://news.web.nhk/newsweb/na/nd-20260824de45976
https://news.web.nhk/newsweb/na/nd-20260824de45976,政治,541980,1,1787555760,1788094140,木原官房長官 ICC赤根所長と緊密に意思疎通 必要な支援行う,https://news.web.nhk/newsweb/na/nd-20260824de45976
https://news.web.nhk/newsweb/na/nd-20260824de45977,主要,3600,1,1787555760,1787555760,熊本地震 宇城 断水解消でも“数時間程度しか出ない”地域も,https://news.web.nhk/newsweb/na/nd-20260824de45977
https://news.web.nhk/newsweb/na/nd-20260824de45982,政治,541980,1,1787555760,1788094140,木原官房長官 内閣改造・自民党役員人事「高市首相が決める」,https://news.web.nhk/newsweb/na/nd-20260824de45982
https://news.web.nhk/newsweb/na/nd-20260824de45992,主要,3600,1,1787555760,1787555760,小野田大臣“サイバー攻撃事案など踏まえ必要な予算確保を”,https://news.web.nhk/newsweb/na/nd-20260824de45992
https://news.web.nhk/newsweb/na/nd-20260824de45992,政治,541980,1,1787555760,1788094140,小野田大臣“サイバー攻撃事案など踏まえ必要な予算確保を”,https://news.web.nhk/newsweb/na/nd-20260824de45992
https://news.web.nhk/newsweb/na/nd-20260824de45996,国際,541980,1,1787555760,1788094140,北朝鮮国営メディア 高市首相の靖国神社へのよう拝など非難,https://news.web.nhk/newsweb/na/nd-20260824de45996
https://news.web.nhk/newsweb/na/nd-20260824de45996,政治,541980,1,1787555760,1788094140,北朝鮮国営メディア 高市首相の靖国神社へのよう拝など非難,https://news.web.nhk/newsweb/na/nd-20260824de45996
https://news.web.nhk/newsweb/na/nd-20260824de46000,国際,535680,1,1787562060,1788094140,茂木外相“ICC所長赤根氏は日本の国際司法 役割強化の表れ”,https://news.web.nhk/newsweb/na/nd-20260824de46000
https://news.web.nhk/newsweb/na/nd-20260824de46000,政治,535680,1,1787562060,1788094140,茂木外相“ICC所長赤根氏は日本の国際司法 役割強化の表れ”,https://news.web.nhk/newsweb/na/nd-20260824de46000
https://news.web.nhk/newsweb/na/nd-20260824de46001,主要,3600,1,1787571540,1787571540,おせち商戦 デパート各社 物価高で価格抑えた商品販売にも力,https://news.web.nhk/newsweb/na/nd-20260824de46001
https://news.web.nhk/newsweb/na/nd-20260824de46001,暮らし,529140,1,1787568600,1788094140,おせち商戦 デパート各社 物価高で価格抑えた商品販売にも力,https://news.web.nhk/newsweb/na/nd-20260824de46001
https://news.web.nhk/newsweb/na/nd-20260824de46001,経済,529140,1,1787568600,1788094140,おせち商戦 デパート各社 物価高で価格抑えた商品販売にも力,https://news.web.nhk/newsweb/na/nd-20260824de46001
https://news.web.nhk/newsweb/na/nd-20260824de46006,社会,535680,1,1787562060,1788094140,SNSチャット勧誘にもクーリング・オフ拡大案 消費者庁検討会,https://news.web.nhk/newsweb/na/nd-20260824de46006
https://news.web.nhk/newsweb/na/nd-20260824de46007,スポーツ,535680,1,1787562060,1788094140,サッカー 59歳“カズ”が天皇杯 横浜F・マリノス戦へ意気込み,https://news.web.nhk/newsweb/na/nd-20260824de46007
https://news.web.nhk/newsweb/na/nd-20260824de46008,政治,532200,1,1787565540,1788094140,木原官房長官“北朝鮮による拉致問題解決へ覚悟持ち取り組む”,https://news.web.nhk/newsweb/na/nd-20260824de46008
https://news.web.nhk/newsweb/na/nd-20260824de46010,社会,532200,1,1787565540,1788094140,長野 軽井沢町の小学校元講師 傷害罪で有罪判決確定へ,https://news.web.nhk/newsweb/na/nd-20260824de46010
https://news.web.nhk/newsweb/na/nd-20260824de46012,スポーツ,535680,1,1787562060,1788094140,サッカー日本代表 小川航基 FC町田ゼルビアに移籍決定,https://news.web.nhk/newsweb/na/nd-20260824de46012
https://news.web.nhk/newsweb/na/nd-20260824de46012,主要,3600,1,1787562060,1787562060,サッカー日本代表 小川航基 FC町田ゼルビアに移籍で合意,https://news.web.nhk/newsweb/na/nd-20260824de46012
https://news.web.nhk/newsweb/na/nd-20260824de46018,科学・文化,535680,1,1787562060,1788094140,人工衛星活用し旬のキャベツ届ける取り組み開始 JAXAなど,https://news.web.nhk/newsweb/na/nd-20260824de46018
https://news.web.nhk/newsweb/na/nd-20260824de46018,経済,535680,1,1787562060,1788094140,人工衛星活用し旬のキャベツ届ける取り組み開始 JAXAなど,https://news.web.nhk/newsweb/na/nd-20260824de46018
https://news.web.nhk/newsweb/na/nd-20260824de46024,主要,6660,1,1787565540,1787568600,3歳長女を床に落とし骨折させたか 20代母親を逮捕 警視庁,https://news.web.nhk/newsweb/na/nd-20260824de46024
https://news.web.nhk/newsweb/na/nd-20260824de46024,社会,532200,1,1787565540,1788094140,3歳長女を床に落とし骨折させたか 20代母親を逮捕 警視庁,https://news.web.nhk/newsweb/na/nd-20260824de46024
https://news.web.nhk/newsweb/na/nd-20260824de46027,主要,13080,1,1787562060,1787571540,群馬 沼田市・川場村にレベル４大雨土砂災害危険警報,https://news.web.nhk/newsweb/na/nd-20260824de46027
https://news.web.nhk/newsweb/na/nd-20260824de46033,主要,35340,1,1787568600,1787600340,相模原 男子高校生死亡 直前に車に追いかけられたか捜査,https://news.web.nhk/newsweb/na/nd-20260824de46033
https://news.web.nhk/newsweb/na/nd-20260824de46033,社会,529140,1,1787568600,1788094140,相模原 男子高校生死亡 直前に車に追いかけられたか捜査,https://news.web.nhk/newsweb/na/nd-20260824de46033
https://news.web.nhk/newsweb/na/nd-20260824de46036,主要,3600,1,1787565540,1787565540,政府 化学兵器テロ備え行動計画 専門家会議創設など盛り込む,https://news.web.nhk/newsweb/na/nd-20260824de46036
https://news.web.nhk/newsweb/na/nd-20260824de46036,政治,532200,1,1787565540,1788094140,政府 化学兵器テロ備え行動計画 専門家会議創設など盛り込む,https://news.web.nhk/newsweb/na/nd-20260824de46036
https://news.web.nhk/newsweb/na/nd-20260824de46042,主要,27000,1,1787576940,1787600340,ウクライナ 侵攻から4年半の独立記念日 大統領“戦い続ける”,https://news.web.nhk/newsweb/na/nd-20260824de46042
https://news.web.nhk/newsweb/na/nd-20260824de46042,国際,520800,1,1787576940,1788094140,ウクライナ 侵攻から4年半の独立記念日 大統領“戦い続ける”,https://news.web.nhk/newsweb/na/nd-20260824de46042
https://news.web.nhk/newsweb/na/nd-20260824de46043,国際,526200,1,1787571540,1788094140,超党派議連 ICC制裁で非難声明「明確な抗議と制裁の撤回を」,https://news.web.nhk/newsweb/na/nd-20260824de46043
https://news.web.nhk/newsweb/na/nd-20260824de46043,政治,526200,1,1787571540,1788094140,超党派議連 ICC制裁で非難声明「明確な抗議と制裁の撤回を」,https://news.web.nhk/newsweb/na/nd-20260824de46043
https://news.web.nhk/newsweb/na/nd-20260824de46045,暮らし,529140,1,1787568600,1788094140,損保ジャパン 自動車保険料を来年1月に平均5％引き上げ,https://news.web.nhk/newsweb/na/nd-20260824de46045
https://news.web.nhk/newsweb/na/nd-20260824de46045,経済,529140,1,1787568600,1788094140,損保ジャパン 自動車保険料を来年1月に平均5％引き上げ,https://news.web.nhk/newsweb/na/nd-20260824de46045
https://news.web.nhk/newsweb/na/nd-20260824de46046,暮らし,529140,1,1787568600,1788094140,円相場 イランへの経済制裁見据え値下がり,https://news.web.nhk/newsweb/na/nd-20260824de46046
https://news.web.nhk/newsweb/na/nd-20260824de46046,経済,529140,1,1787568600,1788094140,円相場 イランへの経済制裁見据え値下がり,https://news.web.nhk/newsweb/na/nd-20260824de46046
https://news.web.nhk/newsweb/na/nd-20260824de46051,主要,27000,1,1787576940,1787600340,田久保前伊東市長側が無罪主張へ「卒業証書は第三者が作成」,https://news.web.nhk/newsweb/na/nd-20260824de46051
https://news.web.nhk/newsweb/na/nd-20260824de46051,社会,526200,1,1787571540,1788094140,田久保前伊東市長側が無罪主張へ「卒業証書は第三者が作成」,https://news.web.nhk/newsweb/na/nd-20260824de46051
https://news.web.nhk/newsweb/na/nd-20260824de46056,社会,520800,1,1787576940,1788094140,台風18号 25日以降沖縄と奄美に接近 猛烈な風のおそれ 備えを,https://news.web.nhk/newsweb/na/nd-20260824de46056
https://news.web.nhk/newsweb/na/nd-20260824de46059,国際,526200,1,1787571540,1788094140,台湾の東部・南部で大雨 2人行方不明 130人超けが,https://news.web.nhk/newsweb/na/nd-20260824de46059
https://news.web.nhk/newsweb/na/nd-20260824de46060,経済,526200,1,1787571540,1788094140,コンビニおにぎりや回転ずしで値下げの動き,https://news.web.nhk/newsweb/na/nd-20260824de46060
https://news.web.nhk/newsweb/na/nd-20260824de46065,政治,520800,1,1787576940,1788094140,福岡県議会 藏内議長 議員辞職の意向 態度を一転 その訳は,https://news.web.nhk/newsweb/na/nd-20260824de46065
https://news.web.nhk/newsweb/na/nd-20260824de46068,主要,21720,1,1787568600,1787586720,多摩川の河口付近で「クルーザーが座礁」9人けが　うち2人重傷,https://news.web.nhk/newsweb/na/nd-20260824de46068
https://news.web.nhk/newsweb/na/nd-20260824de46068,社会,529140,1,1787568600,1788094140,多摩川の河口付近で「クルーザーが座礁」9人けが　うち2人重傷,https://news.web.nhk/newsweb/na/nd-20260824de46068
https://news.web.nhk/newsweb/na/nd-20260824de46069,国際,526200,1,1787571540,1788094140,タイ南部で爆発や放火など50件以上相次ぐ 連続テロか,https://news.web.nhk/newsweb/na/nd-20260824de46069
https://news.web.nhk/newsweb/na/nd-20260824de46070,社会,579360,1,1787607540,1788183300,【動画】Pickup NEWS（8月25日）,https://news.web.nhk/newsweb/na/nd-20260824de46070
https://news.web.nhk/newsweb/na/nd-20260824de46071,主要,6720,1,1787633400,1787636520,消費税減税 「総額表示」に特例検討へ 事業者負担軽減で,https://news.web.nhk/newsweb/na/nd-20260824de46071
https://news.web.nhk/newsweb/na/nd-20260824de46071,政治,572580,1,1787614320,1788183300,消費税減税 「総額表示」に特例検討へ 事業者負担軽減で,https://news.web.nhk/newsweb/na/nd-20260824de46071
https://news.web.nhk/newsweb/na/nd-20260824de46072,経済,575760,1,1787611140,1788183300,来年度税制改正で個人向け国債の優遇措置要望へ 財務省 金融庁,https://news.web.nhk/newsweb/na/nd-20260824de46072
https://news.web.nhk/newsweb/na/nd-20260824de46073,社会,579360,1,1787607540,1788183300,秋篠宮ご夫妻　パラグアイで長年交流の学校を訪問,https://news.web.nhk/newsweb/na/nd-20260824de46073
https://news.web.nhk/newsweb/na/nd-20260824de46074,主要,72120,1,1787611140,1787679660,台風18号 鹿児島 奄美地方や沖縄本島に最接近 線状降水帯発生,https://news.web.nhk/newsweb/na/nd-20260824de46074
https://news.web.nhk/newsweb/na/nd-20260824de46075,主要,62580,1,1787607540,1787666520,西日本では39度超の危険な暑さに 夜間も熱中症対策を,https://news.web.nhk/newsweb/na/nd-20260824de46075
https://news.web.nhk/newsweb/na/nd-20260824de46076,主要,19920,1,1787576940,1787593260,EUがウクライナ支援1兆円承認 英は巡航ミサイル部品の機密開示,https://news.web.nhk/newsweb/na/nd-20260824de46076
https://news.web.nhk/newsweb/na/nd-20260824de46076,国際,520800,1,1787576940,1788094140,EUがウクライナ支援1兆円承認 英は巡航ミサイル部品の機密開示,https://news.web.nhk/newsweb/na/nd-20260824de46076
https://news.web.nhk/newsweb/na/nd-20260824de46077,主要,20580,1,1787669880,1787686860,ウクライナ支援有志連合の首脳会合 防空支援強化で一致,https://news.web.nhk/newsweb/na/nd-20260824de46077
https://news.web.nhk/newsweb/na/nd-20260824de46077,国際,572580,1,1787614320,1788183300,ウクライナ支援有志連合の首脳会合 防空支援強化で一致,https://news.web.nhk/newsweb/na/nd-20260824de46077
https://news.web.nhk/newsweb/na/nd-20260824de46079,社会,520800,1,1787576940,1788094140,鹿児島 飲食店経営の49歳女性死亡 殺人事件として捜査,https://news.web.nhk/newsweb/na/nd-20260824de46079
https://news.web.nhk/newsweb/na/nd-20260824de46081,主要,16680,1,1787614320,1787627400,相模原 高校生死亡 車に追われ農道逃げ込んだあと暴行受けたか,https://news.web.nhk/newsweb/na/nd-20260824de46081
https://news.web.nhk/newsweb/na/nd-20260824de46081,社会,572580,1,1787614320,1788183300,相模原 高校生死亡 車に追われ農道逃げ込んだあと暴行受けたか,https://news.web.nhk/newsweb/na/nd-20260824de46081
https://news.web.nhk/newsweb/na/nd-20260824de46083,主要,6960,1,1787604180,1787607540,除染土再生利用 さいたま市と仙台市の国の出先機関でも 都外初,https://news.web.nhk/newsweb/na/nd-20260824de46083
https://news.web.nhk/newsweb/na/nd-20260824de46083,社会,582720,1,1787604180,1788183300,除染土再生利用 さいたま市と仙台市の国の出先機関でも 都外初,https://news.web.nhk/newsweb/na/nd-20260824de46083
https://news.web.nhk/newsweb/na/nd-20260824de46085,社会,514440,1,1787583300,1788094140,「検察なめんな」 取り調べの録画に主任検事「相当ではない」,https://news.web.nhk/newsweb/na/nd-20260824de46085
https://news.web.nhk/newsweb/na/nd-20260825de46092,主要,26820,1,1787604180,1787627400,福岡県議会 藏内議長25日辞職の見通し 会派離脱の議員も,https://news.web.nhk/newsweb/na/nd-20260825de46092
https://news.web.nhk/newsweb/na/nd-20260825de46092,社会,582720,1,1787604180,1788183300,福岡県議会 藏内議長25日辞職の見通し,https://news.web.nhk/newsweb/na/nd-20260825de46092
https://news.web.nhk/newsweb/na/nd-20260825de46093,主要,40740,1,1787590260,1787627400,イオンモール爆発事故 雑貨店運営会社 遺族に事実と異なる説明,https://news.web.nhk/newsweb/na/nd-20260825de46093
https://news.web.nhk/newsweb/na/nd-20260825de46093,社会,596640,1,1787590260,1788183300,イオンモール爆発事故 雑貨店運営会社 遺族に事実と異なる説明,https://news.web.nhk/newsweb/na/nd-20260825de46093
https://news.web.nhk/newsweb/na/nd-20260825de46098,主要,33300,1,1787597700,1787627400,米財務長官“イランと取り引きある企業などに大規模経済制裁”,https://news.web.nhk/newsweb/na/nd-20260825de46098
https://news.web.nhk/newsweb/na/nd-20260825de46098,国際,589200,1,1787597700,1788183300,アメリカが経済制裁強化 イランは“報復を覚悟すべき”と反発,https://news.web.nhk/newsweb/na/nd-20260825de46098
https://news.web.nhk/newsweb/na/nd-20260825de46099,主要,14940,1,1787611140,1787622480,岐阜 大野町 住宅で成人とみられる3人の遺体見つかる,https://news.web.nhk/newsweb/na/nd-20260825de46099
https://news.web.nhk/newsweb/na/nd-20260825de46099,社会,575760,1,1787611140,1788183300,岐阜 大野町 住宅で成人とみられる3人の遺体見つかる,https://news.web.nhk/newsweb/na/nd-20260825de46099
https://news.web.nhk/newsweb/na/nd-20260825de46100,政治,575760,1,1787611140,1788183300,高市首相 ウクライナ支援首脳会合に参加“対ロ制裁取り組む”,https://news.web.nhk/newsweb/na/nd-20260825de46100
https://news.web.nhk/newsweb/na/nd-20260825de46101,主要,13740,1,1787604180,1787614320,トランプ大統領 カナダの自動車などへの追加関税を50％に,https://news.web.nhk/newsweb/na/nd-20260825de46101
https://news.web.nhk/newsweb/na/nd-20260825de46101,国際,582720,1,1787604180,1788183300,トランプ大統領 カナダの自動車などへの追加関税を50％に,https://news.web.nhk/newsweb/na/nd-20260825de46101
https://news.web.nhk/newsweb/na/nd-20260825de46102,国際,575760,1,1787611140,1788183300,米韓外相“北朝鮮の核問題解決に向け協力”,https://news.web.nhk/newsweb/na/nd-20260825de46102
https://news.web.nhk/newsweb/na/nd-20260825de46103,主要,3600,1,1787611140,1787611140,新潟 阿賀野 巨大な灯籠押し合う催しで男子高校生が挟まれ死亡,https://news.web.nhk/newsweb/na/nd-20260825de46103
https://news.web.nhk/newsweb/na/nd-20260825de46103,社会,575760,1,1787611140,1788183300,新潟 阿賀野 巨大な灯籠押し合う催しで男子高校生が挟まれ死亡,https://news.web.nhk/newsweb/na/nd-20260825de46103
https://news.web.nhk/newsweb/na/nd-20260825de46105,社会,572580,1,1787614320,1788183300,熊本地震“炊き出しでイスラム教徒苦情”根拠ない情報拡散,https://news.web.nhk/newsweb/na/nd-20260825de46105
https://news.web.nhk/newsweb/na/nd-20260825de46110,政治,564420,1,1787622480,1788183300,高市首相動静 2026年8月24日,https://news.web.nhk/newsweb/na/nd-20260825de46110
https://news.web.nhk/newsweb/na/nd-20260825de46113,主要,14520,1,1787622480,1787633400,鹿児島 与論町 町内全域の2640世帯4873人に避難指示,https://news.web.nhk/newsweb/na/nd-20260825de46113
https://news.web.nhk/newsweb/na/nd-20260825de46118,経済,553500,1,1787633400,1788183300,【きょうのおはBiz 8月25日（火）】“AIソロプレナー”に転身,https://news.web.nhk/newsweb/na/nd-20260825de46118
https://news.web.nhk/newsweb/na/nd-20260825de46127,社会,553500,1,1787633400,1788183300,東京 台東区 4億円窃盗事件 暴力団員に拘禁刑7年判決,https://news.web.nhk/newsweb/na/nd-20260825de46127
https://news.web.nhk/newsweb/na/nd-20260825de46129,主要,6780,1,1787654700,1787657880,熊本 宇城 ラグビー五郎丸さんが子どもと交流【被災地の動き】,https://news.web.nhk/newsweb/na/nd-20260825de46129
https://news.web.nhk/newsweb/na/nd-20260825de46129,社会,532200,1,1787654700,1788183300,熊本 宇城 ラグビー五郎丸さんが子どもと交流【被災地の動き】,https://news.web.nhk/newsweb/na/nd-20260825de46129
https://news.web.nhk/newsweb/na/nd-20260825de46130,主要,45900,1,1787648100,1787690400,【比較動画】クマ撃退スプレー 市販製品の「性能」に大きな差,https://news.web.nhk/newsweb/na/nd-20260825de46130
https://news.web.nhk/newsweb/na/nd-20260825de46130,暮らし,545400,1,1787641500,1788183300,【比較動画】クマ撃退スプレー 市販製品の「性能」に大きな差,https://news.web.nhk/newsweb/na/nd-20260825de46130
https://news.web.nhk/newsweb/na/nd-20260825de46130,社会,545400,1,1787641500,1788183300,【比較動画】クマ撃退スプレー 市販製品の「性能」に大きな差,https://news.web.nhk/newsweb/na/nd-20260825de46130
https://news.web.nhk/newsweb/na/nd-20260825de46138,社会,542400,1,1787644500,1788183300,「ナチュラル」トップを再逮捕 偽名でホテル宿泊か,https://news.web.nhk/newsweb/na/nd-20260825de46138
https://news.web.nhk/newsweb/na/nd-20260825de46140,主要,3600,1,1787633400,1787633400,千葉豪雨 大網白里市で車の無償貸し出し始まる,https://news.web.nhk/newsweb/na/nd-20260825de46140
https://news.web.nhk/newsweb/na/nd-20260825de46144,社会,553500,1,1787633400,1788183300,警察白書に大川原化工機えん罪事件を初記載,https://news.web.nhk/newsweb/na/nd-20260825de46144
https://news.web.nhk/newsweb/na/nd-20260825de46146,主要,3600,1,1787636520,1787636520,政府 外国人の在留許可手数料 10月から引き上げ決定,https://news.web.nhk/newsweb/na/nd-20260825de46146
https://news.web.nhk/newsweb/na/nd-20260825de46146,政治,550380,1,1787636520,1788183300,政府 外国人の在留許可手数料 10月から引き上げ決定,https://news.web.nhk/newsweb/na/nd-20260825de46146
https://news.web.nhk/newsweb/na/nd-20260825de46148,主要,11700,1,1787633400,1787641500,相模原高校生死亡 バイク2台が車に追われ2人が暴行受けたか,https://news.web.nhk/newsweb/na/nd-20260825de46148
https://news.web.nhk/newsweb/na/nd-20260825de46148,社会,553500,1,1787633400,1788183300,相模原高校生死亡 車から降りてきた2人から暴行受けたか,https://news.web.nhk/newsweb/na/nd-20260825de46148
https://news.web.nhk/newsweb/na/nd-20260825de46150,経済,553500,1,1787633400,1788183300,株価 午後に入って値上がり 半導体関連に買い戻しも,https://news.web.nhk/newsweb/na/nd-20260825de46150
https://news.web.nhk/newsweb/na/nd-20260825de46155,政治,553500,1,1787633400,1788183300,自民 熊本地震受け政府に提言へ 災害関連死防止など,https://news.web.nhk/newsweb/na/nd-20260825de46155
https://news.web.nhk/newsweb/na/nd-20260825de46158,科学・文化,553500,1,1787633400,1788183300,「科研費」倍増の約4500億円要求へ 文科省が来年度予算で,https://news.web.nhk/newsweb/na/nd-20260825de46158
https://news.web.nhk/newsweb/na/nd-20260825de46159,経済,550380,1,1787636520,1788183300,鈴木農相 新米の作柄31日に公表 備蓄米買い戻し判断へ,https://news.web.nhk/newsweb/na/nd-20260825de46159
https://news.web.nhk/newsweb/na/nd-20260825de46160,社会,545400,1,1787641500,1788183300,福岡 海の中道大橋飲酒運転事故から20年 現場で追悼する人も,https://news.web.nhk/newsweb/na/nd-20260825de46160
https://news.web.nhk/newsweb/na/nd-20260825de46162,国際,545400,1,1787641500,1788183300,アメリカ シリアのテロ支援国家指定を解除 イラン影響力排除か,https://news.web.nhk/newsweb/na/nd-20260825de46162
https://news.web.nhk/newsweb/na/nd-20260825de46165,政治,553500,1,1787633400,1788183300,高市首相 役職希望アンケート「まとまりしだい確認」,https://news.web.nhk/newsweb/na/nd-20260825de46165
https://news.web.nhk/newsweb/na/nd-20260825de46168,主要,18300,1,1787633400,1787648100,福岡県議会 藏内議長の議員辞職願を許可 きょう付けの辞職決定,https://news.web.nhk/newsweb/na/nd-20260825de46168
https://news.web.nhk/newsweb/na/nd-20260825de46168,政治,553500,1,1787633400,1788183300,福岡県議会 藏内議長の議員辞職願を許可 きょう付けの辞職決定,https://news.web.nhk/newsweb/na/nd-20260825de46168
https://news.web.nhk/newsweb/na/nd-20260825de46170,スポーツ,545400,1,1787641500,1788183300,ホワイトソックス 村上宗隆 2試合ぶりヒットもチームは敗れる,https://news.web.nhk/newsweb/na/nd-20260825de46170
https://news.web.nhk/newsweb/na/nd-20260825de46170,主要,3600,1,1787641500,1787641500,ホワイトソックス 村上宗隆 2試合ぶりヒットもチームは敗れる,https://news.web.nhk/newsweb/na/nd-20260825de46170
https://news.web.nhk/newsweb/na/nd-20260825de46181,主要,3600,1,1787641500,1787641500,赤澤経産相“イオンモール爆発”めぐり 事故調査委員会設置へ,https://news.web.nhk/newsweb/na/nd-20260825de46181
https://news.web.nhk/newsweb/na/nd-20260825de46183,主要,3600,1,1787654700,1787654700,ことしの新米の「概算金」 大幅引き下げ相次ぐ 値下がり傾向か,https://news.web.nhk/newsweb/na/nd-20260825de46183
https://news.web.nhk/newsweb/na/nd-20260825de46183,暮らし,532200,1,1787654700,1788183300,ことしの新米の「概算金」 大幅引き下げ相次ぐ 値下がり傾向か,https://news.web.nhk/newsweb/na/nd-20260825de46183
https://news.web.nhk/newsweb/na/nd-20260825de46183,経済,532200,1,1787654700,1788183300,ことしの新米の「概算金」 大幅引き下げ相次ぐ 値下がり傾向か,https://news.web.nhk/newsweb/na/nd-20260825de46183
https://news.web.nhk/newsweb/na/nd-20260825de46187,主要,61020,1,1787636520,1787693940,中野ブロードウェイの店舗で高級時計盗まれる 被害2億円相当か,https://news.web.nhk/newsweb/na/nd-20260825de46187
https://news.web.nhk/newsweb/na/nd-20260825de46187,社会,550380,1,1787636520,1788183300,中野ブロードウェイの店舗で高級時計盗まれる 被害2億円相当か,https://news.web.nhk/newsweb/na/nd-20260825de46187
https://news.web.nhk/newsweb/na/nd-20260825de46194,主要,3600,1,1787644500,1787644500,自民税調 消費税1％へ議論開始 9月半ばまでに税制改正大綱,https://news.web.nhk/newsweb/na/nd-20260825de46194
https://news.web.nhk/newsweb/na/nd-20260825de46194,政治,545400,1,1787641500,1788183300,自民税調 消費税1％へ議論開始 9月半ばまでに税制改正大綱,https://news.web.nhk/newsweb/na/nd-20260825de46194
https://news.web.nhk/newsweb/na/nd-20260825de46202,主要,3600,1,1787641500,1787641500,新「マイナアプリ」提供開始 行政手続きを簡素化 デジタル庁,https://news.web.nhk/newsweb/na/nd-20260825de46202
https://news.web.nhk/newsweb/na/nd-20260825de46202,社会,545400,1,1787641500,1788183300,新「マイナアプリ」提供開始 行政手続きを簡素化 デジタル庁,https://news.web.nhk/newsweb/na/nd-20260825de46202
https://news.web.nhk/newsweb/na/nd-20260825de46204,主要,7200,1,1787644500,1787648100,千葉豪雨 千葉市長が激甚災害早期指定含め財政負担軽減を要請,https://news.web.nhk/newsweb/na/nd-20260825de46204
https://news.web.nhk/newsweb/na/nd-20260825de46206,主要,10440,1,1787644500,1787651340,熊本地震 激甚災害対象追加見込み 災害公営住宅建設など支援へ,https://news.web.nhk/newsweb/na/nd-20260825de46206
https://news.web.nhk/newsweb/na/nd-20260825de46209,スポーツ,542400,1,1787644500,1788183300,カブス 鈴木誠也 タイムリーで6試合ぶりに打点あげ勝利に貢献,https://news.web.nhk/newsweb/na/nd-20260825de46209
https://news.web.nhk/newsweb/na/nd-20260825de46212,政治,542400,1,1787644500,1788183300,沖縄振興予算 2897億円を要求へ 去年より68億円増加,https://news.web.nhk/newsweb/na/nd-20260825de46212
https://news.web.nhk/newsweb/na/nd-20260825de46215,社会,542400,1,1787644500,1788183300,辺野古転覆事故 同志社理事長が引責辞任意向 高校校長も退任へ,https://news.web.nhk/newsweb/na/nd-20260825de46215
https://news.web.nhk/newsweb/na/nd-20260825de46217,スポーツ,542400,1,1787644500,1788183300,バドミントン世界選手権準優勝 山口茜「納得感と悔しさ」,https://news.web.nhk/newsweb/na/nd-20260825de46217
https://news.web.nhk/newsweb/na/nd-20260825de46217,主要,3600,1,1787644500,1787644500,バドミントン世界選手権準優勝 山口茜「納得感と悔しさ」,https://news.web.nhk/newsweb/na/nd-20260825de46217
https://news.web.nhk/newsweb/na/nd-20260825de46223,主要,3600,1,1787648100,1787648100,川崎市の製鉄所高炉などの跡地で冷凍食品保管施設建設へ,https://news.web.nhk/newsweb/na/nd-20260825de46223
https://news.web.nhk/newsweb/na/nd-20260825de46223,経済,538800,1,1787648100,1788183300,川崎市の製鉄所高炉などの跡地で冷凍食品保管施設建設へ,https://news.web.nhk/newsweb/na/nd-20260825de46223
https://news.web.nhk/newsweb/na/nd-20260825de46226,政治,538800,1,1787648100,1788183300,政府 透明性確保へAIの学習データ収集方法開示要請の原則公表,https://news.web.nhk/newsweb/na/nd-20260825de46226
https://news.web.nhk/newsweb/na/nd-20260825de46235,スポーツ,538800,1,1787648100,1788183300,パドレス 松井裕樹 パイレーツ戦にリリーフ登板 1回無失点,https://news.web.nhk/newsweb/na/nd-20260825de46235
https://news.web.nhk/newsweb/na/nd-20260825de46237,政治,538800,1,1787648100,1788183300,高市首相 自民 麻生副総裁と会談 政権運営めぐり意見交換か,https://news.web.nhk/newsweb/na/nd-20260825de46237
https://news.web.nhk/newsweb/na/nd-20260825de46241,主要,3600,1,1787651340,1787651340,文科省 来年度予算案の概算要求で過去最大の8兆8000億円,https://news.web.nhk/newsweb/na/nd-20260825de46241
https://news.web.nhk/newsweb/na/nd-20260825de46241,政治,535560,1,1787651340,1788183300,文科省 来年度予算案の概算要求で過去最大の8兆8000億円,https://news.web.nhk/newsweb/na/nd-20260825de46241
https://news.web.nhk/newsweb/na/nd-20260825de46241,社会,535560,1,1787651340,1788183300,文科省 来年度予算案の概算要求で過去最大の8兆8000億円,https://news.web.nhk/newsweb/na/nd-20260825de46241
https://news.web.nhk/newsweb/na/nd-20260825de46243,国際,538800,1,1787648100,1788183300,茂木外相「米国ICC制裁は日本の立場と相いれない」,https://news.web.nhk/newsweb/na/nd-20260825de46243
https://news.web.nhk/newsweb/na/nd-20260825de46243,政治,538800,1,1787648100,1788183300,茂木外相「米国ICC制裁は日本の立場と相いれない」,https://news.web.nhk/newsweb/na/nd-20260825de46243
https://news.web.nhk/newsweb/na/nd-20260825de46246,スポーツ,532200,1,1787654700,1788183300,競泳五輪銀 本多選手 危険運転傷害の罪 初公判 起訴内容認める,https://news.web.nhk/newsweb/na/nd-20260825de46246
https://news.web.nhk/newsweb/na/nd-20260825de46248,経済,538800,1,1787648100,1788183300,羽田空港の新たなサテライト施設公開 1キロ離れた搭乗口も,https://news.web.nhk/newsweb/na/nd-20260825de46248
https://news.web.nhk/newsweb/na/nd-20260825de46252,政治,535560,1,1787651340,1788183300,こども家庭庁 自殺防止やSNS調査研究など7.7兆円余要求へ,https://news.web.nhk/newsweb/na/nd-20260825de46252
https://news.web.nhk/newsweb/na/nd-20260825de46260,主要,3600,1,1787651340,1787651340,神奈川 船舶衝突事故 「花火見に行く途中」 海保が詳しく捜査,https://news.web.nhk/newsweb/na/nd-20260825de46260
https://news.web.nhk/newsweb/na/nd-20260825de46260,社会,535560,1,1787651340,1788183300,神奈川 船舶衝突事故 「花火見に行く途中」 海保が詳しく捜査,https://news.web.nhk/newsweb/na/nd-20260825de46260
https://news.web.nhk/newsweb/na/nd-20260825de46261,社会,576780,1,1787700840,1788274020,【動画】Pickup NEWS（8月26日）,https://news.web.nhk/newsweb/na/nd-20260825de46261
https://news.web.nhk/newsweb/na/nd-20260825de46263,社会,535560,1,1787651340,1788183300,4人死亡事故で関東運輸局が東武鉄道に立ち入り調査,https://news.web.nhk/newsweb/na/nd-20260825de46263
https://news.web.nhk/newsweb/na/nd-20260825de46272,主要,3600,1,1787651340,1787651340,【震度速報】 北海道で震度3,https://news.web.nhk/newsweb/na/nd-20260825de46272
https://news.web.nhk/newsweb/na/nd-20260825de46277,暮らし,535560,1,1787651340,1788183300,円相場 小幅な値動き 日米の中央銀行幹部の講演控え,https://news.web.nhk/newsweb/na/nd-20260825de46277
https://news.web.nhk/newsweb/na/nd-20260825de46277,経済,535560,1,1787651340,1788183300,円相場 小幅な値動き 日米の中央銀行幹部の講演控え,https://news.web.nhk/newsweb/na/nd-20260825de46277
https://news.web.nhk/newsweb/na/nd-20260825de46280,主要,12240,1,1787657880,1787666520,高市首相 ガソリン1リットル 170円程度に抑制の支援策継続方針,https://news.web.nhk/newsweb/na/nd-20260825de46280
https://news.web.nhk/newsweb/na/nd-20260825de46280,政治,535560,1,1787651340,1788183300,高市首相 ガソリン1リットル 170円程度に抑制の支援策継続方針,https://news.web.nhk/newsweb/na/nd-20260825de46280
https://news.web.nhk/newsweb/na/nd-20260825de46283,主要,6780,1,1787654700,1787657880,正岡子規 未発表の2句見つかる 新年の心情込めた俳句など,https://news.web.nhk/newsweb/na/nd-20260825de46283
https://news.web.nhk/newsweb/na/nd-20260825de46283,社会,532200,1,1787654700,1788183300,正岡子規 未発表の2句見つかる 新年の心情込めた俳句など,https://news.web.nhk/newsweb/na/nd-20260825de46283
https://news.web.nhk/newsweb/na/nd-20260825de46285,政治,532200,1,1787654700,1788183300,与野党協議会 衆院定数“適切な規模の削減”座長 試案の修正案,https://news.web.nhk/newsweb/na/nd-20260825de46285
https://news.web.nhk/newsweb/na/nd-20260825de46288,政治,532200,1,1787654700,1788183300,自民 拉致問題対策本部“北朝鮮制裁 安易に緩和すべきでない”,https://news.web.nhk/newsweb/na/nd-20260825de46288
https://news.web.nhk/newsweb/na/nd-20260825de46289,国際,529020,1,1787657880,1788183300,アメリカ経済制裁 イランと中国反発 パキスタンはイランと協議,https://news.web.nhk/newsweb/na/nd-20260825de46289
https://news.web.nhk/newsweb/na/nd-20260825de46290,国際,532200,1,1787654700,1788183300,高市首相 ICC赤根所長への制裁は日本の立場と相いれず,https://news.web.nhk/newsweb/na/nd-20260825de46290
https://news.web.nhk/newsweb/na/nd-20260825de46292,暮らし,529020,1,1787657880,1788183300,四国 早明浦ダム 第４次取水制限へ 2008年以来,https://news.web.nhk/newsweb/na/nd-20260825de46292
https://news.web.nhk/newsweb/na/nd-20260825de46306,主要,14040,1,1787690400,1787700840,「百日せき」患者増の2か月前に下水調査で流行の兆し 阪大など,https://news.web.nhk/newsweb/na/nd-20260825de46306
https://news.web.nhk/newsweb/na/nd-20260825de46306,社会,587220,1,1787690400,1788274020,「百日せき」患者増の2か月前に下水調査で流行の兆し 阪大など,https://news.web.nhk/newsweb/na/nd-20260825de46306
https://news.web.nhk/newsweb/na/nd-20260825de46311,国際,523620,1,1787663280,1788183300,パリ近郊 サウジの資金で日本の漫画扱うテーマパーク建設へ,https://news.web.nhk/newsweb/na/nd-20260825de46311
https://news.web.nhk/newsweb/na/nd-20260825de46312,スポーツ,523620,1,1787663280,1788183300,サッカー女子W杯 12月11日にブラジルで組み合わせ抽せん,https://news.web.nhk/newsweb/na/nd-20260825de46312
https://news.web.nhk/newsweb/na/nd-20260825de46314,主要,37920,1,1787663280,1787697600,南太平洋 バヌアツ諸島で火山噴火 津波の心配なし,https://news.web.nhk/newsweb/na/nd-20260825de46314
https://news.web.nhk/newsweb/na/nd-20260825de46315,主要,6420,1,1787684040,1787686860,農水副大臣がAPEC会合で中国閣僚とことば交わす,https://news.web.nhk/newsweb/na/nd-20260825de46315
https://news.web.nhk/newsweb/na/nd-20260825de46315,国際,523620,1,1787663280,1788183300,農水副大臣がAPEC会合で中国閣僚とことば交わす,https://news.web.nhk/newsweb/na/nd-20260825de46315
https://news.web.nhk/newsweb/na/nd-20260825de46315,政治,523620,1,1787663280,1788183300,農水副大臣がAPEC会合で中国閣僚とことば交わす,https://news.web.nhk/newsweb/na/nd-20260825de46315
https://news.web.nhk/newsweb/na/nd-20260825de46316,政治,523620,1,1787663280,1788183300,政府 消費税減税で影響受ける農家などに給付金検討,https://news.web.nhk/newsweb/na/nd-20260825de46316
https://news.web.nhk/newsweb/na/nd-20260825de46316,経済,523620,1,1787663280,1788183300,政府 消費税減税で影響受ける農家などに給付金検討,https://news.web.nhk/newsweb/na/nd-20260825de46316
https://news.web.nhk/newsweb/na/nd-20260825de46317,主要,6840,1,1787663280,1787666520,鹿児島 奄美地方に線状降水帯発生のおそれ 直前予測を発表,https://news.web.nhk/newsweb/na/nd-20260825de46317
https://news.web.nhk/newsweb/na/nd-20260825de46319,スポーツ,614340,1,1787663280,1788274020,【プロ野球結果】ソフトバンク モイネロが今季初完封で3勝目,https://news.web.nhk/newsweb/na/nd-20260825de46319
https://news.web.nhk/newsweb/na/nd-20260825de46320,主要,10500,1,1787693940,1787700840,妊娠中期に暑い中を過ごすと「早産」リスク高まる,https://news.web.nhk/newsweb/na/nd-20260825de46320
https://news.web.nhk/newsweb/na/nd-20260825de46320,社会,583680,1,1787693940,1788274020,妊娠中期に暑い中を過ごすと「早産」リスク高まる,https://news.web.nhk/newsweb/na/nd-20260825de46320
https://news.web.nhk/newsweb/na/nd-20260825de46321,主要,24120,1,1787669880,1787690400,来年度予算案で国債費を過去最大36兆円要求へ 財務省,https://news.web.nhk/newsweb/na/nd-20260825de46321
https://news.web.nhk/newsweb/na/nd-20260825de46321,経済,520380,1,1787666520,1788183300,来年度予算案で国債費を過去最大36兆円要求へ 財務省,https://news.web.nhk/newsweb/na/nd-20260825de46321
https://news.web.nhk/newsweb/na/nd-20260825de46322,主要,15300,1,1787697600,1787709300,高級時計窃盗事件 駅方向に逃走か 2人組の行方捜査 警視庁,https://news.web.nhk/newsweb/na/nd-20260825de46322
https://news.web.nhk/newsweb/na/nd-20260825de46322,社会,583680,1,1787693940,1788274020,高級時計窃盗事件 駅方向に逃走か 2人組の行方捜査 警視庁,https://news.web.nhk/newsweb/na/nd-20260825de46322
https://news.web.nhk/newsweb/na/nd-20260825de46327,主要,13380,1,1787669880,1787679660,鹿児島 奄美地方で「線状降水帯発生」気象庁,https://news.web.nhk/newsweb/na/nd-20260825de46327
https://news.web.nhk/newsweb/na/nd-20260826de46328,政治,583680,1,1787693940,1788274020,自民 麻生副総裁 茂木外相が会談 党内情勢めぐり意見交換か,https://news.web.nhk/newsweb/na/nd-20260826de46328
https://news.web.nhk/newsweb/na/nd-20260826de46329,主要,7260,1,1787693940,1787697600,自民 福岡県連から28日に聴き取り 早期に事態の収拾を図る,https://news.web.nhk/newsweb/na/nd-20260826de46329
https://news.web.nhk/newsweb/na/nd-20260826de46329,政治,583680,1,1787693940,1788274020,自民 福岡県連から28日に聴き取り 早期に事態の収拾を図る,https://news.web.nhk/newsweb/na/nd-20260826de46329
https://news.web.nhk/newsweb/na/nd-20260826de46330,国際,580020,1,1787697600,1788274020,ロシア 攻撃防護対策不十分な施設を政府管理下に置く大統領令,https://news.web.nhk/newsweb/na/nd-20260826de46330
https://news.web.nhk/newsweb/na/nd-20260826de46331,主要,7140,1,1787690400,1787693940,政府 エネルギー安定確保で新計画 代替パイプライン建設支援,https://news.web.nhk/newsweb/na/nd-20260826de46331
https://news.web.nhk/newsweb/na/nd-20260826de46331,政治,587220,1,1787690400,1788274020,政府 エネルギー安定確保で新計画 代替パイプライン建設支援,https://news.web.nhk/newsweb/na/nd-20260826de46331
https://news.web.nhk/newsweb/na/nd-20260826de46332,主要,16860,1,1787700840,1787714100,発がん性指摘の化学物質含む溶液に白菜浸し出荷か 中国河北省,https://news.web.nhk/newsweb/na/nd-20260826de46332
https://news.web.nhk/newsweb/na/nd-20260826de46332,国際,576780,1,1787700840,1788274020,発がん性指摘の化学物質含む溶液に白菜浸し出荷か 中国河北省,https://news.web.nhk/newsweb/na/nd-20260826de46332
https://news.web.nhk/newsweb/na/nd-20260826de46333,主要,54240,1,1787684040,1787734680,台風18号 奄美や沖縄本島から遠ざかるも土砂災害に厳重警戒を,https://news.web.nhk/newsweb/na/nd-20260826de46333
https://news.web.nhk/newsweb/na/nd-20260826de46334,主要,16860,1,1787700840,1787714100,トランプ大統領 オンタリオ湖の改称検討 カナダとの対立激化,https://news.web.nhk/newsweb/na/nd-20260826de46334
https://news.web.nhk/newsweb/na/nd-20260826de46334,国際,576780,1,1787700840,1788274020,トランプ大統領 オンタリオ湖の改称検討 カナダとの対立激化,https://news.web.nhk/newsweb/na/nd-20260826de46334
https://news.web.nhk/newsweb/na/nd-20260826de46337,主要,77700,1,1787697600,1787771700,福岡県で40度以上の「酷暑日」に 広い範囲で大気不安定,https://news.web.nhk/newsweb/na/nd-20260826de46337
https://news.web.nhk/newsweb/na/nd-20260826de46353,主要,3600,1,1787709300,1787709300,国連とICRC AI使用の自律型兵器の規制を各国に呼びかけ,https://news.web.nhk/newsweb/na/nd-20260826de46353
https://news.web.nhk/newsweb/na/nd-20260826de46353,国際,568320,1,1787709300,1788274020,国連とICRC AI使用の自律型兵器の規制を各国に呼びかけ,https://news.web.nhk/newsweb/na/nd-20260826de46353
https://news.web.nhk/newsweb/na/nd-20260826de46354,政治,568320,1,1787709300,1788274020,高市首相動静 2026年8月25日,https://news.web.nhk/newsweb/na/nd-20260826de46354
https://news.web.nhk/newsweb/na/nd-20260826de46355,主要,3600,1,1787709300,1787709300,秋篠宮ご夫妻 パラグアイから帰国「有意義な旅となった」,https://news.web.nhk/newsweb/na/nd-20260826de46355
https://news.web.nhk/newsweb/na/nd-20260826de46355,社会,568320,1,1787709300,1788274020,秋篠宮ご夫妻 パラグアイから帰国「有意義な旅となった」,https://news.web.nhk/newsweb/na/nd-20260826de46355
https://news.web.nhk/newsweb/na/nd-20260826de46356,国際,563520,1,1787714100,1788274020,NY原油80ドル台に下落 ホルムズ海峡の航路協議を受けて,https://news.web.nhk/newsweb/na/nd-20260826de46356
https://news.web.nhk/newsweb/na/nd-20260826de46356,経済,563520,1,1787714100,1788274020,NY原油80ドル台に下落 ホルムズ海峡の航路協議を受けて,https://news.web.nhk/newsweb/na/nd-20260826de46356
https://news.web.nhk/newsweb/na/nd-20260826de46360,暮らし,546660,1,1787730960,1788274020,【きょうのおはBiz 8月26日（水）】競争加速 リカバリーウエア,https://news.web.nhk/newsweb/na/nd-20260826de46360
https://news.web.nhk/newsweb/na/nd-20260826de46360,経済,546660,1,1787730960,1788274020,【きょうのおはBiz 8月26日（水）】競争加速 リカバリーウエア,https://news.web.nhk/newsweb/na/nd-20260826de46360
https://news.web.nhk/newsweb/na/nd-20260826de46361,主要,9420,1,1787714100,1787719920,米「カントリー音楽の女王」ドリー・パートンさん死去,https://news.web.nhk/newsweb/na/nd-20260826de46361
https://news.web.nhk/newsweb/na/nd-20260826de46361,国際,563520,1,1787714100,1788274020,米「カントリー音楽の女王」ドリー・パートンさん死去,https://news.web.nhk/newsweb/na/nd-20260826de46361
https://news.web.nhk/newsweb/na/nd-20260826de46361,科学・文化,563520,1,1787714100,1788274020,米「カントリー音楽の女王」ドリー・パートンさん死去,https://news.web.nhk/newsweb/na/nd-20260826de46361
https://news.web.nhk/newsweb/na/nd-20260826de46362,スポーツ,563520,1,1787714100,1788274020,テニス錦織圭 現役最後の全米OP男子シングルス予選2回戦へ進出,https://news.web.nhk/newsweb/na/nd-20260826de46362
https://news.web.nhk/newsweb/na/nd-20260826de46378,経済,557700,1,1787719920,1788274020,熊本地震 農林水産業の被害 約1102億円に（8月25日時点）,https://news.web.nhk/newsweb/na/nd-20260826de46378
https://news.web.nhk/newsweb/na/nd-20260826de46380,主要,3600,1,1787714100,1787714100,米ルビオ長官“当面新たな攻撃なし”同盟国などに伝達 米報道,https://news.web.nhk/newsweb/na/nd-20260826de46380
https://news.web.nhk/newsweb/na/nd-20260826de46380,国際,563520,1,1787714100,1788274020,米ルビオ長官“当面新たな攻撃なし”同盟国などに伝達 米報道,https://news.web.nhk/newsweb/na/nd-20260826de46380
https://news.web.nhk/newsweb/na/nd-20260826de46381,国際,563520,1,1787714100,1788274020,イランへの制裁 米の元制裁調査官“交渉の席に戻すねらい”,https://news.web.nhk/newsweb/na/nd-20260826de46381
https://news.web.nhk/newsweb/na/nd-20260826de46385,主要,3600,1,1787714100,1787714100,高級時計窃盗事件 2人組の男 現場にハンマー残し逃走か,https://news.web.nhk/newsweb/na/nd-20260826de46385
https://news.web.nhk/newsweb/na/nd-20260826de46385,社会,563520,1,1787714100,1788274020,高級時計窃盗事件 2人組の男 現場にハンマー残し逃走か,https://news.web.nhk/newsweb/na/nd-20260826de46385
https://news.web.nhk/newsweb/na/nd-20260826de46396,主要,6660,1,1787741340,1787744400,熊本 被災地で極端に雨の少ない状況 レンコンやイチゴに影響,https://news.web.nhk/newsweb/na/nd-20260826de46396
https://news.web.nhk/newsweb/na/nd-20260826de46396,暮らし,536280,1,1787741340,1788274020,熊本 被災地で極端に雨の少ない状況 レンコンやイチゴに影響,https://news.web.nhk/newsweb/na/nd-20260826de46396
https://news.web.nhk/newsweb/na/nd-20260826de46398,主要,28080,1,1787719920,1787744400,イラン国営メディア トランプ大統領息子の命脅かす映像 米報道,https://news.web.nhk/newsweb/na/nd-20260826de46398
https://news.web.nhk/newsweb/na/nd-20260826de46398,国際,557700,1,1787719920,1788274020,イラン国営メディア トランプ大統領息子の命脅かす映像 米報道,https://news.web.nhk/newsweb/na/nd-20260826de46398
https://news.web.nhk/newsweb/na/nd-20260826de46400,経済,563520,1,1787714100,1788274020,株価 値上がり 半導体関連の銘柄 買い戻す動き広がる,https://news.web.nhk/newsweb/na/nd-20260826de46400
https://news.web.nhk/newsweb/na/nd-20260826de46401,国際,546660,1,1787730960,1788274020,“北朝鮮キム総書記 ことしの経済分野など目標達成指示”報道,https://news.web.nhk/newsweb/na/nd-20260826de46401
https://news.web.nhk/newsweb/na/nd-20260826de46402,主要,18360,1,1787719920,1787734680,AI関連の展示会「フィジカルAI」に注目集まる 約100社が出展,https://news.web.nhk/newsweb/na/nd-20260826de46402
https://news.web.nhk/newsweb/na/nd-20260826de46402,経済,557700,1,1787719920,1788274020,AI関連の展示会「フィジカルAI」に注目集まる 約100社が出展,https://news.web.nhk/newsweb/na/nd-20260826de46402
https://news.web.nhk/newsweb/na/nd-20260826de46406,暮らし,557700,1,1787719920,1788274020,香川 水不足が稲作にも影響 干上がる田んぼも,https://news.web.nhk/newsweb/na/nd-20260826de46406
https://news.web.nhk/newsweb/na/nd-20260826de46406,社会,557700,1,1787719920,1788274020,香川 水不足が稲作にも影響 干上がる田んぼも,https://news.web.nhk/newsweb/na/nd-20260826de46406
https://news.web.nhk/newsweb/na/nd-20260826de46409,スポーツ,557700,1,1787719920,1788274020,ドジャース大谷 3試合ぶり安打 チーム競り負け6連勝でストップ,https://news.web.nhk/newsweb/na/nd-20260826de46409
https://news.web.nhk/newsweb/na/nd-20260826de46409,主要,14640,1,1787719920,1787730960,ドジャース大谷 3試合ぶり安打 チーム競り負け6連勝でストップ,https://news.web.nhk/newsweb/na/nd-20260826de46409
https://news.web.nhk/newsweb/na/nd-20260826de46410,スポーツ,557700,1,1787719920,1788274020,ブルージェイズ岡本 連続試合ヒット9でストップ チーム2連敗,https://news.web.nhk/newsweb/na/nd-20260826de46410
https://news.web.nhk/newsweb/na/nd-20260826de46411,主要,21720,1,1787719920,1787738040,CIA長官がモスクワ訪問か ロシアに警告の見方も,https://news.web.nhk/newsweb/na/nd-20260826de46411
https://news.web.nhk/newsweb/na/nd-20260826de46411,国際,642660,1,1787719920,1788358980,CIA長官がモスクワ訪問か ロシアに警告の見方も,https://news.web.nhk/newsweb/na/nd-20260826de46411
https://news.web.nhk/newsweb/na/nd-20260826de46414,経済,533220,1,1787744400,1788274020,赤字続く郵便事業 持続可能なサービスのあり方検討【Q＆Aも】,https://news.web.nhk/newsweb/na/nd-20260826de46414
https://news.web.nhk/newsweb/na/nd-20260826de46417,スポーツ,557700,1,1787719920,1788274020,ホワイトソックス 村上宗隆 ノーヒットもチームは打ち合い制す,https://news.web.nhk/newsweb/na/nd-20260826de46417
https://news.web.nhk/newsweb/na/nd-20260826de46419,主要,8280,1,1787723160,1787727840,木原官房長官 日中関係 “懸案と課題があるからこそ対話重要”,https://news.web.nhk/newsweb/na/nd-20260826de46419
https://news.web.nhk/newsweb/na/nd-20260826de46419,政治,557700,1,1787719920,1788274020,木原官房長官 日中関係 “懸案と課題があるからこそ対話重要”,https://news.web.nhk/newsweb/na/nd-20260826de46419
https://news.web.nhk/newsweb/na/nd-20260826de46449,経済,539520,1,1787823060,1788358980,アメリカ FRBのウォーシュ議長がジャクソンホールで初の講演へ,https://news.web.nhk/newsweb/na/nd-20260826de46449
https://news.web.nhk/newsweb/na/nd-20260826de46452,スポーツ,549780,1,1787727840,1788274020,カブス 鈴木誠也 2安打もチームはサヨナラ負け,https://news.web.nhk/newsweb/na/nd-20260826de46452
https://news.web.nhk/newsweb/na/nd-20260826de46453,政治,549780,1,1787727840,1788274020,出産無償化に向けて 有識者による検討会立ち上げへ 厚労省,https://news.web.nhk/newsweb/na/nd-20260826de46453
https://news.web.nhk/newsweb/na/nd-20260826de46459,国際,542940,1,1787734680,1788274020,高市首相 日本とベトナムが舞台のミュージカル 主演俳優を激励,https://news.web.nhk/newsweb/na/nd-20260826de46459
https://news.web.nhk/newsweb/na/nd-20260826de46459,政治,542940,1,1787734680,1788274020,高市首相 日本とベトナムが舞台のミュージカル 主演俳優を激励,https://news.web.nhk/newsweb/na/nd-20260826de46459
https://news.web.nhk/newsweb/na/nd-20260826de46460,政治,549780,1,1787727840,1788274020,法務省 概算要求で外国人在留の適正管理に807億円余,https://news.web.nhk/newsweb/na/nd-20260826de46460
https://news.web.nhk/newsweb/na/nd-20260826de46462,主要,22500,1,1787730960,1787749860,トランプ政権から制裁のICC赤根所長“日本政府の役割に期待”,https://news.web.nhk/newsweb/na/nd-20260826de46462
https://news.web.nhk/newsweb/na/nd-20260826de46462,国際,546660,1,1787730960,1788274020,トランプ政権から制裁のICC赤根所長“日本政府の役割に期待”,https://news.web.nhk/newsweb/na/nd-20260826de46462
https://news.web.nhk/newsweb/na/nd-20260826de46464,主要,3600,1,1787738040,1787738040,熊本 宇城 被災した中学校の授業再開前に教職員が心のケア学ぶ,https://news.web.nhk/newsweb/na/nd-20260826de46464
https://news.web.nhk/newsweb/na/nd-20260826de46466,主要,3600,1,1787738040,1787738040,「フィジカルAI」を複数企業が共同で開発進める施設 稼働開始,https://news.web.nhk/newsweb/na/nd-20260826de46466
https://news.web.nhk/newsweb/na/nd-20260826de46466,経済,542940,1,1787734680,1788274020,「フィジカルAI」を複数企業が共同で開発進める施設 稼働開始,https://news.web.nhk/newsweb/na/nd-20260826de46466
https://news.web.nhk/newsweb/na/nd-20260826de46467,主要,6900,1,1787738040,1787741340,辺野古転覆事故 同志社理事長の辞任と校長の解任を発表,https://news.web.nhk/newsweb/na/nd-20260826de46467
https://news.web.nhk/newsweb/na/nd-20260826de46467,社会,539580,1,1787738040,1788274020,辺野古転覆事故 同志社理事長の辞任と校長の解任を発表,https://news.web.nhk/newsweb/na/nd-20260826de46467
https://news.web.nhk/newsweb/na/nd-20260826de46469,政治,533220,1,1787744400,1788274020,厚生労働省 概算要求で過去最大の36兆5803億円を計上,https://news.web.nhk/newsweb/na/nd-20260826de46469
https://news.web.nhk/newsweb/na/nd-20260826de46472,主要,3600,1,1787734680,1787734680,政府 「副首都」構想で10月下旬めどに指定要件など決める方針,https://news.web.nhk/newsweb/na/nd-20260826de46472
https://news.web.nhk/newsweb/na/nd-20260826de46472,政治,542940,1,1787734680,1788274020,政府 「副首都」構想で10月下旬めどに指定要件など決める方針,https://news.web.nhk/newsweb/na/nd-20260826de46472
https://news.web.nhk/newsweb/na/nd-20260826de46477,主要,3600,1,1787749860,1787749860,自民 税調 消費税減税で議論 政府“農家 漁業者に給付金検討”,https://news.web.nhk/newsweb/na/nd-20260826de46477
https://news.web.nhk/newsweb/na/nd-20260826de46477,政治,533220,1,1787744400,1788274020,自民 税調 消費税減税で議論 政府“農家 漁業者に給付金検討”,https://news.web.nhk/newsweb/na/nd-20260826de46477
https://news.web.nhk/newsweb/na/nd-20260826de46478,政治,624540,1,1787738040,1788358980,政府 エネルギー安定確保で新計画 代替パイプライン建設支援,https://news.web.nhk/newsweb/na/nd-20260826de46478
https://news.web.nhk/newsweb/na/nd-20260826de46479,国際,533220,1,1787744400,1788274020,茂木外相 ホルムズ海峡は関係者間で議論 クウェート外相と一致,https://news.web.nhk/newsweb/na/nd-20260826de46479
https://news.web.nhk/newsweb/na/nd-20260826de46479,政治,533220,1,1787744400,1788274020,茂木外相 ホルムズ海峡は関係者間で議論 クウェート外相と一致,https://news.web.nhk/newsweb/na/nd-20260826de46479
https://news.web.nhk/newsweb/na/nd-20260826de46481,社会,536280,1,1787741340,1788274020,千葉豪雨 車の浸水 大手損保では保険請求受け付け1万3800件超,https://news.web.nhk/newsweb/na/nd-20260826de46481
https://news.web.nhk/newsweb/na/nd-20260826de46485,主要,15780,1,1787749860,1787762040,千葉豪雨から2週間 高齢者施設で復旧遅れ続く,https://news.web.nhk/newsweb/na/nd-20260826de46485
https://news.web.nhk/newsweb/na/nd-20260826de46487,主要,6660,1,1787741340,1787744400,福岡県議会 自民県議団 藏内氏後任議長候補 9月2日絞り込みへ,https://news.web.nhk/newsweb/na/nd-20260826de46487
https://news.web.nhk/newsweb/na/nd-20260826de46487,政治,536280,1,1787741340,1788274020,福岡県議会 自民県議団 藏内氏後任議長候補 9月2日絞り込みへ,https://news.web.nhk/newsweb/na/nd-20260826de46487
https://news.web.nhk/newsweb/na/nd-20260826de46488,社会,536280,1,1787741340,1788274020,山口 “貴婦人”蒸気機関車「C57」が6年ぶり運行へ試運転,https://news.web.nhk/newsweb/na/nd-20260826de46488
https://news.web.nhk/newsweb/na/nd-20260826de46490,社会,533220,1,1787744400,1788274020,マッチングアプリで誘い出し240万円余支払わせる 男女3人逮捕,https://news.web.nhk/newsweb/na/nd-20260826de46490
https://news.web.nhk/newsweb/na/nd-20260826de46493,社会,575940,1,1787786640,1788358980,【動画】Pickup NEWS（8月27日）,https://news.web.nhk/newsweb/na/nd-20260826de46493
https://news.web.nhk/newsweb/na/nd-20260826de46496,社会,536280,1,1787741340,1788274020,オンライン詐欺対策 事業者が連携強化へ新たな枠組み,https://news.web.nhk/newsweb/na/nd-20260826de46496
https://news.web.nhk/newsweb/na/nd-20260826de46499,社会,533220,1,1787744400,1788274020,高級時計窃盗事件 事件の40分前 JR中野駅前に2人組の姿,https://news.web.nhk/newsweb/na/nd-20260826de46499
https://news.web.nhk/newsweb/na/nd-20260826de46502,経済,527760,1,1787749860,1788274020,円相場 いくぶん値上がり 原油先物価格の下落受け,https://news.web.nhk/newsweb/na/nd-20260826de46502
https://news.web.nhk/newsweb/na/nd-20260826de46504,主要,9960,1,1787749860,1787756220,相模原 男子高校生は頭部に強い衝撃で死亡か,https://news.web.nhk/newsweb/na/nd-20260826de46504
https://news.web.nhk/newsweb/na/nd-20260826de46504,社会,527760,1,1787749860,1788274020,相模原 男子高校生は頭部に強い衝撃で死亡か,https://news.web.nhk/newsweb/na/nd-20260826de46504
https://news.web.nhk/newsweb/na/nd-20260826de46505,主要,3600,1,1787741340,1787741340,栃木4人死亡列車事故 列車通過時刻が十分に共有されずか,https://news.web.nhk/newsweb/na/nd-20260826de46505
https://news.web.nhk/newsweb/na/nd-20260826de46505,社会,536280,1,1787741340,1788274020,栃木4人死亡列車事故 列車通過時刻が十分に共有されずか,https://news.web.nhk/newsweb/na/nd-20260826de46505
https://news.web.nhk/newsweb/na/nd-20260826de46506,主要,41820,1,1788094140,1788132360,【選挙結果】香川県知事選挙 現職の池田豊人氏 2回目の当選,https://news.web.nhk/newsweb/na/nd-20260826de46506
https://news.web.nhk/newsweb/na/nd-20260826de46506,政治,377520,0,1788094140,1788471660,【選挙結果】香川県知事選挙 現職の池田豊人氏 2回目の当選,https://news.web.nhk/newsweb/na/nd-20260826de46506
https://news.web.nhk/newsweb/na/nd-20260826de46512,社会,590880,1,1787771700,1788358980,富士山の大噴火に大雨重なると浸水拡大のおそれ 専門家試算,https://news.web.nhk/newsweb/na/nd-20260826de46512
https://news.web.nhk/newsweb/na/nd-20260826de46516,国際,521400,1,1787756220,1788274020,モルドバとの国境検問所が攻撃受ける ウクライナ外相が非難,https://news.web.nhk/newsweb/na/nd-20260826de46516
https://news.web.nhk/newsweb/na/nd-20260826de46520,政治,527760,1,1787749860,1788274020,城内成長戦略相“消費税率2年後に戻す前提で制度設計”,https://news.web.nhk/newsweb/na/nd-20260826de46520
https://news.web.nhk/newsweb/na/nd-20260826de46522,政治,527760,1,1787749860,1788274020,デジタル庁 概算要求 AI積極活用などに向けて初の1兆円超,https://news.web.nhk/newsweb/na/nd-20260826de46522
https://news.web.nhk/newsweb/na/nd-20260826de46523,主要,30900,1,1787744400,1787771700,中部電力 浜岡原発の廃炉作業めぐり新たな不適切事案判明,https://news.web.nhk/newsweb/na/nd-20260826de46523
https://news.web.nhk/newsweb/na/nd-20260826de46523,社会,533220,1,1787744400,1788274020,中部電力 浜岡原発の廃炉作業めぐり新たな不適切事案判明,https://news.web.nhk/newsweb/na/nd-20260826de46523
https://news.web.nhk/newsweb/na/nd-20260826de46523,科学・文化,533220,1,1787744400,1788274020,中部電力 浜岡原発の廃炉作業めぐり新たな不適切事案判明,https://news.web.nhk/newsweb/na/nd-20260826de46523
https://news.web.nhk/newsweb/na/nd-20260826de46526,政治,527760,1,1787749860,1788274020,AI開発での個人情報取得規制緩和 運用ルールづくり進める,https://news.web.nhk/newsweb/na/nd-20260826de46526
https://news.web.nhk/newsweb/na/nd-20260826de46526,社会,527760,1,1787749860,1788274020,AI開発での個人情報取得規制緩和 運用ルールづくり進める,https://news.web.nhk/newsweb/na/nd-20260826de46526
https://news.web.nhk/newsweb/na/nd-20260826de46529,政治,527760,1,1787749860,1788274020,高市首相“防災庁設置踏まえ災害対応強化”熊本地震の提言受け,https://news.web.nhk/newsweb/na/nd-20260826de46529
https://news.web.nhk/newsweb/na/nd-20260826de46531,国際,527760,1,1787749860,1788274020,高市首相“ホルムズ海峡は自由で安全な航行確保が重要”,https://news.web.nhk/newsweb/na/nd-20260826de46531
https://news.web.nhk/newsweb/na/nd-20260826de46531,政治,527760,1,1787749860,1788274020,高市首相“ホルムズ海峡は自由で安全な航行確保が重要”,https://news.web.nhk/newsweb/na/nd-20260826de46531
https://news.web.nhk/newsweb/na/nd-20260826de46535,主要,30900,1,1787744400,1787771700,ネパール・中国の国境地帯で土石流 両国で98人死亡740人余不明,https://news.web.nhk/newsweb/na/nd-20260826de46535
https://news.web.nhk/newsweb/na/nd-20260826de46535,国際,618180,1,1787744400,1788358980,ネパール・中国の国境地帯で土石流 両国で98人死亡740人余不明,https://news.web.nhk/newsweb/na/nd-20260826de46535
https://news.web.nhk/newsweb/na/nd-20260826de46537,主要,3600,1,1787762040,1787762040,高知 物部川でアユ大量死 猛暑や少雨で水温上昇が原因か,https://news.web.nhk/newsweb/na/nd-20260826de46537
https://news.web.nhk/newsweb/na/nd-20260826de46544,主要,3600,1,1787756220,1787756220,文化庁の補助金不交付 不服審査請求に対する裁決取り消す判決,https://news.web.nhk/newsweb/na/nd-20260826de46544
https://news.web.nhk/newsweb/na/nd-20260826de46544,社会,521400,1,1787756220,1788274020,文化庁の補助金不交付 不服審査請求に対する裁決取り消す判決,https://news.web.nhk/newsweb/na/nd-20260826de46544
https://news.web.nhk/newsweb/na/nd-20260826de46544,科学・文化,521400,1,1787756220,1788274020,文化庁の補助金不交付 不服審査請求に対する裁決取り消す判決,https://news.web.nhk/newsweb/na/nd-20260826de46544
https://news.web.nhk/newsweb/na/nd-20260826de46550,政治,606360,1,1787756220,1788358980,福岡県議会 藏内前議長 NHKインタビュー 辞職理由は【QA詳細】,https://news.web.nhk/newsweb/na/nd-20260826de46550
https://news.web.nhk/newsweb/na/nd-20260826de46552,政治,575940,1,1787786640,1788358980,沖縄県知事選挙きょう告示 基地負担や経済など論戦へ,https://news.web.nhk/newsweb/na/nd-20260826de46552
https://news.web.nhk/newsweb/na/nd-20260826de46553,スポーツ,606360,1,1787756220,1788358980,【プロ野球結果】セ・リーグは中日が阪神に勝ち5連勝,https://news.web.nhk/newsweb/na/nd-20260826de46553
https://news.web.nhk/newsweb/na/nd-20260826de46558,国際,521400,1,1787756220,1788274020,NY原油市場WTI 約2週間ぶり1バレル＝80ドル下回る,https://news.web.nhk/newsweb/na/nd-20260826de46558
https://news.web.nhk/newsweb/na/nd-20260826de46560,社会,575940,1,1787786640,1788358980,高級時計窃盗事件 盗まれた時計は最高価格帯 事前に下見か,https://news.web.nhk/newsweb/na/nd-20260826de46560
https://news.web.nhk/newsweb/na/nd-20260826de46561,主要,9420,1,1787756220,1787762040,熊本地震支援パッケージ案 観光振興で「応援割」盛り込む,https://news.web.nhk/newsweb/na/nd-20260826de46561
https://news.web.nhk/newsweb/na/nd-20260826de46561,政治,521400,1,1787756220,1788274020,熊本地震支援パッケージ案 観光振興で「応援割」盛り込む,https://news.web.nhk/newsweb/na/nd-20260826de46561
https://news.web.nhk/newsweb/na/nd-20260826de46562,国際,521400,1,1787756220,1788274020,パキスタンの医療機関で火災 新生児14人が死亡,https://news.web.nhk/newsweb/na/nd-20260826de46562
https://news.web.nhk/newsweb/na/nd-20260826de46564,社会,521400,1,1787756220,1788274020,元弁護士 1億6000万円余り横領の罪 初公判で起訴内容認める,https://news.web.nhk/newsweb/na/nd-20260826de46564
https://news.web.nhk/newsweb/na/nd-20260826de46565,主要,3600,1,1787771700,1787771700,中国 習主席が上海協力機構の首脳会議出席でキルギスへ,https://news.web.nhk/newsweb/na/nd-20260826de46565
https://news.web.nhk/newsweb/na/nd-20260826de46565,国際,521400,1,1787756220,1788274020,中国 習主席が上海協力機構の首脳会議出席でキルギスへ,https://news.web.nhk/newsweb/na/nd-20260826de46565
https://news.web.nhk/newsweb/na/nd-20260826de46566,主要,3600,1,1787762040,1787762040,中道の立民出身議員 立民の結論踏まえ対応検討 3党合流めぐり,https://news.web.nhk/newsweb/na/nd-20260826de46566
https://news.web.nhk/newsweb/na/nd-20260826de46566,政治,521400,1,1787756220,1788274020,中道の立民出身議員 立民の結論踏まえ対応検討 3党合流めぐり,https://news.web.nhk/newsweb/na/nd-20260826de46566
https://news.web.nhk/newsweb/na/nd-20260826de46567,スポーツ,600540,1,1787762040,1788358980,サッカー天皇杯 59歳カズは出番なし 福島は横浜FMに敗れる,https://news.web.nhk/newsweb/na/nd-20260826de46567
https://news.web.nhk/newsweb/na/nd-20260826de46568,科学・文化,575940,1,1787786640,1788358980,原子力規制庁 来年度予算案の概算要求に次世代炉審査の調査費,https://news.web.nhk/newsweb/na/nd-20260826de46568
https://news.web.nhk/newsweb/na/nd-20260827de46569,スポーツ,590880,1,1787771700,1788358980,サッカー天皇杯 2回戦結果 前回王者・J1町田が快勝,https://news.web.nhk/newsweb/na/nd-20260827de46569
https://news.web.nhk/newsweb/na/nd-20260827de46570,政治,600540,1,1787762040,1788358980,政府の備蓄米 9月中に買い戻しの方針 農水省が最終調整,https://news.web.nhk/newsweb/na/nd-20260827de46570
https://news.web.nhk/newsweb/na/nd-20260827de46570,経済,600540,1,1787762040,1788358980,政府の備蓄米 9月中に買い戻しの方針 農水省が最終調整,https://news.web.nhk/newsweb/na/nd-20260827de46570
https://news.web.nhk/newsweb/na/nd-20260827de46571,政治,539520,1,1787823060,1788358980,熊本地震 支援パッケージきょう決定へ 観光振興で「応援割」も,https://news.web.nhk/newsweb/na/nd-20260827de46571
https://news.web.nhk/newsweb/na/nd-20260827de46574,主要,3600,1,1787771700,1787771700,富山県西部で線状降水帯発生 厳重警戒を,https://news.web.nhk/newsweb/na/nd-20260827de46574
https://news.web.nhk/newsweb/na/nd-20260827de46576,主要,93960,1,1787771700,1787862060,ネパール・中国の国境地帯で土石流 ネパール側の死者359人,https://news.web.nhk/newsweb/na/nd-20260827de46576
https://news.web.nhk/newsweb/na/nd-20260827de46576,国際,677520,1,1787771700,1788445620,ネパール・中国の国境地帯で土石流 ネパール側の死者359人,https://news.web.nhk/newsweb/na/nd-20260827de46576
https://news.web.nhk/newsweb/na/nd-20260827de46577,主要,3600,1,1787771700,1787771700,石川 加賀 能登で線状降水帯発生 厳重警戒を,https://news.web.nhk/newsweb/na/nd-20260827de46577
https://news.web.nhk/newsweb/na/nd-20260827de46580,科学・文化,575940,1,1787786640,1788358980,中部電力 浜岡原発の廃炉めぐる不適切事案 きょう公表へ,https://news.web.nhk/newsweb/na/nd-20260827de46580
https://news.web.nhk/newsweb/na/nd-20260827de46581,国際,575940,1,1787786640,1788358980,中国ロボット運動会 100m決勝は5台が8秒台 技術開発が加速,https://news.web.nhk/newsweb/na/nd-20260827de46581
https://news.web.nhk/newsweb/na/nd-20260827de46582,国際,539520,1,1787823060,1788358980,イスラエル総選挙 ネタニヤフ首相が苦戦 地元メディア世論調査,https://news.web.nhk/newsweb/na/nd-20260827de46582
https://news.web.nhk/newsweb/na/nd-20260827de46587,国際,539520,1,1787823060,1788358980,ハリー王子がイギリスに家族と帰国と報道 現地で高い関心,https://news.web.nhk/newsweb/na/nd-20260827de46587
https://news.web.nhk/newsweb/na/nd-20260827de46591,主要,79020,1,1787786640,1787862060,石川 富山 28日にかけ再び大雨のおそれ 土砂災害に厳重警戒を,https://news.web.nhk/newsweb/na/nd-20260827de46591
https://news.web.nhk/newsweb/na/nd-20260827de46593,主要,3600,1,1787786640,1787786640,気象庁と国土交通省が会見 大雨特別警報,https://news.web.nhk/newsweb/na/nd-20260827de46593
https://news.web.nhk/newsweb/na/nd-20260827de46596,主要,3600,1,1787786640,1787786640,富山 氷見 土砂崩れや冠水の通報相次ぐ,https://news.web.nhk/newsweb/na/nd-20260827de46596
https://news.web.nhk/newsweb/na/nd-20260827de46599,主要,3600,1,1787786640,1787786640,石川 羽咋 飯山川 飯山橋付近で水が堤防の高さ超えあふれる,https://news.web.nhk/newsweb/na/nd-20260827de46599
https://news.web.nhk/newsweb/na/nd-20260827de46601,主要,3600,1,1787786640,1787786640,富山 氷見市全域に「緊急安全確保」,https://news.web.nhk/newsweb/na/nd-20260827de46601
https://news.web.nhk/newsweb/na/nd-20260827de46602,主要,3600,1,1787786640,1787786640,石川 志賀町全域に「緊急安全確保」,https://news.web.nhk/newsweb/na/nd-20260827de46602
https://news.web.nhk/newsweb/na/nd-20260827de46604,主要,3600,1,1787786640,1787786640,政府 官邸連絡室を設置 大雨特別警報受け,https://news.web.nhk/newsweb/na/nd-20260827de46604
https://news.web.nhk/newsweb/na/nd-20260827de46604,政治,575940,1,1787786640,1788358980,政府 官邸連絡室を設置 大雨特別警報受け,https://news.web.nhk/newsweb/na/nd-20260827de46604
https://news.web.nhk/newsweb/na/nd-20260827de46613,主要,3600,1,1787823060,1787823060,【被害まとめ】石川 富山 一時レベル5大雨特別警報 土砂崩れも,https://news.web.nhk/newsweb/na/nd-20260827de46613
https://news.web.nhk/newsweb/na/nd-20260827de46622,政治,539520,1,1787823060,1788358980,高市首相動静 2026年8月26日,https://news.web.nhk/newsweb/na/nd-20260827de46622
https://news.web.nhk/newsweb/na/nd-20260827de46623,国際,539520,1,1787823060,1788358980,ホルムズ海峡めぐりイランとオマーンが共同声明 米と対立続く,https://news.web.nhk/newsweb/na/nd-20260827de46623
https://news.web.nhk/newsweb/na/nd-20260827de46624,国際,539520,1,1787823060,1788358980,エヌビディア決算 最終利益が2.2倍に AI向け半導体好調で,https://news.web.nhk/newsweb/na/nd-20260827de46624
https://news.web.nhk/newsweb/na/nd-20260827de46625,主要,3600,1,1787823060,1787823060,石川と富山 河川が氾濫 川に近づかないよう呼びかけ,https://news.web.nhk/newsweb/na/nd-20260827de46625
https://news.web.nhk/newsweb/na/nd-20260827de46626,主要,3600,1,1787862060,1787862060,中部電力 浜岡原発廃炉めぐり報告書を不正に改ざん,https://news.web.nhk/newsweb/na/nd-20260827de46626
https://news.web.nhk/newsweb/na/nd-20260827de46626,科学・文化,539520,1,1787823060,1788358980,中部電力 浜岡原発廃炉めぐり報告書を不正に改ざん,https://news.web.nhk/newsweb/na/nd-20260827de46626
https://news.web.nhk/newsweb/na/nd-20260827de46626,経済,539520,1,1787823060,1788358980,中部電力 浜岡原発廃炉めぐり報告書を不正に改ざん,https://news.web.nhk/newsweb/na/nd-20260827de46626
https://news.web.nhk/newsweb/na/nd-20260827de46628,国際,539520,1,1787823060,1788358980,米メタ SNS依存大型訴訟 約180億ドル支払いで和解 対策義務化,https://news.web.nhk/newsweb/na/nd-20260827de46628
https://news.web.nhk/newsweb/na/nd-20260827de46633,政治,539520,1,1787823060,1788358980,維新 馬場前代表“維新入閣 既定路線 ポストは高市首相判断”,https://news.web.nhk/newsweb/na/nd-20260827de46633
https://news.web.nhk/newsweb/na/nd-20260827de46634,スポーツ,539520,1,1787823060,1788358980,テニス錦織圭 現役最後の全米OP男子シングルス予選2回戦勝利,https://news.web.nhk/newsweb/na/nd-20260827de46634
https://news.web.nhk/newsweb/na/nd-20260827de46649,スポーツ,539520,1,1787823060,1788358980,パドレス 松井裕樹 ピンチに好投 7試合連続の無失点,https://news.web.nhk/newsweb/na/nd-20260827de46649
https://news.web.nhk/newsweb/na/nd-20260827de46650,スポーツ,539520,1,1787823060,1788358980,カブス 鈴木誠也 2打数ノーヒットでチームも敗れる,https://news.web.nhk/newsweb/na/nd-20260827de46650
https://news.web.nhk/newsweb/na/nd-20260827de46651,科学・文化,539520,1,1787823060,1788358980,芸術家 草間彌生さん死去 97歳 水玉モチーフの作品で知られる,https://news.web.nhk/newsweb/na/nd-20260827de46651
https://news.web.nhk/newsweb/na/nd-20260827de46656,スポーツ,539520,1,1787823060,1788358980,ブルージェイズ 岡本和真 2打数ノーヒットもチームは勝利,https://news.web.nhk/newsweb/na/nd-20260827de46656
https://news.web.nhk/newsweb/na/nd-20260827de46670,主要,3600,1,1787862060,1787862060,東京 中野 高級時計窃盗事件でチリ国籍の男の容疑者2人逮捕,https://news.web.nhk/newsweb/na/nd-20260827de46670
https://news.web.nhk/newsweb/na/nd-20260827de46670,社会,500520,1,1787862060,1788358980,東京 中野 高級時計窃盗事件でチリ国籍の男の容疑者2人逮捕,https://news.web.nhk/newsweb/na/nd-20260827de46670
https://news.web.nhk/newsweb/na/nd-20260827de46672,社会,539520,1,1787823060,1788358980,東京 台東区の強盗予備事件で新たに1人逮捕 リクルート役か,https://news.web.nhk/newsweb/na/nd-20260827de46672
https://news.web.nhk/newsweb/na/nd-20260827de46674,経済,539520,1,1787823060,1788358980,株価 小幅な値下がり,https://news.web.nhk/newsweb/na/nd-20260827de46674
https://news.web.nhk/newsweb/na/nd-20260827de46685,スポーツ,539520,1,1787823060,1788358980,ドジャース 大谷翔平 7試合ぶり複数安打 佐々木朗希は4失点,https://news.web.nhk/newsweb/na/nd-20260827de46685
https://news.web.nhk/newsweb/na/nd-20260827de46692,経済,539520,1,1787823060,1788358980,おもちゃショー開幕 株や金の投資など社会のトレンド反映,https://news.web.nhk/newsweb/na/nd-20260827de46692
https://news.web.nhk/newsweb/na/nd-20260827de46694,経済,539520,1,1787823060,1788358980,東京23区 7月の平均家賃 単身者向けは上昇止まる 2年2か月ぶり,https://news.web.nhk/newsweb/na/nd-20260827de46694
https://news.web.nhk/newsweb/na/nd-20260827de46699,経済,539520,1,1787823060,1788358980,キオクシア 岩手工場拡張など5兆円投資へ AI需要に対応,https://news.web.nhk/newsweb/na/nd-20260827de46699
https://news.web.nhk/newsweb/na/nd-20260827de46700,スポーツ,539520,1,1787823060,1788358980,ホワイトソックス 村上宗隆 ノーヒットも2四球 チームは2連勝,https://news.web.nhk/newsweb/na/nd-20260827de46700
https://news.web.nhk/newsweb/na/nd-20260827de46706,国際,539520,1,1787823060,1788358980,韓国 政策金利引き上げ3％に 中央銀行“市場へのシグナル”,https://news.web.nhk/newsweb/na/nd-20260827de46706
https://news.web.nhk/newsweb/na/nd-20260827de46709,経済,539520,1,1787823060,1788358980,プルデンシャル生命 6月までの3か月 新たな保険契約数が9割減,https://news.web.nhk/newsweb/na/nd-20260827de46709
https://news.web.nhk/newsweb/na/nd-20260827de46716,経済,539520,1,1787823060,1788358980,物価高続くなかスーパーで値下げの動き,https://news.web.nhk/newsweb/na/nd-20260827de46716
https://news.web.nhk/newsweb/na/nd-20260827de46721,社会,539520,1,1787823060,1788358980,天皇皇后両陛下 9月下旬に熊本地震の被災地訪問へ,https://news.web.nhk/newsweb/na/nd-20260827de46721
https://news.web.nhk/newsweb/na/nd-20260827de46736,社会,539520,1,1787823060,1788358980,原子力規制委 テロ対策施設 設置期限延長の規則改正を正式決定,https://news.web.nhk/newsweb/na/nd-20260827de46736
https://news.web.nhk/newsweb/na/nd-20260827de46740,経済,539520,1,1787823060,1788358980,日銀 氷見野副総裁 “これまで以上に物価上振れリスク意識”,https://news.web.nhk/newsweb/na/nd-20260827de46740
https://news.web.nhk/newsweb/na/nd-20260827de46743,国際,539520,1,1787823060,1788358980,中道と公明の国会議員 中国共産党関係者と会談 交流再開を提案,https://news.web.nhk/newsweb/na/nd-20260827de46743
https://news.web.nhk/newsweb/na/nd-20260827de46743,政治,539520,1,1787823060,1788358980,中道と公明の国会議員 中国共産党関係者と会談 交流再開を提案,https://news.web.nhk/newsweb/na/nd-20260827de46743
https://news.web.nhk/newsweb/na/nd-20260827de46745,政治,539520,1,1787823060,1788358980,黄川田こども政策相 グーグル幹部と生成AI利用など意見交換,https://news.web.nhk/newsweb/na/nd-20260827de46745
https://news.web.nhk/newsweb/na/nd-20260827de46747,政治,539520,1,1787823060,1788358980,沖縄県知事選6人が立候補 基地負担や経済振興で論戦へ,https://news.web.nhk/newsweb/na/nd-20260827de46747
https://news.web.nhk/newsweb/na/nd-20260827de46753,経済,539520,1,1787823060,1788358980,8月月例経済報告「緩やかに回復」維持 熊本地震などで表現変更,https://news.web.nhk/newsweb/na/nd-20260827de46753
https://news.web.nhk/newsweb/na/nd-20260827de46756,社会,500520,1,1787862060,1788358980,香川県 渇水対策本部を設置 28日からの取水制限受け対応確認,https://news.web.nhk/newsweb/na/nd-20260827de46756
https://news.web.nhk/newsweb/na/nd-20260827de46760,政治,539520,1,1787823060,1788358980,内閣府の概算要求 レアアース資源開発など念頭に研究開発推進,https://news.web.nhk/newsweb/na/nd-20260827de46760
https://news.web.nhk/newsweb/na/nd-20260827de46761,主要,3600,1,1787823060,1787823060,宮崎 宮崎空港で「煙のようなもの充満」の情報 けが人なし,https://news.web.nhk/newsweb/na/nd-20260827de46761
https://news.web.nhk/newsweb/na/nd-20260827de46761,社会,539520,1,1787823060,1788358980,宮崎 宮崎空港で「煙のようなもの充満」の情報 けが人なし,https://news.web.nhk/newsweb/na/nd-20260827de46761
https://news.web.nhk/newsweb/na/nd-20260827de46764,国際,539520,1,1787823060,1788358980,茂木外相 コロンビア閣僚とEPA交渉活性化で一致,https://news.web.nhk/newsweb/na/nd-20260827de46764
https://news.web.nhk/newsweb/na/nd-20260827de46765,社会,500520,1,1787862060,1788358980,証券口座乗っ取りめぐり79人が証券会社4社に調停申し立て,https://news.web.nhk/newsweb/na/nd-20260827de46765
https://news.web.nhk/newsweb/na/nd-20260827de46769,主要,3600,1,1787823060,1787823060,秋田県沿岸に「線状降水帯直前予測」,https://news.web.nhk/newsweb/na/nd-20260827de46769
https://news.web.nhk/newsweb/na/nd-20260827de46774,社会,500520,1,1787862060,1788358980,東海第二原発 防潮堤の工事計画了承も完成時期延期含め検討,https://news.web.nhk/newsweb/na/nd-20260827de46774
https://news.web.nhk/newsweb/na/nd-20260827de46778,経済,539520,1,1787823060,1788358980,円相場 いくぶん値下がり,https://news.web.nhk/newsweb/na/nd-20260827de46778
https://news.web.nhk/newsweb/na/nd-20260827de46782,主要,3600,1,1787823060,1787823060,富山市 1万7967世帯 3万7388人に避難指示(16:00),https://news.web.nhk/newsweb/na/nd-20260827de46782
https://news.web.nhk/newsweb/na/nd-20260827de46783,社会,500520,1,1787862060,1788358980,アスベスト中皮腫 時効めぐり遺族の訴え認める 2審で初,https://news.web.nhk/newsweb/na/nd-20260827de46783
https://news.web.nhk/newsweb/na/nd-20260827de46784,社会,500520,1,1787862060,1788358980,栃木4人死亡列車事故 中継見張員 配置前に作業か,https://news.web.nhk/newsweb/na/nd-20260827de46784
https://news.web.nhk/newsweb/na/nd-20260827de46788,社会,500520,1,1787862060,1788358980,保護者の過度な要求から教職員守るガイドライン通知へ 文科省,https://news.web.nhk/newsweb/na/nd-20260827de46788
https://news.web.nhk/newsweb/na/nd-20260827de46801,社会,500520,1,1787862060,1788358980,厚生労働白書案 医療や介護人手不足でロボット・AI活用不可欠,https://news.web.nhk/newsweb/na/nd-20260827de46801
https://news.web.nhk/newsweb/na/nd-20260827de46802,スポーツ,500520,1,1787862060,1788358980,サッカー 町田に加入の小川航基「ゴールという数字を残す」,https://news.web.nhk/newsweb/na/nd-20260827de46802
https://news.web.nhk/newsweb/na/nd-20260827de46803,スポーツ,500520,1,1787862060,1788358980,オリックス 森友哉が左手首を手術 今シーズンの復帰は困難か,https://news.web.nhk/newsweb/na/nd-20260827de46803
https://news.web.nhk/newsweb/na/nd-20260827de46804,政治,500520,1,1787862060,1788358980,茂木外相 ウクライナ支援継続の方針伝える 独外相と電話会談,https://news.web.nhk/newsweb/na/nd-20260827de46804
https://news.web.nhk/newsweb/na/nd-20260827de46805,経済,500520,1,1787862060,1788358980,AIで需要拡大 “短期間で設置”コンテナ型のデータセンター,https://news.web.nhk/newsweb/na/nd-20260827de46805
https://news.web.nhk/newsweb/na/nd-20260827de46806,政治,554820,1,1787894400,1788445620,立民幹部“合流困難”方向確認 中道・公明に党首会談で伝達へ,https://news.web.nhk/newsweb/na/nd-20260827de46806
https://news.web.nhk/newsweb/na/nd-20260827de46807,政治,500520,1,1787862060,1788358980,障害者らが高市首相に平和への願い込めた手紙を手渡す,https://news.web.nhk/newsweb/na/nd-20260827de46807
https://news.web.nhk/newsweb/na/nd-20260827de46810,主要,3600,1,1787894400,1787894400,全国的に大気不安定 北陸再び雨強まる見込み 土砂災害に警戒,https://news.web.nhk/newsweb/na/nd-20260827de46810
https://news.web.nhk/newsweb/na/nd-20260827de46813,国際,554820,1,1787894400,1788445620,イラン軍事作戦半年 ホルムズ海峡など打開道筋見いだせず,https://news.web.nhk/newsweb/na/nd-20260827de46813
https://news.web.nhk/newsweb/na/nd-20260827de46815,主要,51360,1,1787894400,1787942160,ネパール土石流552人死亡 連絡取れない日本人か 5人氏名公表,https://news.web.nhk/newsweb/na/nd-20260827de46815
https://news.web.nhk/newsweb/na/nd-20260827de46815,国際,554820,1,1787894400,1788445620,ネパール土石流552人死亡 連絡取れない日本人か 5人氏名公表,https://news.web.nhk/newsweb/na/nd-20260827de46815
https://news.web.nhk/newsweb/na/nd-20260827de46816,政治,500520,1,1787862060,1788358980,中道の公明出身議員“中道の政治を前に”3党合流めぐり,https://news.web.nhk/newsweb/na/nd-20260827de46816
https://news.web.nhk/newsweb/na/nd-20260827de46817,政治,500520,1,1787862060,1788358980,総務省 概算要求 消費税減税で“自治体財政への適切な措置を”,https://news.web.nhk/newsweb/na/nd-20260827de46817
https://news.web.nhk/newsweb/na/nd-20260827de46819,社会,554820,1,1787894400,1788445620,【動画】Pickup NEWS（8月28日）,https://news.web.nhk/newsweb/na/nd-20260827de46819
https://news.web.nhk/newsweb/na/nd-20260827de46821,国際,500520,1,1787862060,1788358980,北朝鮮外務省 アメリカの韓国へのミサイル売却を非難,https://news.web.nhk/newsweb/na/nd-20260827de46821
https://news.web.nhk/newsweb/na/nd-20260827de46824,主要,3600,1,1787894400,1787894400,熊本地震1か月 揺れへの備え継続を 猛烈な暑さも続く,https://news.web.nhk/newsweb/na/nd-20260827de46824
https://news.web.nhk/newsweb/na/nd-20260827de46827,政治,500520,1,1787862060,1788358980,高市首相 28日にAI指導受ける 講師はチームみらい安野党首ら,https://news.web.nhk/newsweb/na/nd-20260827de46827
https://news.web.nhk/newsweb/na/nd-20260827de46828,スポーツ,587160,1,1787862060,1788445620,【プロ野球結果】 パ・リーグ ソフトバンクがマジック「21」に,https://news.web.nhk/newsweb/na/nd-20260827de46828
https://news.web.nhk/newsweb/na/nd-20260827de46829,社会,554820,1,1787894400,1788445620,7月の有効求人倍率1.18倍 前月と同水準 厚労省,https://news.web.nhk/newsweb/na/nd-20260827de46829
https://news.web.nhk/newsweb/na/nd-20260827de46830,社会,554820,1,1787894400,1788445620,中部電力 廃炉作業でも不正 組織風土の抜本的見直し問われる,https://news.web.nhk/newsweb/na/nd-20260827de46830
https://news.web.nhk/newsweb/na/nd-20260827de46830,経済,554820,1,1787894400,1788445620,中部電力 廃炉作業でも不正 組織風土の抜本的見直し問われる,https://news.web.nhk/newsweb/na/nd-20260827de46830
https://news.web.nhk/newsweb/na/nd-20260828de46832,暮らし,554820,1,1787894400,1788445620,子どものSNS規制 広がる背景は 【Q＆Aで詳しく】,https://news.web.nhk/newsweb/na/nd-20260828de46832
https://news.web.nhk/newsweb/na/nd-20260828de46832,社会,554820,1,1787894400,1788445620,子どものSNS規制 広がる背景は 【Q＆Aで詳しく】,https://news.web.nhk/newsweb/na/nd-20260828de46832
https://news.web.nhk/newsweb/na/nd-20260828de46835,社会,554820,1,1787894400,1788445620,熊本地震1か月 避難生活続く 安心な住まいの確保が課題,https://news.web.nhk/newsweb/na/nd-20260828de46835
https://news.web.nhk/newsweb/na/nd-20260828de46838,社会,554820,1,1787894400,1788445620,東京 中野 高級時計窃盗事件 容疑者“お金にして母国に”供述,https://news.web.nhk/newsweb/na/nd-20260828de46838
https://news.web.nhk/newsweb/na/nd-20260828de46839,社会,587160,1,1787862060,1788445620,辺野古転覆事故 同志社が教育の中立性・適切性検討委を設置へ,https://news.web.nhk/newsweb/na/nd-20260828de46839
https://news.web.nhk/newsweb/na/nd-20260828de46840,主要,3600,1,1787862060,1787862060,富山県東部 線状降水帯発生のおそれ 直前予測を発表,https://news.web.nhk/newsweb/na/nd-20260828de46840
https://news.web.nhk/newsweb/na/nd-20260828de46841,主要,3600,1,1787862060,1787862060,北海道 釧路地方で線状降水帯が発生 厳重警戒を,https://news.web.nhk/newsweb/na/nd-20260828de46841
https://news.web.nhk/newsweb/na/nd-20260828de46844,主要,3600,1,1787862060,1787862060,北海道 根室地方で線状降水帯発生のおそれ 厳重警戒を,https://news.web.nhk/newsweb/na/nd-20260828de46844
https://news.web.nhk/newsweb/na/nd-20260828de46848,国際,554820,1,1787894400,1788445620,国連事務総長 エボラ出血熱 感染急速拡大で各国の協力呼びかけ,https://news.web.nhk/newsweb/na/nd-20260828de46848
https://news.web.nhk/newsweb/na/nd-20260828de46850,国際,554820,1,1787894400,1788445620,“戦後 欧州最悪の虐殺”で服役中のムラディッチ元司令官 死亡,https://news.web.nhk/newsweb/na/nd-20260828de46850
https://news.web.nhk/newsweb/na/nd-20260828de46851,国際,554820,1,1787894400,1788445620,ロシア情報機関トップ 米CIA長官と会談認めるも“特別でない”,https://news.web.nhk/newsweb/na/nd-20260828de46851
https://news.web.nhk/newsweb/na/nd-20260828de46853,スポーツ,554820,1,1787894400,1788445620,バスケット男子W杯2次予選 日本は八村塁の活躍で快勝,https://news.web.nhk/newsweb/na/nd-20260828de46853
https://news.web.nhk/newsweb/na/nd-20260828de46854,主要,3600,1,1788027780,1788027780,【地震情報】茨城県で震度4 津波の心配なし,https://news.web.nhk/newsweb/na/nd-20260828de46854
https://news.web.nhk/newsweb/na/nd-20260828de46858,政治,554820,1,1787894400,1788445620,高市首相動静 2026年8月27日,https://news.web.nhk/newsweb/na/nd-20260828de46858
https://news.web.nhk/newsweb/na/nd-20260828de46859,社会,554820,1,1787894400,1788445620,東海第二原発で防潮堤完成延期へ 再稼働は2028年度後半以降に,https://news.web.nhk/newsweb/na/nd-20260828de46859
https://news.web.nhk/newsweb/na/nd-20260828de46859,科学・文化,554820,1,1787894400,1788445620,東海第二原発で防潮堤完成延期へ 再稼働は2028年度後半以降に,https://news.web.nhk/newsweb/na/nd-20260828de46859
https://news.web.nhk/newsweb/na/nd-20260828de46860,スポーツ,554820,1,1787894400,1788445620,ドジャース 佐々木朗希 右手中指のまめでけが人リスト入り,https://news.web.nhk/newsweb/na/nd-20260828de46860
https://news.web.nhk/newsweb/na/nd-20260828de46862,経済,554820,1,1787894400,1788445620,完全失業率 7月は2.4% 前月より0.1ポイント改善 総務省,https://news.web.nhk/newsweb/na/nd-20260828de46862
https://news.web.nhk/newsweb/na/nd-20260828de46863,暮らし,554820,1,1787894400,1788445620,東京23区 8月の消費者物価指数 前年同月比+1.8％,https://news.web.nhk/newsweb/na/nd-20260828de46863
https://news.web.nhk/newsweb/na/nd-20260828de46864,国際,554820,1,1787894400,1788445620,トランプ大統領 オンタリオ湖をアメリカ湖に変更の大統領令,https://news.web.nhk/newsweb/na/nd-20260828de46864
https://news.web.nhk/newsweb/na/nd-20260828de46872,経済,554820,1,1787894400,1788445620,きょうのおはBiz 8月28日（金） “ジャクソンホール会議”とは,https://news.web.nhk/newsweb/na/nd-20260828de46872
https://news.web.nhk/newsweb/na/nd-20260828de46874,主要,51360,1,1787894400,1787942160,パワハラ認定の山中 横浜市長が辞職届「けじめつけるべき」,https://news.web.nhk/newsweb/na/nd-20260828de46874
https://news.web.nhk/newsweb/na/nd-20260828de46874,政治,554820,1,1787894400,1788445620,パワハラ認定の山中 横浜市長が辞職届「けじめつけるべき」,https://news.web.nhk/newsweb/na/nd-20260828de46874
https://news.web.nhk/newsweb/na/nd-20260828de46876,主要,3600,1,1787894400,1787894400,石川県 道路に土砂 周囲と行き来できない地域相次ぐ,https://news.web.nhk/newsweb/na/nd-20260828de46876
https://news.web.nhk/newsweb/na/nd-20260828de46878,政治,554820,1,1787894400,1788445620,中道 立民 公明 ３党が党首会談 立民が合流しない方針を伝達,https://news.web.nhk/newsweb/na/nd-20260828de46878
https://news.web.nhk/newsweb/na/nd-20260828de46879,スポーツ,554820,1,1787894400,1788445620,ラグビーリーグワン 海外出身選手の出場制限を見直しへ,https://news.web.nhk/newsweb/na/nd-20260828de46879
https://news.web.nhk/newsweb/na/nd-20260828de46893,暮らし,507060,1,1787942160,1788445620,熊本地震 「ラストワンマイル」で支援物資が目詰まり 背景は,https://news.web.nhk/newsweb/na/nd-20260828de46893
https://news.web.nhk/newsweb/na/nd-20260828de46894,スポーツ,554820,1,1787894400,1788445620,女子ゴルフ 米ツアー 第1R 山下美夢有2位 2週連続優勝へ好発進,https://news.web.nhk/newsweb/na/nd-20260828de46894
https://news.web.nhk/newsweb/na/nd-20260828de46896,暮らし,507060,1,1787942160,1788445620,熊本地震1か月 家族介護限界で相談相次ぐ 調整困難も,https://news.web.nhk/newsweb/na/nd-20260828de46896
https://news.web.nhk/newsweb/na/nd-20260828de46897,暮らし,507060,1,1787942160,1788445620,熊本地震1か月 思うように進まない生活再建 在宅避難の現実は,https://news.web.nhk/newsweb/na/nd-20260828de46897
https://news.web.nhk/newsweb/na/nd-20260828de46898,社会,554820,1,1787894400,1788445620,保育所の待機児童数 9年ぶりに増加 背景に保育士不足など,https://news.web.nhk/newsweb/na/nd-20260828de46898
https://news.web.nhk/newsweb/na/nd-20260828de46901,社会,554820,1,1787894400,1788445620,視覚障害の夫婦 職務質問めぐり賠償を求めた裁判で敗訴確定,https://news.web.nhk/newsweb/na/nd-20260828de46901
https://news.web.nhk/newsweb/na/nd-20260828de46904,主要,3600,1,1787942160,1787942160,熊本地震1か月 住宅被害は5万棟超 災害関連死を防ぎ生活再建へ,https://news.web.nhk/newsweb/na/nd-20260828de46904
https://news.web.nhk/newsweb/na/nd-20260828de46906,経済,507060,1,1787942160,1788445620,イオンモール熊本 爆発事故から1か月 実効性ある対策が課題,https://news.web.nhk/newsweb/na/nd-20260828de46906
https://news.web.nhk/newsweb/na/nd-20260828de46910,主要,3600,1,1787894400,1787894400,熊本地震1か月 イオンモール熊本に献花台も 犠牲者を追悼,https://news.web.nhk/newsweb/na/nd-20260828de46910
https://news.web.nhk/newsweb/na/nd-20260828de46910,暮らし,554820,1,1787894400,1788445620,熊本地震1か月 イオンモール熊本に献花台【被災地の動き】,https://news.web.nhk/newsweb/na/nd-20260828de46910
https://news.web.nhk/newsweb/na/nd-20260828de46912,国際,214860,0,1788256800,1788471660,【随時更新】ロシア ウクライナに軍事侵攻（9月1日の動き）,https://news.web.nhk/newsweb/na/nd-20260828de46912
https://news.web.nhk/newsweb/na/nd-20260828de46914,社会,554820,1,1787894400,1788445620,旧統一教会に対する債権申し出 全国一斉の電話相談会,https://news.web.nhk/newsweb/na/nd-20260828de46914
https://news.web.nhk/newsweb/na/nd-20260828de46917,社会,554820,1,1787894400,1788445620,高級時計窃盗事件 2日前に容疑者とみられる人物来店 下見か,https://news.web.nhk/newsweb/na/nd-20260828de46917
https://news.web.nhk/newsweb/na/nd-20260828de46919,経済,554820,1,1787894400,1788445620,株価 小幅な値上がり 半導体銘柄の買い一巡で上げ幅縮小,https://news.web.nhk/newsweb/na/nd-20260828de46919
https://news.web.nhk/newsweb/na/nd-20260828de46922,国際,554820,1,1787894400,1788445620,ジャクソンホール会議が開幕 FRBウォーシュ議長の講演に注目,https://news.web.nhk/newsweb/na/nd-20260828de46922
https://news.web.nhk/newsweb/na/nd-20260828de46922,経済,554820,1,1787894400,1788445620,ジャクソンホール会議が開幕 FRBウォーシュ議長の講演に注目,https://news.web.nhk/newsweb/na/nd-20260828de46922
https://news.web.nhk/newsweb/na/nd-20260828de46923,社会,554820,1,1787894400,1788445620,最高裁 生成AI活用検討でシステム開発費を予算計上へ,https://news.web.nhk/newsweb/na/nd-20260828de46923
https://news.web.nhk/newsweb/na/nd-20260828de46928,スポーツ,554820,1,1787894400,1788445620,ドジャース山本由伸 7回途中1失点の好投も援護なく8敗目,https://news.web.nhk/newsweb/na/nd-20260828de46928
https://news.web.nhk/newsweb/na/nd-20260828de46937,経済,507060,1,1787942160,1788445620,米国産ジャガイモ輸入解禁手続き 9月18日に進捗説明会,https://news.web.nhk/newsweb/na/nd-20260828de46937
https://news.web.nhk/newsweb/na/nd-20260828de46939,スポーツ,507060,1,1787942160,1788445620,サッカー UEFAがFIFA主催大会への不参加を暫定的に停止,https://news.web.nhk/newsweb/na/nd-20260828de46939
https://news.web.nhk/newsweb/na/nd-20260828de46939,国際,507060,1,1787942160,1788445620,サッカー UEFAがFIFA主催大会への不参加を暫定的に停止,https://news.web.nhk/newsweb/na/nd-20260828de46939
https://news.web.nhk/newsweb/na/nd-20260828de46942,政治,507060,1,1787942160,1788445620,自民 鈴木幹事長 福岡県連から聴き取り“公認できる環境を”,https://news.web.nhk/newsweb/na/nd-20260828de46942
https://news.web.nhk/newsweb/na/nd-20260828de46944,スポーツ,507060,1,1787942160,1788445620,ブルージェイズ 岡本和真 3試合ぶりのヒット チームは敗戦,https://news.web.nhk/newsweb/na/nd-20260828de46944
https://news.web.nhk/newsweb/na/nd-20260828de46952,政治,507060,1,1787942160,1788445620,高市首相 北陸新幹線「1日も早い全線開業を目指す」,https://news.web.nhk/newsweb/na/nd-20260828de46952
https://news.web.nhk/newsweb/na/nd-20260828de46965,社会,507060,1,1787942160,1788445620,警察官の体に装着 ウエアラブルカメラ全国の警察で導入へ,https://news.web.nhk/newsweb/na/nd-20260828de46965
https://news.web.nhk/newsweb/na/nd-20260828de46966,主要,3600,1,1787894400,1787894400,インフルエンザ全国的な流行入り 8月の発表は異例の早さ,https://news.web.nhk/newsweb/na/nd-20260828de46966
https://news.web.nhk/newsweb/na/nd-20260828de46966,科学・文化,554820,1,1787894400,1788445620,インフルエンザ全国的な流行入り 8月の発表は異例の早さ,https://news.web.nhk/newsweb/na/nd-20260828de46966
https://news.web.nhk/newsweb/na/nd-20260828de46967,国際,130200,0,1788341460,1788471660,【随時更新】ロシア ウクライナに軍事侵攻（9月2日の動き）,https://news.web.nhk/newsweb/na/nd-20260828de46967
https://news.web.nhk/newsweb/na/nd-20260828de46968,国際,43200,0,1788428460,1788471660,【随時更新】ロシア ウクライナに軍事侵攻（9月3日の動き）,https://news.web.nhk/newsweb/na/nd-20260828de46968
https://news.web.nhk/newsweb/na/nd-20260828de46970,国際,507060,1,1787942160,1788445620,ホルムズ海峡 事実上の封鎖から半年 通過船舶は10分の1程度に,https://news.web.nhk/newsweb/na/nd-20260828de46970
https://news.web.nhk/newsweb/na/nd-20260828de46972,政治,507060,1,1787942160,1788445620,「九州ふっこう応援割」宿泊料 最大6割引 10月以降実施 国交相,https://news.web.nhk/newsweb/na/nd-20260828de46972
https://news.web.nhk/newsweb/na/nd-20260828de47000,政治,507060,1,1787942160,1788445620,地域に投資呼び込む計画 富山県の医薬品産業など新たに26件,https://news.web.nhk/newsweb/na/nd-20260828de47000
https://news.web.nhk/newsweb/na/nd-20260828de47004,スポーツ,507060,1,1787942160,1788445620,NFL目指す松澤寛政 プレシーズンゲーム最終戦は出場機会なし,https://news.web.nhk/newsweb/na/nd-20260828de47004
https://news.web.nhk/newsweb/na/nd-20260828de47006,社会,507060,1,1787942160,1788445620,福島第一原発3号機 原子炉の底に最大約3mの穴を確認 東京電力,https://news.web.nhk/newsweb/na/nd-20260828de47006
https://news.web.nhk/newsweb/na/nd-20260828de47007,社会,507060,1,1787942160,1788445620,退職代行「モームリ」運営会社 元社長らに有罪判決 東京地裁,https://news.web.nhk/newsweb/na/nd-20260828de47007
https://news.web.nhk/newsweb/na/nd-20260828de47020,社会,507060,1,1787942160,1788445620,ネパール土石流 フェイク動画など複数拡散 生成AIによるものも,https://news.web.nhk/newsweb/na/nd-20260828de47020
https://news.web.nhk/newsweb/na/nd-20260828de47022,政治,507060,1,1787942160,1788445620,茂木外相 アジアやヨーロッパの4か国 歴訪へ,https://news.web.nhk/newsweb/na/nd-20260828de47022
https://news.web.nhk/newsweb/na/nd-20260828de47026,スポーツ,507060,1,1787942160,1788445620,野球 18歳以下の日本代表 アジア選手権に向けて結団式,https://news.web.nhk/newsweb/na/nd-20260828de47026
https://news.web.nhk/newsweb/na/nd-20260828de47034,経済,507060,1,1787942160,1788445620,9月 トマトやきゅうり平年より高く 今後は地震等の影響も懸念,https://news.web.nhk/newsweb/na/nd-20260828de47034
https://news.web.nhk/newsweb/na/nd-20260828de47037,政治,507060,1,1787942160,1788445620,"三重 伊賀市長パワハラ疑惑 百条委 市長“異動希望求めてない""",https://news.web.nhk/newsweb/na/nd-20260828de47037
https://news.web.nhk/newsweb/na/nd-20260828de47037,社会,507060,1,1787942160,1788445620,"三重 伊賀市長パワハラ疑惑 百条委 市長“異動希望求めてない""",https://news.web.nhk/newsweb/na/nd-20260828de47037
https://news.web.nhk/newsweb/na/nd-20260828de47039,経済,507060,1,1787942160,1788445620,JA全農あきた ことしのコメの概算金目安額 大幅引き下げ,https://news.web.nhk/newsweb/na/nd-20260828de47039
https://news.web.nhk/newsweb/na/nd-20260828de47040,国際,507060,1,1787942160,1788445620,「米政府のアンソロピック排除措置は違憲」連邦地裁,https://news.web.nhk/newsweb/na/nd-20260828de47040
https://news.web.nhk/newsweb/na/nd-20260828de47041,国際,507060,1,1787942160,1788445620,米のイラン軍事作戦半年 ホルムズ回避の代替ルート構築進む,https://news.web.nhk/newsweb/na/nd-20260828de47041
https://news.web.nhk/newsweb/na/nd-20260828de47041,経済,507060,1,1787942160,1788445620,米のイラン軍事作戦半年 ホルムズ回避の代替ルート構築進む,https://news.web.nhk/newsweb/na/nd-20260828de47041
https://news.web.nhk/newsweb/na/nd-20260828de47042,経済,507060,1,1787942160,1788445620,9月の電気 都市ガス料金 大手各社すべてで値上がり,https://news.web.nhk/newsweb/na/nd-20260828de47042
https://news.web.nhk/newsweb/na/nd-20260828de47043,政治,507060,1,1787942160,1788445620,昨年度の概算医療費49兆2000億円 5年連続で過去最高を更新,https://news.web.nhk/newsweb/na/nd-20260828de47043
https://news.web.nhk/newsweb/na/nd-20260828de47045,社会,507060,1,1787942160,1788445620,上半期の出生数は34万人余 11年ぶり前年比増加 厚労省調査,https://news.web.nhk/newsweb/na/nd-20260828de47045
https://news.web.nhk/newsweb/na/nd-20260828de47049,社会,507060,1,1787942160,1788445620,大阪 USJ拡張へ 隣接地活用してアトラクションを整備,https://news.web.nhk/newsweb/na/nd-20260828de47049
https://news.web.nhk/newsweb/na/nd-20260828de47049,経済,507060,1,1787942160,1788445620,大阪 USJ拡張へ 隣接地活用してアトラクションを整備,https://news.web.nhk/newsweb/na/nd-20260828de47049
https://news.web.nhk/newsweb/na/nd-20260828de47050,社会,507060,1,1787942160,1788445620,環境省 帰還困難区域の除染など加速化へ 福島 大熊町に新拠点,https://news.web.nhk/newsweb/na/nd-20260828de47050
https://news.web.nhk/newsweb/na/nd-20260828de47051,政治,507060,1,1787942160,1788445620,茂木外相 チリ外相と会談 経済安全保障中心に関係強化で一致,https://news.web.nhk/newsweb/na/nd-20260828de47051
https://news.web.nhk/newsweb/na/nd-20260828de47052,経済,507060,1,1787942160,1788445620,スーパーのコメ平均価格 5キロ3156円 2週連続の値下がり,https://news.web.nhk/newsweb/na/nd-20260828de47052
https://news.web.nhk/newsweb/na/nd-20260828de47061,主要,3600,1,1787942160,1787942160,鹿児島 いちき串木野 中高生4人海で溺れ1人救助 3人を捜索,https://news.web.nhk/newsweb/na/nd-20260828de47061
https://news.web.nhk/newsweb/na/nd-20260828de47066,社会,507060,1,1787942160,1788445620,高級腕時計窃盗事件 容疑者の1人「簡単に盗めると思った」供述,https://news.web.nhk/newsweb/na/nd-20260828de47066
https://news.web.nhk/newsweb/na/nd-20260828de47068,経済,507060,1,1787942160,1788445620,円相場 小幅な値動き“FRBウォーシュ議長の講演内容を見極め”,https://news.web.nhk/newsweb/na/nd-20260828de47068
https://news.web.nhk/newsweb/na/nd-20260828de47070,政治,507060,1,1787942160,1788445620,高市首相 みらい 安野党首を「家庭教師」に AIでアプリ作成,https://news.web.nhk/newsweb/na/nd-20260828de47070
https://news.web.nhk/newsweb/na/nd-20260828de47071,経済,507060,1,1787942160,1788445620,イエローハット 最大で約180万人分の個人情報が流出か,https://news.web.nhk/newsweb/na/nd-20260828de47071
https://news.web.nhk/newsweb/na/nd-20260828de47073,政治,507060,1,1787942160,1788445620,茂木外相 ICC赤根所長と電話会談 米国制裁めぐり意見交換か,https://news.web.nhk/newsweb/na/nd-20260828de47073
https://news.web.nhk/newsweb/na/nd-20260828de47075,国際,348060,0,1788123600,1788471660,ベルギー国防相“新たに駐在武官配置し日本と連携強化”,https://news.web.nhk/newsweb/na/nd-20260828de47075
https://news.web.nhk/newsweb/na/nd-20260828de47077,政治,507060,1,1787942160,1788445620,小泉防衛相 インドネシアに自衛隊を派遣 大規模森林火災受け,https://news.web.nhk/newsweb/na/nd-20260828de47077
https://news.web.nhk/newsweb/na/nd-20260828de47086,経済,507060,1,1787942160,1788445620,7月～8月 政府・日銀の市場介入 15兆円規模,https://news.web.nhk/newsweb/na/nd-20260828de47086
https://news.web.nhk/newsweb/na/nd-20260828de47088,経済,507060,1,1787942160,1788445620,広島 呉の日鉄跡地 防衛省が売買契約締結 複合防衛拠点整備へ,https://news.web.nhk/newsweb/na/nd-20260828de47088
https://news.web.nhk/newsweb/na/nd-20260828de47089,社会,507060,1,1787942160,1788445620,中国大使館侵入事件で起訴の自衛官を懲戒免職,https://news.web.nhk/newsweb/na/nd-20260828de47089
https://news.web.nhk/newsweb/na/nd-20260828de47091,科学・文化,507060,1,1787942160,1788445620,「八日目の蝉」映画監督の成島出さん死去 65歳,https://news.web.nhk/newsweb/na/nd-20260828de47091
https://news.web.nhk/newsweb/na/nd-20260828de47092,社会,502440,0,1787969220,1788471660,【動画】Pickup NEWS（8月29日）,https://news.web.nhk/newsweb/na/nd-20260828de47092
https://news.web.nhk/newsweb/na/nd-20260828de47094,スポーツ,507060,1,1787942160,1788445620,ラグビーリーグワン 海外出身選手の出場制限見直し 会見で説明,https://news.web.nhk/newsweb/na/nd-20260828de47094
https://news.web.nhk/newsweb/na/nd-20260828de47096,社会,507060,1,1787942160,1788445620,京王線と京王相模原線 運転再開,https://news.web.nhk/newsweb/na/nd-20260828de47096
https://news.web.nhk/newsweb/na/nd-20260828de47098,スポーツ,529500,0,1787942160,1788471660,【プロ野球速報】阪神 2位巨人との直接対決3連戦の初戦に勝つ,https://news.web.nhk/newsweb/na/nd-20260828de47098
https://news.web.nhk/newsweb/na/nd-20260828de47099,社会,507060,1,1787942160,1788445620,最低賃金の調査票紛失 延べ339人分の個人情報 漏えいのおそれ,https://news.web.nhk/newsweb/na/nd-20260828de47099
https://news.web.nhk/newsweb/na/nd-20260828de47100,社会,502440,0,1787969220,1788471660,東京 高級時計窃盗事件 逮捕の2人 事件前後に服を着替えたか,https://news.web.nhk/newsweb/na/nd-20260828de47100
https://news.web.nhk/newsweb/na/nd-20260828de47103,政治,502440,0,1787969220,1788471660,立民「合流せず」3党の関係行方は中道・公明の出方が焦点,https://news.web.nhk/newsweb/na/nd-20260828de47103
https://news.web.nhk/newsweb/na/nd-20260828de47105,主要,3600,1,1787969220,1787969220,消せるボールペン 特許侵害で韓国メーカーの販売差し止め,https://news.web.nhk/newsweb/na/nd-20260828de47105
https://news.web.nhk/newsweb/na/nd-20260828de47105,国際,502440,0,1787969220,1788471660,消せるボールペン 特許侵害で韓国メーカーの販売差し止め,https://news.web.nhk/newsweb/na/nd-20260828de47105
https://news.web.nhk/newsweb/na/nd-20260828de47105,社会,502440,0,1787969220,1788471660,消せるボールペン 特許侵害で韓国メーカーの販売差し止め,https://news.web.nhk/newsweb/na/nd-20260828de47105
https://news.web.nhk/newsweb/na/nd-20260828de47106,政治,502440,0,1787969220,1788471660,横浜市の山中市長が辞職届 各党が選挙準備加速へ,https://news.web.nhk/newsweb/na/nd-20260828de47106
https://news.web.nhk/newsweb/na/nd-20260828de47107,主要,55440,1,1787942160,1787994000,マレーシアの空港 東京発の航空機の車輪格納部から遺体,https://news.web.nhk/newsweb/na/nd-20260828de47107
https://news.web.nhk/newsweb/na/nd-20260828de47107,国際,507060,1,1787942160,1788445620,マレーシアの空港 東京発の航空機の車輪格納部から遺体,https://news.web.nhk/newsweb/na/nd-20260828de47107
https://news.web.nhk/newsweb/na/nd-20260828de47107,社会,507060,1,1787942160,1788445620,マレーシアの空港 東京発の航空機の車輪格納部から遺体,https://news.web.nhk/newsweb/na/nd-20260828de47107
https://news.web.nhk/newsweb/na/nd-20260828de47108,主要,62160,1,1787969220,1788027780,前線で大気の状態不安定 石川県と福井県にレベル4危険警報,https://news.web.nhk/newsweb/na/nd-20260828de47108
https://news.web.nhk/newsweb/na/nd-20260828de47110,国際,507060,1,1787942160,1788445620,ノルウェーのハラルド国王が死去,https://news.web.nhk/newsweb/na/nd-20260828de47110
https://news.web.nhk/newsweb/na/nd-20260828de47111,国際,502440,0,1787969220,1788471660,中国 軍制服組トップら2人を解任 規律違反などの疑いで調査,https://news.web.nhk/newsweb/na/nd-20260828de47111
https://news.web.nhk/newsweb/na/nd-20260828de47112,主要,3600,1,1787942160,1787942160,FRBウォーシュ議長 “利上げの可能性を排除しない考え”示唆,https://news.web.nhk/newsweb/na/nd-20260828de47112
https://news.web.nhk/newsweb/na/nd-20260828de47112,国際,529500,0,1787942160,1788471660,FRBウォーシュ議長 “利上げの可能性を排除しない考え”示唆,https://news.web.nhk/newsweb/na/nd-20260828de47112
https://news.web.nhk/newsweb/na/nd-20260828de47114,社会,507060,1,1787942160,1788445620,東北新幹線 運転再開,https://news.web.nhk/newsweb/na/nd-20260828de47114
https://news.web.nhk/newsweb/na/nd-20260828de47115,主要,30660,1,1787942160,1787969220,サンドウィッチマン 伊達みきおさん 脳梗塞で休養,https://news.web.nhk/newsweb/na/nd-20260828de47115
https://news.web.nhk/newsweb/na/nd-20260828de47115,社会,507060,1,1787942160,1788445620,サンドウィッチマン 伊達みきおさん 脳梗塞で休養,https://news.web.nhk/newsweb/na/nd-20260828de47115
https://news.web.nhk/newsweb/na/nd-20260828de47115,科学・文化,507060,1,1787942160,1788445620,サンドウィッチマン 伊達みきおさん 脳梗塞で休養,https://news.web.nhk/newsweb/na/nd-20260828de47115
https://news.web.nhk/newsweb/na/nd-20260829de47117,主要,3600,1,1787969220,1787969220,鹿児島 いちき串木野市の海岸で流された中高生3人の捜索続く,https://news.web.nhk/newsweb/na/nd-20260829de47117
https://news.web.nhk/newsweb/na/nd-20260829de47117,社会,502440,0,1787969220,1788471660,鹿児島 いちき串木野市の海岸で流された中高生3人の捜索続く,https://news.web.nhk/newsweb/na/nd-20260829de47117
https://news.web.nhk/newsweb/na/nd-20260829de47120,国際,477660,0,1787994000,1788471660,ICC締約国会議 アメリカでの開催変更を検討,https://news.web.nhk/newsweb/na/nd-20260829de47120
https://news.web.nhk/newsweb/na/nd-20260829de47121,主要,47940,1,1787969220,1788013560,ネパール土石流 633人が死亡 二次災害のリスクを警戒,https://news.web.nhk/newsweb/na/nd-20260829de47121
https://news.web.nhk/newsweb/na/nd-20260829de47121,国際,502440,0,1787969220,1788471660,ネパール土石流 633人が死亡 二次災害のリスクを警戒,https://news.web.nhk/newsweb/na/nd-20260829de47121
https://news.web.nhk/newsweb/na/nd-20260829de47122,国際,477660,0,1787994000,1788471660,ゼレンスキー大統領「CIA長官のモスクワ訪問の説明受けた」,https://news.web.nhk/newsweb/na/nd-20260829de47122
https://news.web.nhk/newsweb/na/nd-20260829de47125,スポーツ,502440,0,1787969220,1788471660,テニス錦織圭 現役最後の四大大会本戦出場ならず 全米オープン,https://news.web.nhk/newsweb/na/nd-20260829de47125
https://news.web.nhk/newsweb/na/nd-20260829de47127,主要,3600,1,1787969220,1787969220,米の日本製紙子会社の11人死亡事故 タンクの厚み不足指摘,https://news.web.nhk/newsweb/na/nd-20260829de47127
https://news.web.nhk/newsweb/na/nd-20260829de47127,国際,502440,0,1787969220,1788471660,米の日本製紙子会社の11人死亡事故 タンクの厚み不足指摘,https://news.web.nhk/newsweb/na/nd-20260829de47127
https://news.web.nhk/newsweb/na/nd-20260829de47128,国際,477660,0,1787994000,1788471660,米財務省 イラン経済制裁でエジプトの銀行とのドル取引遮断へ,https://news.web.nhk/newsweb/na/nd-20260829de47128
https://news.web.nhk/newsweb/na/nd-20260829de47129,スポーツ,502440,0,1787969220,1788471660,カブス 鈴木誠也 3安打2打点と活躍もチームは3連敗,https://news.web.nhk/newsweb/na/nd-20260829de47129
https://news.web.nhk/newsweb/na/nd-20260829de47138,スポーツ,477660,0,1787994000,1788471660,ドジャース大谷翔平 2試合連続無安打もチームは連敗3で止める,https://news.web.nhk/newsweb/na/nd-20260829de47138
https://news.web.nhk/newsweb/na/nd-20260829de47139,主要,23160,1,1787994000,1788013560,熊本地震 400人余を病院間搬送 緊急事態で生かされたことは…,https://news.web.nhk/newsweb/na/nd-20260829de47139
https://news.web.nhk/newsweb/na/nd-20260829de47139,社会,477660,0,1787994000,1788471660,熊本地震 400人余を病院間搬送 緊急事態で生かされたことは…,https://news.web.nhk/newsweb/na/nd-20260829de47139
https://news.web.nhk/newsweb/na/nd-20260829de47140,国際,477660,0,1787994000,1788471660,FRB議長「金融引き締め的と表現は難しい」利上げ可能性に含み,https://news.web.nhk/newsweb/na/nd-20260829de47140
https://news.web.nhk/newsweb/na/nd-20260829de47141,主要,23160,1,1787994000,1788013560,鹿児島 いちき串木野市の水難事故 沖合で発見の中高生3人死亡,https://news.web.nhk/newsweb/na/nd-20260829de47141
https://news.web.nhk/newsweb/na/nd-20260829de47141,社会,477660,0,1787994000,1788471660,鹿児島 いちき串木野市の水難事故 沖合で発見の中高生3人死亡,https://news.web.nhk/newsweb/na/nd-20260829de47141
https://news.web.nhk/newsweb/na/nd-20260829de47143,暮らし,477660,0,1787994000,1788471660,物価高が続く中で全国一斉の生活相談会,https://news.web.nhk/newsweb/na/nd-20260829de47143
https://news.web.nhk/newsweb/na/nd-20260829de47143,社会,477660,0,1787994000,1788471660,物価高が続く中で全国一斉の生活相談会,https://news.web.nhk/newsweb/na/nd-20260829de47143
https://news.web.nhk/newsweb/na/nd-20260829de47147,国際,477660,0,1787994000,1788471660,米紙 対イラン作戦でアメリカ弱体化とロシアが評価か,https://news.web.nhk/newsweb/na/nd-20260829de47147
https://news.web.nhk/newsweb/na/nd-20260829de47150,社会,477660,0,1787994000,1788471660,除染土再生利用 仙台市の国の出先機関に土が運び込まれる,https://news.web.nhk/newsweb/na/nd-20260829de47150
https://news.web.nhk/newsweb/na/nd-20260829de47152,スポーツ,477660,0,1787994000,1788471660,ロッキーズ 菅野智之 5回途中6失点で8敗目,https://news.web.nhk/newsweb/na/nd-20260829de47152
https://news.web.nhk/newsweb/na/nd-20260829de47153,政治,477660,0,1787994000,1788471660,日米外務次官協議 中国や北朝鮮対応で緊密な連携を確認,https://news.web.nhk/newsweb/na/nd-20260829de47153
https://news.web.nhk/newsweb/na/nd-20260829de47155,社会,458100,0,1788013560,1788471660,熊本地震 被災住宅の公費解体で相談窓口設置 宇土市役所,https://news.web.nhk/newsweb/na/nd-20260829de47155
https://news.web.nhk/newsweb/na/nd-20260829de47156,スポーツ,477660,0,1787994000,1788471660,ホワイトソックス村上宗隆 2安打 攻守に活躍 チーム3連勝,https://news.web.nhk/newsweb/na/nd-20260829de47156
https://news.web.nhk/newsweb/na/nd-20260829de47158,スポーツ,477660,0,1787994000,1788471660,ブルージェイズ岡本和真 27号ホームラン含む3打点で勝利に貢献,https://news.web.nhk/newsweb/na/nd-20260829de47158
https://news.web.nhk/newsweb/na/nd-20260829de47159,スポーツ,477660,0,1787994000,1788471660,女子ゴルフ 米ツアー 第2R 山下美夢有が首位浮上,https://news.web.nhk/newsweb/na/nd-20260829de47159
https://news.web.nhk/newsweb/na/nd-20260829de47160,スポーツ,477660,0,1787994000,1788471660,メッツ千賀滉大 リリーフ登板で1イニング無失点,https://news.web.nhk/newsweb/na/nd-20260829de47160
https://news.web.nhk/newsweb/na/nd-20260829de47161,主要,3600,1,1787994000,1787994000,トランプ大統領“ベネズエラ石油資源の過半数の支配権を確保”,https://news.web.nhk/newsweb/na/nd-20260829de47161
https://news.web.nhk/newsweb/na/nd-20260829de47161,国際,477660,0,1787994000,1788471660,トランプ大統領“ベネズエラ石油資源の過半数の支配権を確保”,https://news.web.nhk/newsweb/na/nd-20260829de47161
https://news.web.nhk/newsweb/na/nd-20260829de47162,政治,477660,0,1787994000,1788471660,国民民主党 代表選挙 討論会で党運営や組織のあり方めぐり論戦,https://news.web.nhk/newsweb/na/nd-20260829de47162
https://news.web.nhk/newsweb/na/nd-20260829de47163,主要,3600,1,1787994000,1787994000,AIと人間が協力の「ペア碁」新たなeスポーツ目指す,https://news.web.nhk/newsweb/na/nd-20260829de47163
https://news.web.nhk/newsweb/na/nd-20260829de47163,科学・文化,477660,0,1787994000,1788471660,AIと人間が協力の「ペア碁」新たなeスポーツ目指す,https://news.web.nhk/newsweb/na/nd-20260829de47163
https://news.web.nhk/newsweb/na/nd-20260829de47164,主要,17820,1,1788013560,1788027780,東京 中野 高級時計窃盗事件 わずか6秒間のうちに盗んだか,https://news.web.nhk/newsweb/na/nd-20260829de47164
https://news.web.nhk/newsweb/na/nd-20260829de47164,社会,458100,0,1788013560,1788471660,東京 中野 高級時計窃盗事件 わずか6秒間のうちに盗んだか,https://news.web.nhk/newsweb/na/nd-20260829de47164
https://news.web.nhk/newsweb/na/nd-20260829de47171,主要,3600,1,1788027780,1788027780,ホンダと日産「SDV」で基本ソフト共同開発など協業 近く合意へ,https://news.web.nhk/newsweb/na/nd-20260829de47171
https://news.web.nhk/newsweb/na/nd-20260829de47171,社会,443880,0,1788027780,1788471660,ホンダと日産「SDV」で基本ソフト共同開発など協業 近く合意へ,https://news.web.nhk/newsweb/na/nd-20260829de47171
https://news.web.nhk/newsweb/na/nd-20260829de47171,経済,443880,0,1788027780,1788471660,ホンダと日産「SDV」で基本ソフト共同開発など協業 近く合意へ,https://news.web.nhk/newsweb/na/nd-20260829de47171
https://news.web.nhk/newsweb/na/nd-20260829de47172,社会,422940,0,1788048720,1788471660,【動画】Pickup NEWS（8月30日）,https://news.web.nhk/newsweb/na/nd-20260829de47172
https://news.web.nhk/newsweb/na/nd-20260829de47173,社会,422940,0,1788048720,1788471660,熊本地震 3自治体の職員2割余が“高い疲労の状態”,https://news.web.nhk/newsweb/na/nd-20260829de47173
https://news.web.nhk/newsweb/na/nd-20260829de47175,主要,3600,1,1788027780,1788027780,福井県嶺北と石川県加賀に線状降水帯直前予測,https://news.web.nhk/newsweb/na/nd-20260829de47175
https://news.web.nhk/newsweb/na/nd-20260829de47178,社会,400020,0,1788071640,1788471660,愛媛 四国中央市のブランド盆栽用の松 約50本盗まれたか,https://news.web.nhk/newsweb/na/nd-20260829de47178
https://news.web.nhk/newsweb/na/nd-20260829de47183,スポーツ,458100,0,1788013560,1788471660,バレーボール日本女子 アジア選手権 ロス五輪出場権獲得ならず,https://news.web.nhk/newsweb/na/nd-20260829de47183
https://news.web.nhk/newsweb/na/nd-20260829de47183,主要,17820,1,1788013560,1788027780,バレーボール日本女子 アジア選手権 ロス五輪出場権獲得ならず,https://news.web.nhk/newsweb/na/nd-20260829de47183
https://news.web.nhk/newsweb/na/nd-20260829de47184,国際,443880,0,1788027780,1788471660,ウクライナ首都近郊で37人死亡 ロシア軍攻撃で弾薬爆発か,https://news.web.nhk/newsweb/na/nd-20260829de47184
https://news.web.nhk/newsweb/na/nd-20260829de47186,スポーツ,458100,0,1788013560,1788471660,【プロ野球結果】阪神に優勝へのマジックナンバー23が点灯,https://news.web.nhk/newsweb/na/nd-20260829de47186
https://news.web.nhk/newsweb/na/nd-20260829de47187,スポーツ,443880,0,1788027780,1788471660,野球 18歳以下の日本代表 大学日本代表に敗れる,https://news.web.nhk/newsweb/na/nd-20260829de47187
https://news.web.nhk/newsweb/na/nd-20260829de47187,主要,3600,1,1788027780,1788027780,野球 18歳以下の日本代表 大学日本代表に敗れる,https://news.web.nhk/newsweb/na/nd-20260829de47187
https://news.web.nhk/newsweb/na/nd-20260829de47190,スポーツ,458100,0,1788013560,1788471660,サッカーJ1 第4節 柏と鹿島が開幕4連勝,https://news.web.nhk/newsweb/na/nd-20260829de47190
https://news.web.nhk/newsweb/na/nd-20260829de47190,主要,3600,1,1788013560,1788013560,サッカーJ1 第4節 柏と鹿島が開幕4連勝,https://news.web.nhk/newsweb/na/nd-20260829de47190
https://news.web.nhk/newsweb/na/nd-20260830de47199,主要,12660,1,1788039660,1788048720,福井 大野 勝山の3市に緊急安全確保 命助かる可能性高い行動を,https://news.web.nhk/newsweb/na/nd-20260830de47199
https://news.web.nhk/newsweb/na/nd-20260830de47200,主要,87540,1,1788039660,1788123600,福井県で記録的な大雨 土砂災害に引き続き十分注意を,https://news.web.nhk/newsweb/na/nd-20260830de47200
https://news.web.nhk/newsweb/na/nd-20260830de47202,社会,400020,0,1788071640,1788471660,「大曲の花火」 約1万8000発が夜空彩る 秋田 大仙,https://news.web.nhk/newsweb/na/nd-20260830de47202
https://news.web.nhk/newsweb/na/nd-20260830de47203,国際,432000,0,1788039660,1788471660,ネパール土石流682人死亡　行方不明者の捜索続くも難航　,https://news.web.nhk/newsweb/na/nd-20260830de47203
https://news.web.nhk/newsweb/na/nd-20260830de47205,主要,12660,1,1788039660,1788048720,気象庁と国交省が会見“身の安全確保を”福井県に大雨特別警報,https://news.web.nhk/newsweb/na/nd-20260830de47205
https://news.web.nhk/newsweb/na/nd-20260830de47209,主要,26520,1,1788048720,1788071640,【被害まとめ】福井県内 道路冠水や住宅浸水の情報相次ぐ,https://news.web.nhk/newsweb/na/nd-20260830de47209
https://news.web.nhk/newsweb/na/nd-20260830de47211,主要,12660,1,1788039660,1788048720,【河川カメラの映像】福井県 各地の河川状況,https://news.web.nhk/newsweb/na/nd-20260830de47211
https://news.web.nhk/newsweb/na/nd-20260830de47215,主要,3600,1,1788039660,1788039660,福井市内を流れる荒川「氾濫発生情報」,https://news.web.nhk/newsweb/na/nd-20260830de47215
https://news.web.nhk/newsweb/na/nd-20260830de47218,主要,12660,1,1788039660,1788048720,【動画】福井市大宮町の国道が冠水 茶色い水が激しく流れる,https://news.web.nhk/newsweb/na/nd-20260830de47218
https://news.web.nhk/newsweb/na/nd-20260830de47220,政治,377520,0,1788094140,1788471660,高市首相「命を守る行動を」SNSに投稿,https://news.web.nhk/newsweb/na/nd-20260830de47220
https://news.web.nhk/newsweb/na/nd-20260830de47222,主要,3600,1,1788039660,1788039660,福井 坂井 道路が冠水して車が立ち往生との情報,https://news.web.nhk/newsweb/na/nd-20260830de47222
https://news.web.nhk/newsweb/na/nd-20260830de47230,主要,3600,1,1788048720,1788048720,【動画】福井市 アンダーパスに水がたまる,https://news.web.nhk/newsweb/na/nd-20260830de47230
https://news.web.nhk/newsweb/na/nd-20260830de47232,スポーツ,422940,0,1788048720,1788471660,ホワイトソックス村上宗隆はノーヒットもチームの連勝は4に,https://news.web.nhk/newsweb/na/nd-20260830de47232
https://news.web.nhk/newsweb/na/nd-20260830de47234,社会,422940,0,1788048720,1788471660,JR九頭竜線 えちぜん鉄道 全線で終日運転取りやめ,https://news.web.nhk/newsweb/na/nd-20260830de47234
https://news.web.nhk/newsweb/na/nd-20260830de47236,スポーツ,422940,0,1788048720,1788471660,ドジャース大谷翔平 3試合ぶりヒットもチームはサヨナラ負け,https://news.web.nhk/newsweb/na/nd-20260830de47236
https://news.web.nhk/newsweb/na/nd-20260830de47237,社会,422940,0,1788048720,1788471660,北陸道 福井ICと金津ICの間 上下線で通行止め,https://news.web.nhk/newsweb/na/nd-20260830de47237
https://news.web.nhk/newsweb/na/nd-20260830de47239,社会,422940,0,1788048720,1788471660,【福井 交通影響まとめ】31日の鉄道・バスの運行予定,https://news.web.nhk/newsweb/na/nd-20260830de47239
https://news.web.nhk/newsweb/na/nd-20260830de47241,社会,422940,0,1788048720,1788471660,福井 国道8号で冠水 坂井市の下り線一部区間が通行止め,https://news.web.nhk/newsweb/na/nd-20260830de47241
https://news.web.nhk/newsweb/na/nd-20260830de47253,スポーツ,400020,0,1788071640,1788471660,カブス鈴木誠也 ホームラン含む3安打 チームも大勝,https://news.web.nhk/newsweb/na/nd-20260830de47253
https://news.web.nhk/newsweb/na/nd-20260830de47254,主要,3600,1,1788071640,1788071640,海自イージス艦が佐世保基地に帰港 トマホーク発射の改修終え,https://news.web.nhk/newsweb/na/nd-20260830de47254
https://news.web.nhk/newsweb/na/nd-20260830de47254,社会,400020,0,1788071640,1788471660,海自イージス艦が佐世保基地に帰港 トマホーク発射の改修終え,https://news.web.nhk/newsweb/na/nd-20260830de47254
https://news.web.nhk/newsweb/na/nd-20260830de47256,スポーツ,400020,0,1788071640,1788471660,メッツ千賀滉大 9回1イニングを無失点 チームは連敗3で止める,https://news.web.nhk/newsweb/na/nd-20260830de47256
https://news.web.nhk/newsweb/na/nd-20260830de47258,スポーツ,400020,0,1788071640,1788471660,ブルージェイズ 岡本和真はノーヒットもチームは逆転勝ち,https://news.web.nhk/newsweb/na/nd-20260830de47258
https://news.web.nhk/newsweb/na/nd-20260830de47261,スポーツ,400020,0,1788071640,1788471660,パドレス松井裕樹 8回にリリーフ登板 8試合連続の無失点,https://news.web.nhk/newsweb/na/nd-20260830de47261
https://news.web.nhk/newsweb/na/nd-20260830de47263,国際,377520,0,1788094140,1788471660,黄川田担当相 北方領土洋上慰霊に参加 「墓参を早期に実現」,https://news.web.nhk/newsweb/na/nd-20260830de47263
https://news.web.nhk/newsweb/na/nd-20260830de47263,政治,377520,0,1788094140,1788471660,黄川田担当相 北方領土洋上慰霊に参加 「墓参を早期に実現」,https://news.web.nhk/newsweb/na/nd-20260830de47263
https://news.web.nhk/newsweb/na/nd-20260830de47264,主要,3600,1,1788071640,1788071640,【大雨被害 動画】福井県内の上空からの映像,https://news.web.nhk/newsweb/na/nd-20260830de47264
https://news.web.nhk/newsweb/na/nd-20260830de47265,主要,3600,1,1788071640,1788071640,【動画】福井 勝山市 えちぜん鉄道の線路に大量の水が流れ込む,https://news.web.nhk/newsweb/na/nd-20260830de47265
https://news.web.nhk/newsweb/na/nd-20260830de47267,国際,377520,0,1788094140,1788471660,北朝鮮で党の中央軍事委員会開催 副委員長や国防相人事を決定,https://news.web.nhk/newsweb/na/nd-20260830de47267
https://news.web.nhk/newsweb/na/nd-20260830de47268,主要,3600,1,1788071640,1788071640,ネパール土石流 750人死亡 3000人以上が行方不明,https://news.web.nhk/newsweb/na/nd-20260830de47268
https://news.web.nhk/newsweb/na/nd-20260830de47268,国際,400020,0,1788071640,1788471660,ネパール土石流 750人死亡 3000人以上が行方不明,https://news.web.nhk/newsweb/na/nd-20260830de47268
https://news.web.nhk/newsweb/na/nd-20260830de47269,国際,377520,0,1788094140,1788471660,“米軍 日本などへの兵器補充に数年か”イラン攻撃の影響 米紙,https://news.web.nhk/newsweb/na/nd-20260830de47269
https://news.web.nhk/newsweb/na/nd-20260830de47270,社会,400020,0,1788071640,1788471660,環境省 除染土再生利用 さいたま市にある合同庁舎の花壇でも,https://news.web.nhk/newsweb/na/nd-20260830de47270
https://news.web.nhk/newsweb/na/nd-20260830de47270,科学・文化,400020,0,1788071640,1788471660,環境省 除染土再生利用 さいたま市にある合同庁舎の花壇でも,https://news.web.nhk/newsweb/na/nd-20260830de47270
https://news.web.nhk/newsweb/na/nd-20260830de47271,スポーツ,400020,0,1788071640,1788471660,女子ゴルフ 米ツアー 第3R 山下美夢有 12位に後退,https://news.web.nhk/newsweb/na/nd-20260830de47271
https://news.web.nhk/newsweb/na/nd-20260830de47279,社会,377520,0,1788094140,1788471660,熊本地震 県が整備の仮設住宅 初めて氷川町に完成,https://news.web.nhk/newsweb/na/nd-20260830de47279
https://news.web.nhk/newsweb/na/nd-20260830de47281,主要,3600,1,1788071640,1788071640,福井県内の緊急安全確保はすべて避難指示に切り替え,https://news.web.nhk/newsweb/na/nd-20260830de47281
https://news.web.nhk/newsweb/na/nd-20260830de47286,主要,3600,1,1788153840,1788153840,丈夫な骨の維持には「感覚神経」の働きが重要 東京科学大など,https://news.web.nhk/newsweb/na/nd-20260830de47286
https://news.web.nhk/newsweb/na/nd-20260830de47286,暮らし,317820,0,1788153840,1788471660,丈夫な骨の維持には「感覚神経」の働きが重要 東京科学大など,https://news.web.nhk/newsweb/na/nd-20260830de47286
https://news.web.nhk/newsweb/na/nd-20260830de47287,政治,377520,0,1788094140,1788471660,香川県知事選挙 出口調査の結果は,https://news.web.nhk/newsweb/na/nd-20260830de47287
https://news.web.nhk/newsweb/na/nd-20260830de47288,スポーツ,377520,0,1788094140,1788471660,西武 栗山巧 引退試合最後の打席はセンター前ヒット 2152安打,https://news.web.nhk/newsweb/na/nd-20260830de47288
https://news.web.nhk/newsweb/na/nd-20260830de47288,主要,3600,1,1788110640,1788110640,西武 栗山巧 引退試合最後の打席はセンター前ヒット 2152安打,https://news.web.nhk/newsweb/na/nd-20260830de47288
https://news.web.nhk/newsweb/na/nd-20260830de47289,スポーツ,377520,0,1788094140,1788471660,男子ゴルフ 国内ツアー イ・サンヒが初優勝 細野勇策が2位,https://news.web.nhk/newsweb/na/nd-20260830de47289
https://news.web.nhk/newsweb/na/nd-20260830de47290,社会,377520,0,1788094140,1788471660,大雨被害のJR七尾線で復旧工事 順調に進めば9月6日運転再開,https://news.web.nhk/newsweb/na/nd-20260830de47290
https://news.web.nhk/newsweb/na/nd-20260830de47291,スポーツ,377520,0,1788094140,1788471660,女子ゴルフ 国内ツアー 佐久間朱莉が通算6勝目,https://news.web.nhk/newsweb/na/nd-20260830de47291
https://news.web.nhk/newsweb/na/nd-20260830de47292,主要,20100,1,1788094140,1788110640,ネパール土石流 768人死亡 3000人以上不明 6歳女児を救出,https://news.web.nhk/newsweb/na/nd-20260830de47292
https://news.web.nhk/newsweb/na/nd-20260830de47292,国際,377520,0,1788094140,1788471660,ネパール土石流 768人死亡 3000人以上不明 6歳女児を救出,https://news.web.nhk/newsweb/na/nd-20260830de47292
https://news.web.nhk/newsweb/na/nd-20260830de47293,社会,377520,0,1788094140,1788471660,ディズニーランドで客のモバイルバッテリーから煙 けが人なし,https://news.web.nhk/newsweb/na/nd-20260830de47293
https://news.web.nhk/newsweb/na/nd-20260830de47296,主要,20100,1,1788094140,1788110640,名古屋 アトラクションのドア開かず 11人が約30分間閉じ込め,https://news.web.nhk/newsweb/na/nd-20260830de47296
https://news.web.nhk/newsweb/na/nd-20260830de47296,社会,377520,0,1788094140,1788471660,名古屋 アトラクションのドア開かず 11人が約30分間閉じ込め,https://news.web.nhk/newsweb/na/nd-20260830de47296
https://news.web.nhk/newsweb/na/nd-20260830de47297,国際,339300,0,1788132360,1788471660,タイ 生成AIを無料で利用可能に 政府が利用料支払い普及へ,https://news.web.nhk/newsweb/na/nd-20260830de47297
https://news.web.nhk/newsweb/na/nd-20260830de47299,主要,3600,1,1788094140,1788094140,31日 北陸は猛暑日予想のところも 熱中症に厳重に警戒 対策を,https://news.web.nhk/newsweb/na/nd-20260830de47299
https://news.web.nhk/newsweb/na/nd-20260830de47302,主要,3600,1,1788094140,1788094140,沖縄 読谷村 ダムで中学生含む2人が溺れる 搬送時意識なし,https://news.web.nhk/newsweb/na/nd-20260830de47302
https://news.web.nhk/newsweb/na/nd-20260830de47302,社会,377520,0,1788094140,1788471660,沖縄 読谷村 ダムで中学生含む2人が溺れる 搬送時意識なし,https://news.web.nhk/newsweb/na/nd-20260830de47302
https://news.web.nhk/newsweb/na/nd-20260830de47304,社会,339300,0,1788132360,1788471660,【動画】Pickup NEWS（8月31日）,https://news.web.nhk/newsweb/na/nd-20260830de47304
https://news.web.nhk/newsweb/na/nd-20260830de47305,主要,20100,1,1788094140,1788110640,ネパール土石流 当時滞在の日本人研究者“出発遅れていたら”,https://news.web.nhk/newsweb/na/nd-20260830de47305
https://news.web.nhk/newsweb/na/nd-20260830de47305,国際,377520,0,1788094140,1788471660,ネパール土石流 当時滞在の日本人研究者“出発遅れていたら”,https://news.web.nhk/newsweb/na/nd-20260830de47305
https://news.web.nhk/newsweb/na/nd-20260830de47306,政治,377520,0,1788094140,1788471660,自民 小野寺氏“消費税減税の財源 税収上振れなどで確保可能”,https://news.web.nhk/newsweb/na/nd-20260830de47306
https://news.web.nhk/newsweb/na/nd-20260830de47307,経済,339300,0,1788132360,1788471660,日本製紙 地震被害の工場復旧見通せず 他社も代替生産で支援,https://news.web.nhk/newsweb/na/nd-20260830de47307
https://news.web.nhk/newsweb/na/nd-20260830de47308,政治,317820,0,1788153840,1788471660,来年度予算案 概算要求 総額は過去最大 143兆円前後の見通し,https://news.web.nhk/newsweb/na/nd-20260830de47308
https://news.web.nhk/newsweb/na/nd-20260830de47308,経済,348060,0,1788123600,1788471660,来年度予算案 概算要求 総額は過去最大 143兆円前後の見通し,https://news.web.nhk/newsweb/na/nd-20260830de47308
https://news.web.nhk/newsweb/na/nd-20260830de47309,国際,377520,0,1788094140,1788471660,ウクライナ高官“ロシアが首都キーウへの地上作戦計画を指示”,https://news.web.nhk/newsweb/na/nd-20260830de47309
https://news.web.nhk/newsweb/na/nd-20260830de47310,国際,348060,0,1788123600,1788471660,きょうからロシアと中国が主導する上海協力機構の首脳会議,https://news.web.nhk/newsweb/na/nd-20260830de47310
https://news.web.nhk/newsweb/na/nd-20260830de47311,国際,348060,0,1788123600,1788471660,G20財務相・中銀総裁会議が開幕へ 日米財務相会談も焦点,https://news.web.nhk/newsweb/na/nd-20260830de47311
https://news.web.nhk/newsweb/na/nd-20260830de47312,国際,377520,0,1788094140,1788471660,日トルクメニスタン外相会談 資源・エネルギー分野の協力推進,https://news.web.nhk/newsweb/na/nd-20260830de47312
https://news.web.nhk/newsweb/na/nd-20260830de47312,政治,377520,0,1788094140,1788471660,日トルクメニスタン外相会談 資源・エネルギー分野の協力推進,https://news.web.nhk/newsweb/na/nd-20260830de47312
https://news.web.nhk/newsweb/na/nd-20260830de47314,スポーツ,339300,0,1788132360,1788471660,大相撲秋場所番付 安青錦が東大関 霧島は再び「綱とり」に挑む,https://news.web.nhk/newsweb/na/nd-20260830de47314
https://news.web.nhk/newsweb/na/nd-20260830de47316,国際,361020,0,1788110640,1788471660,アイスランド国民投票 EU加盟交渉再開に反対上回り再開見送り,https://news.web.nhk/newsweb/na/nd-20260830de47316
https://news.web.nhk/newsweb/na/nd-20260830de47318,主要,3600,1,1788132360,1788132360,核のごみ最終処分地 近く茨城・常陸大宮市に文献調査申し入れ,https://news.web.nhk/newsweb/na/nd-20260830de47318
https://news.web.nhk/newsweb/na/nd-20260830de47318,経済,339300,0,1788132360,1788471660,核のごみ最終処分地 近く茨城・常陸大宮市に文献調査申し入れ,https://news.web.nhk/newsweb/na/nd-20260830de47318
https://news.web.nhk/newsweb/na/nd-20260830de47320,スポーツ,361020,0,1788110640,1788471660,【プロ野球結果】セ・リーグ 首位 阪神がマジック「21」に,https://news.web.nhk/newsweb/na/nd-20260830de47320
https://news.web.nhk/newsweb/na/nd-20260830de47321,主要,12360,1,1788123600,1788132360,千葉豪雨 走行中のタクシー浸水被害100台超 協会が緊急会合へ,https://news.web.nhk/newsweb/na/nd-20260830de47321
https://news.web.nhk/newsweb/na/nd-20260831de47324,主要,3600,1,1788123600,1788123600,NASAが次世代宇宙望遠鏡打ち上げ 従来型望遠鏡の視野100倍超え,https://news.web.nhk/newsweb/na/nd-20260831de47324
https://news.web.nhk/newsweb/na/nd-20260831de47324,科学・文化,348060,0,1788123600,1788471660,NASAが次世代宇宙望遠鏡打ち上げ 従来型望遠鏡の視野100倍超え,https://news.web.nhk/newsweb/na/nd-20260831de47324
https://news.web.nhk/newsweb/na/nd-20260831de47325,主要,12360,1,1788123600,1788132360,中道 立民 公明 きょう再び党首会談へ「分党」やむなしの意見,https://news.web.nhk/newsweb/na/nd-20260831de47325
https://news.web.nhk/newsweb/na/nd-20260831de47325,政治,348060,0,1788123600,1788471660,中道 立民 公明 きょう再び党首会談へ「分党」やむなしの意見,https://news.web.nhk/newsweb/na/nd-20260831de47325
https://news.web.nhk/newsweb/na/nd-20260831de47326,国際,339300,0,1788132360,1788471660,アフガニスタン東部地震から1年 継続支援を求める声,https://news.web.nhk/newsweb/na/nd-20260831de47326
https://news.web.nhk/newsweb/na/nd-20260831de47327,主要,25320,1,1788110640,1788132360,滋賀 乗用車とトラックが正面衝突 3人死亡 3人重軽傷,https://news.web.nhk/newsweb/na/nd-20260831de47327
https://news.web.nhk/newsweb/na/nd-20260831de47327,社会,361020,0,1788110640,1788471660,滋賀 乗用車とトラックが正面衝突 3人死亡 3人重軽傷,https://news.web.nhk/newsweb/na/nd-20260831de47327
https://news.web.nhk/newsweb/na/nd-20260831de47328,国際,348060,0,1788123600,1788471660,キプロス沖で260人以上乗ったフェリー転覆 7人死亡 23人不明,https://news.web.nhk/newsweb/na/nd-20260831de47328
https://news.web.nhk/newsweb/na/nd-20260831de47329,主要,12360,1,1788123600,1788132360,ネパール土石流 797人死亡 住民孤立 支援態勢の構築が急務に,https://news.web.nhk/newsweb/na/nd-20260831de47329
https://news.web.nhk/newsweb/na/nd-20260831de47329,国際,348060,0,1788123600,1788471660,ネパール土石流 797人死亡 住民孤立 支援態勢の構築が急務に,https://news.web.nhk/newsweb/na/nd-20260831de47329
https://news.web.nhk/newsweb/na/nd-20260831de47330,主要,54540,1,1788132360,1788183300,北陸は土砂災害など十分注意 熱帯低気圧あす台風に発達か,https://news.web.nhk/newsweb/na/nd-20260831de47330
https://news.web.nhk/newsweb/na/nd-20260831de47331,国際,317820,0,1788153840,1788471660,米軍幹部 イラン作戦での部隊駐留延長に不同意や懸念 米紙,https://news.web.nhk/newsweb/na/nd-20260831de47331
https://news.web.nhk/newsweb/na/nd-20260831de47333,スポーツ,339300,0,1788132360,1788471660,ホワイトソックス 村上宗隆 4打数無安打 チームの連勝も止まる,https://news.web.nhk/newsweb/na/nd-20260831de47333
https://news.web.nhk/newsweb/na/nd-20260831de47334,スポーツ,339300,0,1788132360,1788471660,ドジャース 大谷翔平 5打数ノーヒット チームは勝利,https://news.web.nhk/newsweb/na/nd-20260831de47334
https://news.web.nhk/newsweb/na/nd-20260831de47335,スポーツ,339300,0,1788132360,1788471660,ブルージェイズ 岡本和真 28号ソロホームラン チームは3連勝,https://news.web.nhk/newsweb/na/nd-20260831de47335
https://news.web.nhk/newsweb/na/nd-20260831de47336,国際,317820,0,1788153840,1788471660,アメリカとイラン ホルムズ海峡で攻撃交わす 約1か月ぶり,https://news.web.nhk/newsweb/na/nd-20260831de47336
https://news.web.nhk/newsweb/na/nd-20260831de47339,政治,317820,0,1788153840,1788471660,高市首相動静 2026年8月28日から30日,https://news.web.nhk/newsweb/na/nd-20260831de47339
https://news.web.nhk/newsweb/na/nd-20260831de47340,経済,317820,0,1788153840,1788471660,鉱工業生産指数 4か月連続上昇 基調判断「一進一退」据え置き,https://news.web.nhk/newsweb/na/nd-20260831de47340
https://news.web.nhk/newsweb/na/nd-20260831de47341,経済,317820,0,1788153840,1788471660,株価 小幅な値動き 午前は値下がりも買い戻し進む,https://news.web.nhk/newsweb/na/nd-20260831de47341
https://news.web.nhk/newsweb/na/nd-20260831de47344,スポーツ,317820,0,1788153840,1788471660,エンジェルス菊池雄星 7回2失点の好投も報われず5敗目,https://news.web.nhk/newsweb/na/nd-20260831de47344
https://news.web.nhk/newsweb/na/nd-20260831de47345,経済,317820,0,1788153840,1788471660,【きょうのおはBiz 8月31日（月）】イギリス 住民でパブを守れ,https://news.web.nhk/newsweb/na/nd-20260831de47345
https://news.web.nhk/newsweb/na/nd-20260831de47350,スポーツ,317820,0,1788153840,1788471660,女子ゴルフ 米ツアー最終R 山下美夢有6位 2週連続優勝ならず,https://news.web.nhk/newsweb/na/nd-20260831de47350
https://news.web.nhk/newsweb/na/nd-20260831de47351,スポーツ,317820,0,1788153840,1788471660,男子ゴルフ 米ツアー プレーオフ最終戦 松山英樹は21位,https://news.web.nhk/newsweb/na/nd-20260831de47351
https://news.web.nhk/newsweb/na/nd-20260831de47352,経済,317820,0,1788153840,1788471660,長期金利 一時2.95％まで上昇 29年10か月ぶりの高水準に,https://news.web.nhk/newsweb/na/nd-20260831de47352
https://news.web.nhk/newsweb/na/nd-20260831de47354,スポーツ,317820,0,1788153840,1788471660,パドレス松井裕樹 1イニングを無失点 チームはサヨナラ負け,https://news.web.nhk/newsweb/na/nd-20260831de47354
https://news.web.nhk/newsweb/na/nd-20260831de47356,社会,317820,0,1788153840,1788471660,新たな学習指導要領 生成AI念頭 情報教育を新教科で大幅拡充へ,https://news.web.nhk/newsweb/na/nd-20260831de47356
https://news.web.nhk/newsweb/na/nd-20260831de47358,スポーツ,317820,0,1788153840,1788471660,NFL目指すキッカー松澤寛政 日本選手初の登録選手入りならず,https://news.web.nhk/newsweb/na/nd-20260831de47358
https://news.web.nhk/newsweb/na/nd-20260831de47359,主要,3600,1,1788153840,1788153840,福井県 記録的大雨 被害から一夜明け片づけ作業,https://news.web.nhk/newsweb/na/nd-20260831de47359
https://news.web.nhk/newsweb/na/nd-20260831de47363,主要,56100,1,1788153840,1788206340,核のごみ最終処分地の文献調査 茨城 常陸大宮市に申し入れ,https://news.web.nhk/newsweb/na/nd-20260831de47363
https://news.web.nhk/newsweb/na/nd-20260831de47363,社会,317820,0,1788153840,1788471660,核のごみ最終処分地の文献調査 茨城 常陸大宮市に申し入れ,https://news.web.nhk/newsweb/na/nd-20260831de47363
https://news.web.nhk/newsweb/na/nd-20260831de47364,主要,56100,1,1788153840,1788206340,ネパール土石流 919人死亡確認 4793人行方不明,https://news.web.nhk/newsweb/na/nd-20260831de47364
https://news.web.nhk/newsweb/na/nd-20260831de47364,国際,317820,0,1788153840,1788471660,ネパール土石流 919人死亡確認 4793人行方不明,https://news.web.nhk/newsweb/na/nd-20260831de47364
https://news.web.nhk/newsweb/na/nd-20260831de47366,経済,317820,0,1788153840,1788471660,不適切な金銭授受のソニー生命に金融庁が立ち入り検査を検討,https://news.web.nhk/newsweb/na/nd-20260831de47366
https://news.web.nhk/newsweb/na/nd-20260831de47367,スポーツ,317820,0,1788153840,1788471660,大相撲 番付発表 大関復帰の安青錦“いちばん上の番付を”,https://news.web.nhk/newsweb/na/nd-20260831de47367
https://news.web.nhk/newsweb/na/nd-20260831de47373,政治,317820,0,1788153840,1788471660,横浜 パワハラ認定の山中市長辞職に伴う選挙 10月18日投開票,https://news.web.nhk/newsweb/na/nd-20260831de47373
https://news.web.nhk/newsweb/na/nd-20260831de47374,主要,56100,1,1788153840,1788206340,9月の食品値上げは4900品目超　ことし最多,https://news.web.nhk/newsweb/na/nd-20260831de47374
https://news.web.nhk/newsweb/na/nd-20260831de47374,暮らし,317820,0,1788153840,1788471660,9月の食品値上げは4900品目超　ことし最多,https://news.web.nhk/newsweb/na/nd-20260831de47374
https://news.web.nhk/newsweb/na/nd-20260831de47374,経済,317820,0,1788153840,1788471660,9月の食品値上げは4900品目超　ことし最多,https://news.web.nhk/newsweb/na/nd-20260831de47374
https://news.web.nhk/newsweb/na/nd-20260831de47375,政治,317820,0,1788153840,1788471660,中道 立民が合流しない方針受け対応協議 3党党首会談向け調整,https://news.web.nhk/newsweb/na/nd-20260831de47375
https://news.web.nhk/newsweb/na/nd-20260831de47376,主要,3600,1,1788153840,1788153840,米財務長官 G20前に「植田総裁は正しいことをする」,https://news.web.nhk/newsweb/na/nd-20260831de47376
https://news.web.nhk/newsweb/na/nd-20260831de47376,国際,317820,0,1788153840,1788471660,米財務長官 G20前に「植田総裁は正しいことをする」,https://news.web.nhk/newsweb/na/nd-20260831de47376
https://news.web.nhk/newsweb/na/nd-20260831de47376,経済,317820,0,1788153840,1788471660,米財務長官 G20前に「植田総裁は正しいことをする」,https://news.web.nhk/newsweb/na/nd-20260831de47376
https://news.web.nhk/newsweb/na/nd-20260831de47384,国際,288360,0,1788183300,1788471660,帰還事業めぐり原告が北朝鮮資産の差し押さえ申し立て,https://news.web.nhk/newsweb/na/nd-20260831de47384
https://news.web.nhk/newsweb/na/nd-20260831de47384,社会,288360,0,1788183300,1788471660,帰還事業めぐり原告が北朝鮮資産の差し押さえ申し立て,https://news.web.nhk/newsweb/na/nd-20260831de47384
https://news.web.nhk/newsweb/na/nd-20260831de47388,社会,288360,0,1788183300,1788471660,辺野古転覆事故 高校 今年度の沖縄県の研修旅行 中止の方針,https://news.web.nhk/newsweb/na/nd-20260831de47388
https://news.web.nhk/newsweb/na/nd-20260831de47392,スポーツ,317820,0,1788153840,1788471660,カブス 今永昇太 5回6失点で負け投手に 鈴木誠也はノーヒット,https://news.web.nhk/newsweb/na/nd-20260831de47392
https://news.web.nhk/newsweb/na/nd-20260831de47395,社会,317820,0,1788153840,1788471660,滋賀 高島 6人死傷事故 ドラレコに乗用車はみでる映像,https://news.web.nhk/newsweb/na/nd-20260831de47395
https://news.web.nhk/newsweb/na/nd-20260831de47396,スポーツ,288360,0,1788183300,1788471660,テニス全米オープン開幕 男子シングルス島袋は1回戦敗退,https://news.web.nhk/newsweb/na/nd-20260831de47396
https://news.web.nhk/newsweb/na/nd-20260831de47398,政治,288360,0,1788183300,1788471660,自民 鈴木幹事長がインフルエンザに感染 今週いっぱい療養へ,https://news.web.nhk/newsweb/na/nd-20260831de47398
https://news.web.nhk/newsweb/na/nd-20260831de47401,社会,288360,0,1788183300,1788471660,震度7の揺れ観測した熊本 宇城市の小中学校で学校再開,https://news.web.nhk/newsweb/na/nd-20260831de47401
https://news.web.nhk/newsweb/na/nd-20260831de47404,主要,3600,1,1788206340,1788206340,キルギスで上海協力機構の首脳会議 中ロ首脳会談で結束確認か,https://news.web.nhk/newsweb/na/nd-20260831de47404
https://news.web.nhk/newsweb/na/nd-20260831de47404,国際,288360,0,1788183300,1788471660,キルギスで上海協力機構の首脳会議 中ロ首脳会談で結束確認か,https://news.web.nhk/newsweb/na/nd-20260831de47404
https://news.web.nhk/newsweb/na/nd-20260831de47405,国際,288360,0,1788183300,1788471660,中国の製造業景況感　2か月連続景気判断の節目「50」下回る,https://news.web.nhk/newsweb/na/nd-20260831de47405
https://news.web.nhk/newsweb/na/nd-20260831de47405,経済,288360,0,1788183300,1788471660,中国の製造業景況感　2か月連続景気判断の節目「50」下回る,https://news.web.nhk/newsweb/na/nd-20260831de47405
https://news.web.nhk/newsweb/na/nd-20260831de47408,社会,288360,0,1788183300,1788471660,歩行訓練士の人材不足に不安 視覚障害者への全国アンケートで,https://news.web.nhk/newsweb/na/nd-20260831de47408
https://news.web.nhk/newsweb/na/nd-20260831de47413,国際,288360,0,1788183300,1788471660,旧統一教会トップのハン・ハクチャ総裁に懲役2年の判決,https://news.web.nhk/newsweb/na/nd-20260831de47413
https://news.web.nhk/newsweb/na/nd-20260831de47417,政治,288360,0,1788183300,1788471660,中道 立民 公明が党首会談 3党合流断念 中道は新形態目指す,https://news.web.nhk/newsweb/na/nd-20260831de47417
https://news.web.nhk/newsweb/na/nd-20260831de47422,社会,288360,0,1788183300,1788471660,世田谷ストーカー殺人事件 韓国籍被告に拘禁刑20年求刑,https://news.web.nhk/newsweb/na/nd-20260831de47422
https://news.web.nhk/newsweb/na/nd-20260831de47425,政治,288360,0,1788183300,1788471660,来年度の税制改正要望出そろう 子育て支援や賃上げ促進など,https://news.web.nhk/newsweb/na/nd-20260831de47425
https://news.web.nhk/newsweb/na/nd-20260831de47425,経済,288360,0,1788183300,1788471660,来年度の税制改正要望出そろう 子育て支援や賃上げ促進など,https://news.web.nhk/newsweb/na/nd-20260831de47425
https://news.web.nhk/newsweb/na/nd-20260831de47428,政治,288360,0,1788183300,1788471660,熊本地震 普通交付税616億円を追加で繰り上げ交付へ 総務省,https://news.web.nhk/newsweb/na/nd-20260831de47428
https://news.web.nhk/newsweb/na/nd-20260831de47430,経済,288360,0,1788183300,1788471660,政府備蓄米 21万トンを買い戻しへ最終調整 農水省,https://news.web.nhk/newsweb/na/nd-20260831de47430
https://news.web.nhk/newsweb/na/nd-20260831de47439,暮らし,288360,0,1788183300,1788471660,来年の年賀はがきの発行枚数 前年比25％減,https://news.web.nhk/newsweb/na/nd-20260831de47439
https://news.web.nhk/newsweb/na/nd-20260831de47439,経済,288360,0,1788183300,1788471660,来年の年賀はがきの発行枚数 前年比25％減,https://news.web.nhk/newsweb/na/nd-20260831de47439
https://news.web.nhk/newsweb/na/nd-20260831de47442,主要,3600,1,1788183300,1788183300,三重 伊勢神宮近くの商店街火事はほぼ消し止め けが人情報なし,https://news.web.nhk/newsweb/na/nd-20260831de47442
https://news.web.nhk/newsweb/na/nd-20260831de47442,社会,288360,0,1788183300,1788471660,三重 伊勢神宮近くの商店街火事はほぼ消し止め けが人情報なし,https://news.web.nhk/newsweb/na/nd-20260831de47442
https://news.web.nhk/newsweb/na/nd-20260831de47458,政治,288360,0,1788183300,1788471660,福岡 自民党県議団 動議反対の江藤秀之議員を資格停止処分,https://news.web.nhk/newsweb/na/nd-20260831de47458
https://news.web.nhk/newsweb/na/nd-20260831de47460,国際,288360,0,1788183300,1788471660,台湾総統選挙を占う統一地方選挙 立候補受け付け始まる,https://news.web.nhk/newsweb/na/nd-20260831de47460
https://news.web.nhk/newsweb/na/nd-20260831de47464,経済,288360,0,1788183300,1788471660,コメの作柄 24道府県で平均上回る 8月15日時点の見通し 農水省,https://news.web.nhk/newsweb/na/nd-20260831de47464
https://news.web.nhk/newsweb/na/nd-20260831de47470,社会,288360,0,1788183300,1788471660,国内最高齢 115歳の女性が死去 奈良 大和郡山,https://news.web.nhk/newsweb/na/nd-20260831de47470
https://news.web.nhk/newsweb/na/nd-20260831de47473,政治,288360,0,1788183300,1788471660,高市首相 介護報酬改定で生産性向上と処遇改善検討の考え示す,https://news.web.nhk/newsweb/na/nd-20260831de47473
https://news.web.nhk/newsweb/na/nd-20260831de47474,経済,288360,0,1788183300,1788471660,7月原油輸入 米からの輸入が最多 1989年以降初めて,https://news.web.nhk/newsweb/na/nd-20260831de47474
https://news.web.nhk/newsweb/na/nd-20260831de47476,社会,288360,0,1788183300,1788471660,サブスクや定期購入で解約妨害の禁止案を公表 消費者庁検討会,https://news.web.nhk/newsweb/na/nd-20260831de47476
https://news.web.nhk/newsweb/na/nd-20260831de47480,社会,288360,0,1788183300,1788471660,新派を代表する俳優 水谷八重子さん死去 87歳,https://news.web.nhk/newsweb/na/nd-20260831de47480
https://news.web.nhk/newsweb/na/nd-20260831de47481,暮らし,288360,0,1788183300,1788471660,成城石井のお菓子 原材料表示で「卵」記載漏れ 商品自主回収へ,https://news.web.nhk/newsweb/na/nd-20260831de47481
https://news.web.nhk/newsweb/na/nd-20260831de47481,社会,288360,0,1788183300,1788471660,成城石井のお菓子 原材料表示で「卵」記載漏れ 商品自主回収へ,https://news.web.nhk/newsweb/na/nd-20260831de47481
https://news.web.nhk/newsweb/na/nd-20260831de47482,国際,288360,0,1788183300,1788471660,G20このあと開幕 日米財務相会談も焦点,https://news.web.nhk/newsweb/na/nd-20260831de47482
https://news.web.nhk/newsweb/na/nd-20260831de47482,経済,288360,0,1788183300,1788471660,G20このあと開幕 日米財務相会談も焦点,https://news.web.nhk/newsweb/na/nd-20260831de47482
https://news.web.nhk/newsweb/na/nd-20260831de47484,主要,26640,1,1788183300,1788206340,ネパール土石流 行方不明の日本人5人 大阪市在住か 市教委説明,https://news.web.nhk/newsweb/na/nd-20260831de47484
https://news.web.nhk/newsweb/na/nd-20260831de47484,国際,288360,0,1788183300,1788471660,ネパール土石流 行方不明の日本人5人 大阪市在住か 市教委説明,https://news.web.nhk/newsweb/na/nd-20260831de47484
https://news.web.nhk/newsweb/na/nd-20260831de47484,社会,288360,0,1788183300,1788471660,ネパール土石流 行方不明の日本人5人 大阪市在住か 市教委説明,https://news.web.nhk/newsweb/na/nd-20260831de47484
https://news.web.nhk/newsweb/na/nd-20260831de47486,政治,288360,0,1788183300,1788471660,防衛省 来年度予算案 過去最大8兆8900億円余の概算要求決定　,https://news.web.nhk/newsweb/na/nd-20260831de47486
https://news.web.nhk/newsweb/na/nd-20260831de47486,社会,288360,0,1788183300,1788471660,防衛省 来年度予算案 過去最大8兆8900億円余の概算要求決定　,https://news.web.nhk/newsweb/na/nd-20260831de47486
https://news.web.nhk/newsweb/na/nd-20260831de47487,暮らし,265320,0,1788206340,1788471660,住宅ローン変動金利 大手2行が9月からの引き上げを発表,https://news.web.nhk/newsweb/na/nd-20260831de47487
https://news.web.nhk/newsweb/na/nd-20260831de47487,経済,265320,0,1788206340,1788471660,住宅ローン変動金利 大手2行が9月からの引き上げを発表,https://news.web.nhk/newsweb/na/nd-20260831de47487
https://news.web.nhk/newsweb/na/nd-20260831de47488,国際,288360,0,1788183300,1788471660,アメリカとインドネシア中心の多国間合同軍事演習始まる,https://news.web.nhk/newsweb/na/nd-20260831de47488
https://news.web.nhk/newsweb/na/nd-20260831de47494,政治,265320,0,1788206340,1788471660,食料品消費税減税 地方減収分は適切に補てん 政府方針明らかに,https://news.web.nhk/newsweb/na/nd-20260831de47494
https://news.web.nhk/newsweb/na/nd-20260831de47494,社会,265320,0,1788206340,1788471660,食料品消費税減税 地方減収分は適切に補てん 政府方針明らかに,https://news.web.nhk/newsweb/na/nd-20260831de47494
https://news.web.nhk/newsweb/na/nd-20260831de47499,国際,288360,0,1788183300,1788471660,マグサイサイ賞にミャンマー人権団体創設者など選出,https://news.web.nhk/newsweb/na/nd-20260831de47499
https://news.web.nhk/newsweb/na/nd-20260831de47500,主要,3600,1,1788183300,1788183300,新名神6人死亡事故 被告“ながらスマホ”に「慣れた」,https://news.web.nhk/newsweb/na/nd-20260831de47500
https://news.web.nhk/newsweb/na/nd-20260831de47500,社会,288360,0,1788183300,1788471660,新名神6人死亡事故 被告“ながらスマホ”に「慣れた」,https://news.web.nhk/newsweb/na/nd-20260831de47500
https://news.web.nhk/newsweb/na/nd-20260831de47501,経済,288360,0,1788183300,1788471660,円相場 小幅な値動き G20での日米会談に関心,https://news.web.nhk/newsweb/na/nd-20260831de47501
https://news.web.nhk/newsweb/na/nd-20260831de47503,経済,265320,0,1788206340,1788471660,ホンダと日産「SDV」で協業 一部部品や基本ソフト共同開発,https://news.web.nhk/newsweb/na/nd-20260831de47503
https://news.web.nhk/newsweb/na/nd-20260831de47504,主要,40380,1,1788220020,1788256800,「生活道路」法定速度30キロ初日 違反を警戒,https://news.web.nhk/newsweb/na/nd-20260831de47504
https://news.web.nhk/newsweb/na/nd-20260831de47504,暮らし,251640,0,1788220020,1788471660,「生活道路」法定速度30キロ初日 違反を警戒,https://news.web.nhk/newsweb/na/nd-20260831de47504
https://news.web.nhk/newsweb/na/nd-20260831de47504,社会,251640,0,1788220020,1788471660,「生活道路」法定速度30キロ初日 違反を警戒,https://news.web.nhk/newsweb/na/nd-20260831de47504
https://news.web.nhk/newsweb/na/nd-20260831de47505,社会,251640,0,1788220020,1788471660,新学習指導要領 授業時数を学校判断で調整可能に,https://news.web.nhk/newsweb/na/nd-20260831de47505
https://news.web.nhk/newsweb/na/nd-20260831de47507,社会,40380,1,1788220020,1788256800,【動画】Pickup NEWS（9月1日）,https://news.web.nhk/newsweb/na/nd-20260831de47507
https://news.web.nhk/newsweb/na/nd-20260831de47508,国際,265320,0,1788206340,1788471660,小泉防衛相 ベルギー国防相と初会談 国際秩序維持・強化へ連携,https://news.web.nhk/newsweb/na/nd-20260831de47508
https://news.web.nhk/newsweb/na/nd-20260831de47508,政治,265320,0,1788206340,1788471660,小泉防衛相 ベルギー国防相と初会談 国際秩序維持・強化へ連携,https://news.web.nhk/newsweb/na/nd-20260831de47508
https://news.web.nhk/newsweb/na/nd-20260831de47509,社会,265320,0,1788206340,1788471660,50年前の北海道庁爆破事件 検察が証拠を紛失,https://news.web.nhk/newsweb/na/nd-20260831de47509
https://news.web.nhk/newsweb/na/nd-20260831de47510,主要,3600,1,1788206340,1788206340,茂木外相 ネパール外相と電話会談 日本人の捜索へ協力要請,https://news.web.nhk/newsweb/na/nd-20260831de47510
https://news.web.nhk/newsweb/na/nd-20260831de47510,国際,265320,0,1788206340,1788471660,茂木外相 ネパール外相と電話会談 日本人の捜索へ協力要請,https://news.web.nhk/newsweb/na/nd-20260831de47510
https://news.web.nhk/newsweb/na/nd-20260831de47510,政治,265320,0,1788206340,1788471660,茂木外相 ネパール外相と電話会談 日本人の捜索へ協力要請,https://news.web.nhk/newsweb/na/nd-20260831de47510
https://news.web.nhk/newsweb/na/nd-20260831de47511,政治,265320,0,1788206340,1788471660,消費税減税「総額表示」特例具体案 前後2か月変更前税率表示も,https://news.web.nhk/newsweb/na/nd-20260831de47511
https://news.web.nhk/newsweb/na/nd-20260831de47511,経済,265320,0,1788206340,1788471660,消費税減税「総額表示」特例具体案 前後2か月変更前税率表示も,https://news.web.nhk/newsweb/na/nd-20260831de47511
https://news.web.nhk/newsweb/na/nd-20260831de47512,政治,265320,0,1788206340,1788471660,"福岡県 服部知事 県議会の議連への補助金“廃止含め検討""",https://news.web.nhk/newsweb/na/nd-20260831de47512
https://news.web.nhk/newsweb/na/nd-20260831de47513,政治,265320,0,1788206340,1788471660,燃料価格の抑制を継続 予備費6000億円余り支出へ,https://news.web.nhk/newsweb/na/nd-20260831de47513
https://news.web.nhk/newsweb/na/nd-20260831de47513,経済,265320,0,1788206340,1788471660,燃料価格の抑制を継続 予備費6000億円余り支出へ,https://news.web.nhk/newsweb/na/nd-20260831de47513
https://news.web.nhk/newsweb/na/nd-20260831de47514,主要,3600,1,1788220020,1788220020,防災の日 政府の総合防災訓練 日本海溝・千島海溝巨大地震想定,https://news.web.nhk/newsweb/na/nd-20260831de47514
https://news.web.nhk/newsweb/na/nd-20260831de47514,社会,251640,0,1788220020,1788471660,防災の日に各地で訓練 政府は日本海溝・千島海溝巨大地震想定,https://news.web.nhk/newsweb/na/nd-20260831de47514
https://news.web.nhk/newsweb/na/nd-20260831de47515,スポーツ,265320,0,1788206340,1788471660,広島市 広陵の学校改善検討委「甲子園至上主義との決別を」,https://news.web.nhk/newsweb/na/nd-20260831de47515
https://news.web.nhk/newsweb/na/nd-20260831de47515,社会,265320,0,1788206340,1788471660,広島市 広陵の学校改善検討委「甲子園至上主義との決別を」,https://news.web.nhk/newsweb/na/nd-20260831de47515
https://news.web.nhk/newsweb/na/nd-20260831de47517,スポーツ,265320,0,1788206340,1788471660,都市対抗野球 熊本 大津町のホンダ熊本が2回戦に進出,https://news.web.nhk/newsweb/na/nd-20260831de47517
https://news.web.nhk/newsweb/na/nd-20260831de47518,経済,251640,0,1788220020,1788471660,電機大手 データセンター関連企業の買収相次ぐ AI拡大で,https://news.web.nhk/newsweb/na/nd-20260831de47518
https://news.web.nhk/newsweb/na/nd-20260831de47519,経済,251640,0,1788220020,1788471660,羽田空港の新たなサテライト施設 きょうから運用始まる,https://news.web.nhk/newsweb/na/nd-20260831de47519
https://news.web.nhk/newsweb/na/nd-20260831de47520,政治,251640,0,1788220020,1788471660,消費税減税見据え 税率下がる冷凍食品強化の動き,https://news.web.nhk/newsweb/na/nd-20260831de47520
https://news.web.nhk/newsweb/na/nd-20260831de47520,経済,251640,0,1788220020,1788471660,消費税減税見据え 税率下がる冷凍食品強化の動き,https://news.web.nhk/newsweb/na/nd-20260831de47520
https://news.web.nhk/newsweb/na/nd-20260831de47521,国際,232980,0,1788238680,1788471660,ウクライナで新年度開始 攻撃受けた校舎の修理が間に合わず,https://news.web.nhk/newsweb/na/nd-20260831de47521
https://news.web.nhk/newsweb/na/nd-20260831de47522,主要,3600,1,1788220020,1788220020,核のごみ最終処分地の文献調査 住民との丁寧な対話が課題に,https://news.web.nhk/newsweb/na/nd-20260831de47522
https://news.web.nhk/newsweb/na/nd-20260831de47522,社会,251640,0,1788220020,1788471660,核のごみ最終処分地の文献調査 住民との丁寧な対話が課題に,https://news.web.nhk/newsweb/na/nd-20260831de47522
https://news.web.nhk/newsweb/na/nd-20260901de47524,政治,251640,0,1788220020,1788471660,"中道 3党合流断念踏まえ“新たな形態""への移行目指し調整急ぐ",https://news.web.nhk/newsweb/na/nd-20260901de47524
https://news.web.nhk/newsweb/na/nd-20260901de47525,スポーツ,251640,0,1788220020,1788471660,バスケット男子W杯2次予選 八村塁の活躍などでカタールに快勝,https://news.web.nhk/newsweb/na/nd-20260901de47525
https://news.web.nhk/newsweb/na/nd-20260901de47526,スポーツ,265320,0,1788206340,1788471660,サッカー メッシ アルゼンチン代表を引退 SNSで表明,https://news.web.nhk/newsweb/na/nd-20260901de47526
https://news.web.nhk/newsweb/na/nd-20260901de47526,主要,17280,1,1788206340,1788220020,サッカー メッシ アルゼンチン代表を引退 SNSで表明,https://news.web.nhk/newsweb/na/nd-20260901de47526
https://news.web.nhk/newsweb/na/nd-20260901de47527,国際,251640,0,1788220020,1788471660,茂木外相 スロバキア外相と会談 経済協力の強化で一致,https://news.web.nhk/newsweb/na/nd-20260901de47527
https://news.web.nhk/newsweb/na/nd-20260901de47527,政治,251640,0,1788220020,1788471660,茂木外相 スロバキア外相と会談 経済協力の強化で一致,https://news.web.nhk/newsweb/na/nd-20260901de47527
https://news.web.nhk/newsweb/na/nd-20260901de47528,社会,251640,0,1788220020,1788471660,歌舞伎町ビル火災から25年 現場で遺族などが追悼,https://news.web.nhk/newsweb/na/nd-20260901de47528
https://news.web.nhk/newsweb/na/nd-20260901de47531,国際,251640,0,1788220020,1788471660,中ロ首脳会談 両国の結束をあらためて確認,https://news.web.nhk/newsweb/na/nd-20260901de47531
https://news.web.nhk/newsweb/na/nd-20260901de47534,主要,3600,1,1788220020,1788220020,ネパール土石流 死者は955人に 土砂撤去が課題,https://news.web.nhk/newsweb/na/nd-20260901de47534
https://news.web.nhk/newsweb/na/nd-20260901de47534,国際,251640,0,1788220020,1788471660,ネパール土石流 死者は955人に 土砂撤去が課題,https://news.web.nhk/newsweb/na/nd-20260901de47534
https://news.web.nhk/newsweb/na/nd-20260901de47536,国際,232980,0,1788238680,1788471660,米イラン 約1か月ぶりの直接攻撃 トランプ大統領は報復を示唆,https://news.web.nhk/newsweb/na/nd-20260901de47536
https://news.web.nhk/newsweb/na/nd-20260901de47538,スポーツ,251640,0,1788220020,1788471660,サッカー日本代表 上田綺世がフランス1部リールに移籍,https://news.web.nhk/newsweb/na/nd-20260901de47538
https://news.web.nhk/newsweb/na/nd-20260901de47539,国際,232980,0,1788238680,1788471660,ゼレンスキー大統領 米特使らとロシアめぐり意見交換,https://news.web.nhk/newsweb/na/nd-20260901de47539
https://news.web.nhk/newsweb/na/nd-20260901de47540,主要,22260,1,1788220020,1788238680,西日本や東日本で猛暑日 熱中症に警戒を 大気の状態も不安定　,https://news.web.nhk/newsweb/na/nd-20260901de47540
https://news.web.nhk/newsweb/na/nd-20260901de47541,国際,251640,0,1788220020,1788471660,G20開幕 初日は世界経済を議論 日米財務相会談の動向も焦点に,https://news.web.nhk/newsweb/na/nd-20260901de47541
https://news.web.nhk/newsweb/na/nd-20260901de47541,経済,251640,0,1788220020,1788471660,G20開幕 初日は世界経済を議論 日米財務相会談の動向も焦点に,https://news.web.nhk/newsweb/na/nd-20260901de47541
https://news.web.nhk/newsweb/na/nd-20260901de47542,主要,3600,1,1788220020,1788220020,米ベッセント財務長官と日銀総裁や片山財務相が相次ぎ会談,https://news.web.nhk/newsweb/na/nd-20260901de47542
https://news.web.nhk/newsweb/na/nd-20260901de47542,国際,251640,0,1788220020,1788471660,米財務長官 日本に「財政持続可能性や利上げ道筋を」,https://news.web.nhk/newsweb/na/nd-20260901de47542
https://news.web.nhk/newsweb/na/nd-20260901de47542,経済,251640,0,1788220020,1788471660,米財務長官 日本に「財政持続可能性や利上げ道筋を」,https://news.web.nhk/newsweb/na/nd-20260901de47542
https://news.web.nhk/newsweb/na/nd-20260901de47543,政治,232980,0,1788238680,1788471660,高市首相動静 2026年8月31日,https://news.web.nhk/newsweb/na/nd-20260901de47543
https://news.web.nhk/newsweb/na/nd-20260901de47545,国際,232980,0,1788238680,1788471660,茂木外相がポーランド外相と会談 ウクライナ復興推進へ連携,https://news.web.nhk/newsweb/na/nd-20260901de47545
https://news.web.nhk/newsweb/na/nd-20260901de47545,政治,232980,0,1788238680,1788471660,茂木外相がポーランド外相と会談 ウクライナ復興推進へ連携,https://news.web.nhk/newsweb/na/nd-20260901de47545
https://news.web.nhk/newsweb/na/nd-20260901de47546,主要,38940,1,1788238680,1788274020,長期金利3%超 約30年ぶり 日銀の早期利上げ観測など背景,https://news.web.nhk/newsweb/na/nd-20260901de47546
https://news.web.nhk/newsweb/na/nd-20260901de47546,経済,232980,0,1788238680,1788471660,長期金利3%超 約30年ぶり 日銀の早期利上げ観測など背景,https://news.web.nhk/newsweb/na/nd-20260901de47546
https://news.web.nhk/newsweb/na/nd-20260901de47551,経済,232980,0,1788238680,1788471660,【きょうのおはBiz 9月1日（火）】ニーズ高まる“国産肥料”,https://news.web.nhk/newsweb/na/nd-20260901de47551
https://news.web.nhk/newsweb/na/nd-20260901de47556,主要,3600,1,1788238680,1788238680,鈴木農相 政府備蓄米21万トン買い戻しを表明 価格への影響焦点,https://news.web.nhk/newsweb/na/nd-20260901de47556
https://news.web.nhk/newsweb/na/nd-20260901de47556,暮らし,232980,0,1788238680,1788471660,鈴木農相 政府備蓄米21万トン買い戻しを表明 価格への影響焦点,https://news.web.nhk/newsweb/na/nd-20260901de47556
https://news.web.nhk/newsweb/na/nd-20260901de47556,経済,232980,0,1788238680,1788471660,鈴木農相 政府備蓄米21万トン買い戻しを表明 価格への影響焦点,https://news.web.nhk/newsweb/na/nd-20260901de47556
https://news.web.nhk/newsweb/na/nd-20260901de47557,経済,232980,0,1788238680,1788471660,4～6月国内企業の経常利益 前年同期比24.6％増,https://news.web.nhk/newsweb/na/nd-20260901de47557
https://news.web.nhk/newsweb/na/nd-20260901de47558,主要,52020,1,1788238680,1788287100,台風24号 2日～4日ごろに沖縄・奄美に近づく見込み,https://news.web.nhk/newsweb/na/nd-20260901de47558
https://news.web.nhk/newsweb/na/nd-20260901de47559,国際,232980,0,1788238680,1788471660,宇宙への輸送で日米が覚書 ロケット安全審査の相互認証目指す,https://news.web.nhk/newsweb/na/nd-20260901de47559
https://news.web.nhk/newsweb/na/nd-20260901de47559,科学・文化,232980,0,1788238680,1788471660,宇宙への輸送で日米が覚書 ロケット安全審査の相互認証目指す,https://news.web.nhk/newsweb/na/nd-20260901de47559
https://news.web.nhk/newsweb/na/nd-20260901de47565,スポーツ,232980,0,1788238680,1788471660,鈴木彩艶がプレミアリーグデビュー 日本選手のGKで初,https://news.web.nhk/newsweb/na/nd-20260901de47565
https://news.web.nhk/newsweb/na/nd-20260901de47568,暮らし,232980,0,1788238680,1788471660,燃料価格の抑制を継続へ 予備費6160億円支出決定,https://news.web.nhk/newsweb/na/nd-20260901de47568
https://news.web.nhk/newsweb/na/nd-20260901de47568,経済,232980,0,1788238680,1788471660,燃料価格の抑制を継続へ 予備費6160億円支出決定,https://news.web.nhk/newsweb/na/nd-20260901de47568
https://news.web.nhk/newsweb/na/nd-20260901de47572,国際,232980,0,1788238680,1788471660,米陸軍長官が辞表提出 米メディア報道 4月には海軍長官も退任,https://news.web.nhk/newsweb/na/nd-20260901de47572
https://news.web.nhk/newsweb/na/nd-20260901de47575,主要,38940,1,1788238680,1788274020,ネパール土石流死者1000人超 要支援6万人超 被災者心のケアも,https://news.web.nhk/newsweb/na/nd-20260901de47575
https://news.web.nhk/newsweb/na/nd-20260901de47575,国際,232980,0,1788238680,1788471660,ネパール土石流死者1000人超 要支援6万人超 被災者心のケアも,https://news.web.nhk/newsweb/na/nd-20260901de47575
https://news.web.nhk/newsweb/na/nd-20260901de47576,経済,232980,0,1788238680,1788471660,片山財務相 ベッセント財務長官と会談 秩序だった円相場不可欠,https://news.web.nhk/newsweb/na/nd-20260901de47576
https://news.web.nhk/newsweb/na/nd-20260901de47577,政治,232980,0,1788238680,1788471660,政府 熊本地震の復旧復興本部設置「中長期的観点から支援を」,https://news.web.nhk/newsweb/na/nd-20260901de47577
https://news.web.nhk/newsweb/na/nd-20260901de47578,経済,232980,0,1788238680,1788471660,株価 小幅な値動き 長期金利上昇で一時売り注文も買い戻し,https://news.web.nhk/newsweb/na/nd-20260901de47578
https://news.web.nhk/newsweb/na/nd-20260901de47582,社会,232980,0,1788238680,1788471660,伊勢神宮近くの商店街火事 丸1日たつも鎮火せず 消火活動続く,https://news.web.nhk/newsweb/na/nd-20260901de47582
https://news.web.nhk/newsweb/na/nd-20260901de47584,スポーツ,232980,0,1788238680,1788471660,メッツ千賀滉大 1イニングを無安打無失点で5セーブ目,https://news.web.nhk/newsweb/na/nd-20260901de47584
https://news.web.nhk/newsweb/na/nd-20260901de47586,主要,3600,1,1788238680,1788238680,ソニーG傘下の企業などアンソロピック訴え AI学習で著作権侵害,https://news.web.nhk/newsweb/na/nd-20260901de47586
https://news.web.nhk/newsweb/na/nd-20260901de47586,国際,232980,0,1788238680,1788471660,ソニーG傘下の企業などアンソロピック訴え AI学習で著作権侵害,https://news.web.nhk/newsweb/na/nd-20260901de47586
https://news.web.nhk/newsweb/na/nd-20260901de47587,社会,232980,0,1788238680,1788471660,北海道 増毛町 防災の日に津波想定で小学生が高台に避難,https://news.web.nhk/newsweb/na/nd-20260901de47587
https://news.web.nhk/newsweb/na/nd-20260901de47590,スポーツ,232980,0,1788238680,1788471660,NFLレイダーズのキッカー松澤寛政が練習生に 登録選手目指す,https://news.web.nhk/newsweb/na/nd-20260901de47590
https://news.web.nhk/newsweb/na/nd-20260901de47599,スポーツ,232980,0,1788238680,1788471660,ホワイトソックス村上は3四球1打点も無安打 チームも逆転負け,https://news.web.nhk/newsweb/na/nd-20260901de47599
https://news.web.nhk/newsweb/na/nd-20260901de47600,スポーツ,232980,0,1788238680,1788471660,カブス 鈴木誠也 ホームラン含む3安打1打点の活躍 チーム大勝,https://news.web.nhk/newsweb/na/nd-20260901de47600
https://news.web.nhk/newsweb/na/nd-20260901de47602,政治,232980,0,1788238680,1788471660,衆院予算委 野党 中東情勢や物価高対策で集中審議を要求,https://news.web.nhk/newsweb/na/nd-20260901de47602
https://news.web.nhk/newsweb/na/nd-20260901de47604,社会,197640,0,1788274020,1788471660,クマの緊急銃猟運用1年 実施自治体3分の2が“今後に不安”,https://news.web.nhk/newsweb/na/nd-20260901de47604
https://news.web.nhk/newsweb/na/nd-20260901de47606,主要,3600,1,1788256800,1788256800,住宅ローン「フラット35」 長期金利上昇で過去最高,https://news.web.nhk/newsweb/na/nd-20260901de47606
https://news.web.nhk/newsweb/na/nd-20260901de47606,経済,214860,0,1788256800,1788471660,住宅ローン「フラット35」 長期金利上昇で過去最高,https://news.web.nhk/newsweb/na/nd-20260901de47606
https://news.web.nhk/newsweb/na/nd-20260901de47609,暮らし,214860,0,1788256800,1788471660,【解説動画】長期金利3％に上昇 なぜ? 生活への影響は？,https://news.web.nhk/newsweb/na/nd-20260901de47609
https://news.web.nhk/newsweb/na/nd-20260901de47609,経済,214860,0,1788256800,1788471660,【解説動画】長期金利3％に上昇 なぜ? 生活への影響は？,https://news.web.nhk/newsweb/na/nd-20260901de47609
https://news.web.nhk/newsweb/na/nd-20260901de47610,暮らし,214860,0,1788256800,1788471660,熊本 肥薩おれんじ鉄道 肥後田浦駅と水俣駅の間で運行再開,https://news.web.nhk/newsweb/na/nd-20260901de47610
https://news.web.nhk/newsweb/na/nd-20260901de47614,スポーツ,214860,0,1788256800,1788471660,テニス全米オープン 大坂なおみ選手らが2回戦へ,https://news.web.nhk/newsweb/na/nd-20260901de47614
https://news.web.nhk/newsweb/na/nd-20260901de47616,政治,214860,0,1788256800,1788471660,高市首相 首都直下などの巨大地震想定の防災訓練を視察,https://news.web.nhk/newsweb/na/nd-20260901de47616
https://news.web.nhk/newsweb/na/nd-20260901de47617,国際,214860,0,1788256800,1788471660,韓国情報機関「米朝の対話の兆しある」,https://news.web.nhk/newsweb/na/nd-20260901de47617
https://news.web.nhk/newsweb/na/nd-20260901de47618,主要,3600,1,1788256800,1788256800,日本人初の宇宙飛行 秋山豊寛さん死去 元TBS記者 84歳,https://news.web.nhk/newsweb/na/nd-20260901de47618
https://news.web.nhk/newsweb/na/nd-20260901de47618,社会,214860,0,1788256800,1788471660,日本人初の宇宙飛行 秋山豊寛さん死去 元TBS記者 84歳,https://news.web.nhk/newsweb/na/nd-20260901de47618
https://news.web.nhk/newsweb/na/nd-20260901de47620,国際,214860,0,1788256800,1788471660,アジア開発銀行 神田総裁の再任が決定,https://news.web.nhk/newsweb/na/nd-20260901de47620
https://news.web.nhk/newsweb/na/nd-20260901de47620,経済,214860,0,1788256800,1788471660,アジア開発銀行 神田総裁の再任が決定,https://news.web.nhk/newsweb/na/nd-20260901de47620
https://news.web.nhk/newsweb/na/nd-20260901de47621,政治,214860,0,1788256800,1788471660,全国知事会 NHK受信契約の合理化や簡素化に向けた提言を提出,https://news.web.nhk/newsweb/na/nd-20260901de47621
https://news.web.nhk/newsweb/na/nd-20260901de47621,社会,214860,0,1788256800,1788471660,全国知事会 NHK受信契約の合理化や簡素化に向けた提言を提出,https://news.web.nhk/newsweb/na/nd-20260901de47621
https://news.web.nhk/newsweb/na/nd-20260901de47623,国際,214860,0,1788256800,1788471660,中国発ネット通販「SHEIN」上場 成長鈍化で課題も,https://news.web.nhk/newsweb/na/nd-20260901de47623
https://news.web.nhk/newsweb/na/nd-20260901de47625,スポーツ,214860,0,1788256800,1788471660,横綱 豊昇龍 秋場所出場は慎重に判断へ 7月に右ひざ手術,https://news.web.nhk/newsweb/na/nd-20260901de47625
https://news.web.nhk/newsweb/na/nd-20260901de47627,政治,214860,0,1788256800,1788471660,中道 党のあり方検討急ぐ方針確認 3党合流断念を受け,https://news.web.nhk/newsweb/na/nd-20260901de47627
https://news.web.nhk/newsweb/na/nd-20260901de47630,主要,3600,1,1788256800,1788256800,千葉豪雨 男性死亡のアンダーパス「レベル4」で通行止め,https://news.web.nhk/newsweb/na/nd-20260901de47630
https://news.web.nhk/newsweb/na/nd-20260901de47635,社会,214860,0,1788256800,1788471660,秋篠宮さま 熊本県の病院を視察,https://news.web.nhk/newsweb/na/nd-20260901de47635
https://news.web.nhk/newsweb/na/nd-20260901de47636,政治,214860,0,1788256800,1788471660,自民税調 消費税減税「総額表示」特例など制度設計の案を了承,https://news.web.nhk/newsweb/na/nd-20260901de47636
https://news.web.nhk/newsweb/na/nd-20260901de47636,経済,214860,0,1788256800,1788471660,自民税調 消費税減税「総額表示」特例など制度設計の案を了承,https://news.web.nhk/newsweb/na/nd-20260901de47636
https://news.web.nhk/newsweb/na/nd-20260901de47638,主要,3600,1,1788274020,1788274020,"ことしの夏“気温は高く 降水量は西日本中心に少ない"" 気象庁",https://news.web.nhk/newsweb/na/nd-20260901de47638
https://news.web.nhk/newsweb/na/nd-20260901de47638,社会,197640,0,1788274020,1788471660,"ことしの夏“気温は高く 降水量は西日本中心に少ない"" 気象庁",https://news.web.nhk/newsweb/na/nd-20260901de47638
https://news.web.nhk/newsweb/na/nd-20260901de47639,社会,214860,0,1788256800,1788471660,熊本の煙突倒壊で劣化報告対象拡大など検討 国交相,https://news.web.nhk/newsweb/na/nd-20260901de47639
https://news.web.nhk/newsweb/na/nd-20260901de47639,経済,214860,0,1788256800,1788471660,熊本の煙突倒壊で劣化報告対象拡大など検討 国交相,https://news.web.nhk/newsweb/na/nd-20260901de47639
https://news.web.nhk/newsweb/na/nd-20260901de47642,社会,214860,0,1788256800,1788471660,福井 生活道路の法定速度引き下げで警察などが啓発,https://news.web.nhk/newsweb/na/nd-20260901de47642
https://news.web.nhk/newsweb/na/nd-20260901de47643,主要,3600,1,1788256800,1788256800,大阪地検元検事正からの性被害訴える女性検事が退職「悔しい」,https://news.web.nhk/newsweb/na/nd-20260901de47643
https://news.web.nhk/newsweb/na/nd-20260901de47643,社会,214860,0,1788256800,1788471660,大阪地検元検事正からの性被害訴える女性検事が退職「悔しい」,https://news.web.nhk/newsweb/na/nd-20260901de47643
https://news.web.nhk/newsweb/na/nd-20260901de47646,科学・文化,214860,0,1788256800,1788471660,海外の製薬企業 日本での新薬販売見送りも 業界団体調査,https://news.web.nhk/newsweb/na/nd-20260901de47646
https://news.web.nhk/newsweb/na/nd-20260901de47649,スポーツ,214860,0,1788256800,1788471660,サッカー殿堂入り式典 元なでしこの澤穂希さん「とても光栄」,https://news.web.nhk/newsweb/na/nd-20260901de47649
https://news.web.nhk/newsweb/na/nd-20260901de47657,スポーツ,214860,0,1788256800,1788471660,プロ野球 巨人・戸郷翔征 左太もも裏の肉離れから1軍に復帰,https://news.web.nhk/newsweb/na/nd-20260901de47657
https://news.web.nhk/newsweb/na/nd-20260901de47659,経済,214860,0,1788256800,1788471660,円相場 小幅に値下がり,https://news.web.nhk/newsweb/na/nd-20260901de47659
https://news.web.nhk/newsweb/na/nd-20260901de47667,国際,197640,0,1788274020,1788471660,キーウでロシアによる攻撃激化 ジェット搭載の無人機も,https://news.web.nhk/newsweb/na/nd-20260901de47667
https://news.web.nhk/newsweb/na/nd-20260901de47670,社会,197640,0,1788274020,1788471660,辺野古転覆事故受け 同志社が安全管理統括の安全管理室設置,https://news.web.nhk/newsweb/na/nd-20260901de47670
https://news.web.nhk/newsweb/na/nd-20260901de47671,国際,197640,0,1788274020,1788471660,高市首相 ネパール首相と電話会談 日本人の救援に協力要請,https://news.web.nhk/newsweb/na/nd-20260901de47671
https://news.web.nhk/newsweb/na/nd-20260901de47671,政治,197640,0,1788274020,1788471660,高市首相 ネパール首相と電話会談 日本人の救援に協力要請,https://news.web.nhk/newsweb/na/nd-20260901de47671
https://news.web.nhk/newsweb/na/nd-20260901de47672,社会,197640,0,1788274020,1788471660,秋田 湯沢 イオングループの商業施設で地震想定の訓練,https://news.web.nhk/newsweb/na/nd-20260901de47672
https://news.web.nhk/newsweb/na/nd-20260901de47674,政治,197640,0,1788274020,1788471660,自民 災害特別委 千葉豪雨受け提言“「都市型水害」の対策を”,https://news.web.nhk/newsweb/na/nd-20260901de47674
https://news.web.nhk/newsweb/na/nd-20260901de47675,暮らし,197640,0,1788274020,1788471660,マヨネーズなど食品の値上げ相次ぐ,https://news.web.nhk/newsweb/na/nd-20260901de47675
https://news.web.nhk/newsweb/na/nd-20260901de47675,経済,197640,0,1788274020,1788471660,マヨネーズなど食品の値上げ相次ぐ,https://news.web.nhk/newsweb/na/nd-20260901de47675
https://news.web.nhk/newsweb/na/nd-20260901de47677,社会,197640,0,1788274020,1788471660,福岡県 議員などの不当な要求から職員守る条例案 名前公表も,https://news.web.nhk/newsweb/na/nd-20260901de47677
https://news.web.nhk/newsweb/na/nd-20260901de47683,社会,197640,0,1788274020,1788471660,悪質商法 AIで兆候分析 早期に警戒呼びかけへ 消費者庁,https://news.web.nhk/newsweb/na/nd-20260901de47683
https://news.web.nhk/newsweb/na/nd-20260901de47684,国際,197640,0,1788274020,1788471660,米グランドキャニオンで洪水 ２人死亡 １人の安否不明,https://news.web.nhk/newsweb/na/nd-20260901de47684
https://news.web.nhk/newsweb/na/nd-20260901de47685,社会,164280,0,1788307380,1788471660,【動画】Pickup NEWS（9月2日）,https://news.web.nhk/newsweb/na/nd-20260901de47685
https://news.web.nhk/newsweb/na/nd-20260901de47686,スポーツ,197640,0,1788274020,1788471660,バスケットボール 新Bリーグ開幕へ55クラブが成功祈願,https://news.web.nhk/newsweb/na/nd-20260901de47686
https://news.web.nhk/newsweb/na/nd-20260901de47689,国際,197640,0,1788274020,1788471660,上海協力機構首脳会議 イランの立場支持する内容の宣言発表,https://news.web.nhk/newsweb/na/nd-20260901de47689
https://news.web.nhk/newsweb/na/nd-20260901de47690,スポーツ,197640,0,1788274020,1788471660,JOCが法人税を修正申告 5億円を追加納税,https://news.web.nhk/newsweb/na/nd-20260901de47690
https://news.web.nhk/newsweb/na/nd-20260901de47690,主要,3600,1,1788274020,1788274020,JOCが法人税を修正申告 5億円を追加納税,https://news.web.nhk/newsweb/na/nd-20260901de47690
https://news.web.nhk/newsweb/na/nd-20260901de47691,国際,197640,0,1788274020,1788471660,韓国 過去最大の予算案決定 原潜開発の予算も初計上,https://news.web.nhk/newsweb/na/nd-20260901de47691
https://news.web.nhk/newsweb/na/nd-20260901de47692,社会,197640,0,1788274020,1788471660,天皇ご一家 皇居での防災訓練に参加,https://news.web.nhk/newsweb/na/nd-20260901de47692
https://news.web.nhk/newsweb/na/nd-20260901de47693,スポーツ,197640,0,1788274020,1788471660,【プロ野球結果】ソフトバンクがマジックナンバー「18」に,https://news.web.nhk/newsweb/na/nd-20260901de47693
https://news.web.nhk/newsweb/na/nd-20260901de47696,主要,3600,1,1788287100,1788287100,個人向け社債の発行 過去最多更新のペース 成長資金確保の狙い,https://news.web.nhk/newsweb/na/nd-20260901de47696
https://news.web.nhk/newsweb/na/nd-20260901de47696,経済,184560,0,1788287100,1788471660,個人向け社債の発行 過去最多更新のペース 成長資金確保の狙い,https://news.web.nhk/newsweb/na/nd-20260901de47696
https://news.web.nhk/newsweb/na/nd-20260901de47697,主要,3600,1,1788274020,1788274020,千葉豪雨は「異常気象」 気象庁の専門家検討会が指摘,https://news.web.nhk/newsweb/na/nd-20260901de47697
https://news.web.nhk/newsweb/na/nd-20260901de47697,社会,197640,0,1788274020,1788471660,千葉豪雨は「異常気象」 気象庁の専門家検討会が指摘,https://news.web.nhk/newsweb/na/nd-20260901de47697
https://news.web.nhk/newsweb/na/nd-20260901de47698,主要,3600,1,1788274020,1788274020,地下のライブハウスで地震が起きたら？防災の日に避難訓練,https://news.web.nhk/newsweb/na/nd-20260901de47698
https://news.web.nhk/newsweb/na/nd-20260901de47698,社会,197640,0,1788274020,1788471660,地下のライブハウスで地震が起きたら？防災の日に避難訓練,https://news.web.nhk/newsweb/na/nd-20260901de47698
https://news.web.nhk/newsweb/na/nd-20260901de47698,科学・文化,197640,0,1788274020,1788471660,地下のライブハウスで地震が起きたら？防災の日に避難訓練,https://news.web.nhk/newsweb/na/nd-20260901de47698
https://news.web.nhk/newsweb/na/nd-20260901de47700,国際,184560,0,1788287100,1788471660,日チェコ外相 協力促進へ5年間の行動計画に署名,https://news.web.nhk/newsweb/na/nd-20260901de47700
https://news.web.nhk/newsweb/na/nd-20260901de47700,政治,184560,0,1788287100,1788471660,日チェコ外相 協力促進へ5年間の行動計画に署名,https://news.web.nhk/newsweb/na/nd-20260901de47700
https://news.web.nhk/newsweb/na/nd-20260901de47702,主要,23880,1,1788287100,1788307380,長期金利3％超 日銀の金融政策や財政めぐる動きが焦点,https://news.web.nhk/newsweb/na/nd-20260901de47702
https://news.web.nhk/newsweb/na/nd-20260901de47702,経済,184560,0,1788287100,1788471660,長期金利3％超 日銀の金融政策や財政めぐる動きが焦点,https://news.web.nhk/newsweb/na/nd-20260901de47702
https://news.web.nhk/newsweb/na/nd-20260901de47704,主要,78780,1,1788299040,1788374220,台風と前線影響 西・東日本は3日から大雨に 長引くおそれも,https://news.web.nhk/newsweb/na/nd-20260901de47704
https://news.web.nhk/newsweb/na/nd-20260901de47704,社会,172620,0,1788299040,1788471660,台風と前線影響 西・東日本は3日から大雨に 長引くおそれも,https://news.web.nhk/newsweb/na/nd-20260901de47704
https://news.web.nhk/newsweb/na/nd-20260901de47705,主要,78780,1,1788299040,1788374220,ネパール土石流 発生から1週間 避難所の衛生状態維持も課題に,https://news.web.nhk/newsweb/na/nd-20260901de47705
https://news.web.nhk/newsweb/na/nd-20260901de47705,国際,172620,0,1788299040,1788471660,ネパール土石流 発生から1週間 避難所の衛生状態維持も課題に,https://news.web.nhk/newsweb/na/nd-20260901de47705
https://news.web.nhk/newsweb/na/nd-20260901de47706,主要,3600,1,1788287100,1788287100,茂木外相 中東欧4か国外相と会合 国際秩序強化へ協力,https://news.web.nhk/newsweb/na/nd-20260901de47706
https://news.web.nhk/newsweb/na/nd-20260901de47706,国際,184560,0,1788287100,1788471660,茂木外相 中東欧4か国外相と会合 国際秩序強化へ協力,https://news.web.nhk/newsweb/na/nd-20260901de47706
https://news.web.nhk/newsweb/na/nd-20260901de47706,政治,184560,0,1788287100,1788471660,茂木外相 中東欧4か国外相と会合 国際秩序強化へ協力,https://news.web.nhk/newsweb/na/nd-20260901de47706
https://news.web.nhk/newsweb/na/nd-20260901de47708,主要,11940,1,1788299040,1788307380,伊勢神宮近くの商店街火災 鎮火に向け消火活動続く,https://news.web.nhk/newsweb/na/nd-20260901de47708
https://news.web.nhk/newsweb/na/nd-20260901de47708,社会,172620,0,1788299040,1788471660,伊勢神宮近くの商店街火災 発生から約44時間後に鎮火,https://news.web.nhk/newsweb/na/nd-20260901de47708
https://news.web.nhk/newsweb/na/nd-20260902de47709,主要,3600,1,1788287100,1788287100,ユーロ圏消費者物価8月は3.3％上昇　エネルギー価格上昇で,https://news.web.nhk/newsweb/na/nd-20260902de47709
https://news.web.nhk/newsweb/na/nd-20260902de47709,国際,184560,0,1788287100,1788471660,ユーロ圏消費者物価 8月は3.3％上昇 エネルギー価格上昇で,https://news.web.nhk/newsweb/na/nd-20260902de47709
https://news.web.nhk/newsweb/na/nd-20260902de47711,主要,39420,1,1788287100,1788322920,アメリカ10年債利回り4.8％に迫る世界的に長期金利が上昇,https://news.web.nhk/newsweb/na/nd-20260902de47711
https://news.web.nhk/newsweb/na/nd-20260902de47711,国際,184560,0,1788287100,1788471660,アメリカ10年債利回り4.8％に迫る 世界的に長期金利が上昇,https://news.web.nhk/newsweb/na/nd-20260902de47711
https://news.web.nhk/newsweb/na/nd-20260902de47711,経済,184560,0,1788287100,1788471660,アメリカ10年債利回り4.8％に迫る 世界的に長期金利が上昇,https://news.web.nhk/newsweb/na/nd-20260902de47711
https://news.web.nhk/newsweb/na/nd-20260902de47712,主要,3600,1,1788287100,1788287100,青森県津軽で「線状降水帯発生」,https://news.web.nhk/newsweb/na/nd-20260902de47712
https://news.web.nhk/newsweb/na/nd-20260902de47713,主要,11940,1,1788299040,1788307380,アメリカ中央軍 革命防衛隊への攻撃を開始と発表,https://news.web.nhk/newsweb/na/nd-20260902de47713
https://news.web.nhk/newsweb/na/nd-20260902de47713,国際,172620,0,1788299040,1788471660,アメリカはイランの目標を攻撃 イランは“報復”,https://news.web.nhk/newsweb/na/nd-20260902de47713
https://news.web.nhk/newsweb/na/nd-20260902de47715,主要,3600,1,1788299040,1788299040,上海協力機構の首脳会議が閉幕 イランに連帯示す,https://news.web.nhk/newsweb/na/nd-20260902de47715
https://news.web.nhk/newsweb/na/nd-20260902de47715,国際,172620,0,1788299040,1788471660,上海協力機構の首脳会議が閉幕 イランに連帯示す,https://news.web.nhk/newsweb/na/nd-20260902de47715
https://news.web.nhk/newsweb/na/nd-20260902de47719,主要,19140,1,1788307380,1788322920,G20閉幕　政府・日銀の政策焦点　アメリカの注文など踏まえ,https://news.web.nhk/newsweb/na/nd-20260902de47719
https://news.web.nhk/newsweb/na/nd-20260902de47719,国際,172620,0,1788299040,1788471660,G20閉幕 政府・日銀の政策焦点 アメリカの注文など踏まえ,https://news.web.nhk/newsweb/na/nd-20260902de47719
https://news.web.nhk/newsweb/na/nd-20260902de47719,経済,172620,0,1788299040,1788471660,G20閉幕 政府・日銀の政策焦点 アメリカの注文など踏まえ,https://news.web.nhk/newsweb/na/nd-20260902de47719
https://news.web.nhk/newsweb/na/nd-20260902de47720,主要,3600,1,1788299040,1788299040,ロシア財務相がアメリカでのG20参加で欧州側は反発,https://news.web.nhk/newsweb/na/nd-20260902de47720
https://news.web.nhk/newsweb/na/nd-20260902de47720,国際,172620,0,1788299040,1788471660,ロシア財務相がアメリカでのG20参加で欧州側は反発,https://news.web.nhk/newsweb/na/nd-20260902de47720
https://news.web.nhk/newsweb/na/nd-20260902de47722,スポーツ,164280,0,1788307380,1788471660,現役最年長46歳 ヤクルト石川雅規投手が引退へ,https://news.web.nhk/newsweb/na/nd-20260902de47722
https://news.web.nhk/newsweb/na/nd-20260902de47723,国際,164280,0,1788307380,1788471660,“空港で発見の爆発物搭載ドローン ロシアが関与”ドイツ政府,https://news.web.nhk/newsweb/na/nd-20260902de47723
https://news.web.nhk/newsweb/na/nd-20260902de47725,主要,3600,1,1788307380,1788307380,ロシア外務省報道官、日米豪共同訓練に「対抗措置とる」と警告,https://news.web.nhk/newsweb/na/nd-20260902de47725
https://news.web.nhk/newsweb/na/nd-20260902de47725,国際,164280,0,1788307380,1788471660,ロシア外務省報道官 日米豪共同訓練に「対抗措置とる」と警告,https://news.web.nhk/newsweb/na/nd-20260902de47725
https://news.web.nhk/newsweb/na/nd-20260902de47726,国際,164280,0,1788307380,1788471660,英スターマー前首相が議員辞職を明らかに,https://news.web.nhk/newsweb/na/nd-20260902de47726
https://news.web.nhk/newsweb/na/nd-20260902de47729,国際,148740,0,1788322920,1788471660,日オーストリア外相 法の支配や航行の自由の重要性確認,https://news.web.nhk/newsweb/na/nd-20260902de47729
https://news.web.nhk/newsweb/na/nd-20260902de47729,政治,148740,0,1788322920,1788471660,日オーストリア外相 法の支配や航行の自由の重要性確認,https://news.web.nhk/newsweb/na/nd-20260902de47729
https://news.web.nhk/newsweb/na/nd-20260902de47731,政治,164280,0,1788307380,1788471660,高市首相動静 2026年9月1日,https://news.web.nhk/newsweb/na/nd-20260902de47731
https://news.web.nhk/newsweb/na/nd-20260902de47733,主要,3600,1,1788322920,1788322920,株価 一時1900円超の値下がり 原油の先物価格の上昇などで,https://news.web.nhk/newsweb/na/nd-20260902de47733
https://news.web.nhk/newsweb/na/nd-20260902de47733,経済,148740,0,1788322920,1788471660,株価 一時1900円超の値下がり 原油先物価格と長期金利の上昇で,https://news.web.nhk/newsweb/na/nd-20260902de47733
https://news.web.nhk/newsweb/na/nd-20260902de47735,主要,18840,1,1788358980,1788374220,上皇さまの意向受け 将来の葬儀の規模大幅縮小へ,https://news.web.nhk/newsweb/na/nd-20260902de47735
https://news.web.nhk/newsweb/na/nd-20260902de47735,社会,112680,0,1788358980,1788471660,上皇さまの意向受け 将来の葬儀の規模大幅縮小へ,https://news.web.nhk/newsweb/na/nd-20260902de47735
https://news.web.nhk/newsweb/na/nd-20260902de47737,暮らし,148740,0,1788322920,1788471660,きょうのおはBiz 9月2日（水） 長期金利3％超 背景と見通しは,https://news.web.nhk/newsweb/na/nd-20260902de47737
https://news.web.nhk/newsweb/na/nd-20260902de47737,経済,148740,0,1788322920,1788471660,きょうのおはBiz 9月2日（水） 長期金利3％超 背景と見通しは,https://news.web.nhk/newsweb/na/nd-20260902de47737
https://news.web.nhk/newsweb/na/nd-20260902de47744,暮らし,148740,0,1788322920,1788471660,新築マンション高騰“投機的取引抑制を”国交省が税制改正要望,https://news.web.nhk/newsweb/na/nd-20260902de47744
https://news.web.nhk/newsweb/na/nd-20260902de47744,経済,148740,0,1788322920,1788471660,新築マンション高騰“投機的取引抑制を”国交省が税制改正要望,https://news.web.nhk/newsweb/na/nd-20260902de47744
https://news.web.nhk/newsweb/na/nd-20260902de47747,主要,3600,1,1788322920,1788322920,プーチン大統領 日ロ関係悪化の責任 “100%日本にある”,https://news.web.nhk/newsweb/na/nd-20260902de47747
https://news.web.nhk/newsweb/na/nd-20260902de47747,国際,148740,0,1788322920,1788471660,プーチン大統領 日ロ関係悪化の責任 “100%日本にある”,https://news.web.nhk/newsweb/na/nd-20260902de47747
https://news.web.nhk/newsweb/na/nd-20260902de47749,国際,148740,0,1788322920,1788471660,長期金利3％超え　片山財務相「緊張感を持って対応」,https://news.web.nhk/newsweb/na/nd-20260902de47749
https://news.web.nhk/newsweb/na/nd-20260902de47749,経済,148740,0,1788322920,1788471660,長期金利3％超え　片山財務相「緊張感を持って対応」,https://news.web.nhk/newsweb/na/nd-20260902de47749
https://news.web.nhk/newsweb/na/nd-20260902de47750,国際,148740,0,1788322920,1788471660,米ベッセント財務長官 イランへの制裁 中国の対応見極める考え,https://news.web.nhk/newsweb/na/nd-20260902de47750
https://news.web.nhk/newsweb/na/nd-20260902de47750,経済,148740,0,1788322920,1788471660,米ベッセント財務長官 イランへの制裁 中国の対応見極める考え,https://news.web.nhk/newsweb/na/nd-20260902de47750
https://news.web.nhk/newsweb/na/nd-20260902de47751,主要,3600,1,1788322920,1788322920,長期金利3.015％に一時上昇 イラン情勢緊迫化でインフレ懸念,https://news.web.nhk/newsweb/na/nd-20260902de47751
https://news.web.nhk/newsweb/na/nd-20260902de47751,経済,148740,0,1788322920,1788471660,長期金利 一時3.015％まで上昇 インフレ懸念高まる,https://news.web.nhk/newsweb/na/nd-20260902de47751
https://news.web.nhk/newsweb/na/nd-20260902de47754,国際,148740,0,1788322920,1788471660,核兵器の使用や実験の被害者のための基金設立へ 初の国際会議,https://news.web.nhk/newsweb/na/nd-20260902de47754
https://news.web.nhk/newsweb/na/nd-20260902de47755,社会,148740,0,1788322920,1788471660,6月の生活保護申請 全国で2万件余 前年同月比0.3％増,https://news.web.nhk/newsweb/na/nd-20260902de47755
https://news.web.nhk/newsweb/na/nd-20260902de47757,政治,148740,0,1788322920,1788471660,高市首相 3文書改定でAI活用など主要課題に 自衛隊幹部に訓示,https://news.web.nhk/newsweb/na/nd-20260902de47757
https://news.web.nhk/newsweb/na/nd-20260902de47764,政治,148740,0,1788322920,1788471660,衆憲法審 欧州3か国へ出発 憲法改正 緊急事態条項で意見交換へ,https://news.web.nhk/newsweb/na/nd-20260902de47764
https://news.web.nhk/newsweb/na/nd-20260902de47765,社会,130200,0,1788341460,1788471660,沖縄の宿泊施設火災 米国籍宿泊客を放火・殺人未遂容疑で逮捕,https://news.web.nhk/newsweb/na/nd-20260902de47765
https://news.web.nhk/newsweb/na/nd-20260902de47767,主要,3600,1,1788341460,1788341460,全国知事会 所得連動給付などの地方負担“国は丁寧に協議を”,https://news.web.nhk/newsweb/na/nd-20260902de47767
https://news.web.nhk/newsweb/na/nd-20260902de47767,政治,148740,0,1788322920,1788471660,全国知事会 所得連動給付などの地方負担“国は丁寧に協議を”,https://news.web.nhk/newsweb/na/nd-20260902de47767
https://news.web.nhk/newsweb/na/nd-20260902de47778,政治,130200,0,1788341460,1788471660,注目集まる「電子投票」 浮かび上がった課題,https://news.web.nhk/newsweb/na/nd-20260902de47778
https://news.web.nhk/newsweb/na/nd-20260902de47781,スポーツ,130200,0,1788341460,1788471660,パドレス 松井裕樹 1回無失点の好投 10試合連続無失点,https://news.web.nhk/newsweb/na/nd-20260902de47781
https://news.web.nhk/newsweb/na/nd-20260902de47782,スポーツ,130200,0,1788341460,1788471660,ブルージェイズ岡本 ヒット1本もチーム敗れ連勝は3で止まる,https://news.web.nhk/newsweb/na/nd-20260902de47782
https://news.web.nhk/newsweb/na/nd-20260902de47783,社会,130200,0,1788341460,1788471660,デジタル教科書のあり方 骨子案まとめる 文科省審議会,https://news.web.nhk/newsweb/na/nd-20260902de47783
https://news.web.nhk/newsweb/na/nd-20260902de47784,スポーツ,130200,0,1788341460,1788471660,ホワイトソックス 村上宗隆 無安打もチームは連敗ストップ,https://news.web.nhk/newsweb/na/nd-20260902de47784
https://news.web.nhk/newsweb/na/nd-20260902de47786,スポーツ,130200,0,1788341460,1788471660,カブス鈴木誠也 2四球もノーヒット チームは逆転負け,https://news.web.nhk/newsweb/na/nd-20260902de47786
https://news.web.nhk/newsweb/na/nd-20260902de47787,主要,3600,1,1788358980,1788358980,日銀 植田総裁 利上げは9月会合含め毎回会合で議論,https://news.web.nhk/newsweb/na/nd-20260902de47787
https://news.web.nhk/newsweb/na/nd-20260902de47787,経済,130200,0,1788341460,1788471660,日銀 植田総裁 利上げは9月会合含め毎回会合で議論,https://news.web.nhk/newsweb/na/nd-20260902de47787
https://news.web.nhk/newsweb/na/nd-20260902de47789,主要,3600,1,1788341460,1788341460,日銀 高田審議委員 “機動的に利上げを進めるべき”,https://news.web.nhk/newsweb/na/nd-20260902de47789
https://news.web.nhk/newsweb/na/nd-20260902de47789,経済,130200,0,1788341460,1788471660,日銀 高田審議委員 “機動的に利上げを進めるべき”,https://news.web.nhk/newsweb/na/nd-20260902de47789
https://news.web.nhk/newsweb/na/nd-20260902de47790,主要,3600,1,1788341460,1788341460,熊本地震 宇城市の事業者被害262億円 10年前の10倍,https://news.web.nhk/newsweb/na/nd-20260902de47790
https://news.web.nhk/newsweb/na/nd-20260902de47792,社会,130200,0,1788341460,1788471660,漫画家の車田正美さん代表の会社 横領被害で28億円余求め提訴,https://news.web.nhk/newsweb/na/nd-20260902de47792
https://news.web.nhk/newsweb/na/nd-20260902de47794,主要,3600,1,1788358980,1788358980,パジェロ新型モデル公開 自動車各社 人気車種で国際競争に備え,https://news.web.nhk/newsweb/na/nd-20260902de47794
https://news.web.nhk/newsweb/na/nd-20260902de47794,経済,112680,0,1788358980,1788471660,パジェロ新型モデル公開 自動車各社 人気車種で国際競争に備え,https://news.web.nhk/newsweb/na/nd-20260902de47794
https://news.web.nhk/newsweb/na/nd-20260902de47796,主要,18840,1,1788358980,1788374220,陸自が侵攻相手対処の攻撃用小型無人機を初めて公開,https://news.web.nhk/newsweb/na/nd-20260902de47796
https://news.web.nhk/newsweb/na/nd-20260902de47796,社会,112680,0,1788358980,1788471660,陸自が侵攻相手対処の攻撃用小型無人機を初めて公開,https://news.web.nhk/newsweb/na/nd-20260902de47796
https://news.web.nhk/newsweb/na/nd-20260902de47799,政治,130200,0,1788341460,1788471660,公明 竹谷代表 中道勢力の結集に向け取り組む考え,https://news.web.nhk/newsweb/na/nd-20260902de47799
https://news.web.nhk/newsweb/na/nd-20260902de47800,社会,130200,0,1788341460,1788471660,米が輸入解禁求める生ジャガイモめぐり説明会 北海道 帯広,https://news.web.nhk/newsweb/na/nd-20260902de47800
https://news.web.nhk/newsweb/na/nd-20260902de47800,経済,130200,0,1788341460,1788471660,米が輸入解禁求める生ジャガイモめぐり説明会 北海道 帯広,https://news.web.nhk/newsweb/na/nd-20260902de47800
https://news.web.nhk/newsweb/na/nd-20260902de47803,社会,112680,0,1788358980,1788471660,備蓄米21万トン買い戻し決定 9月18日に手続き開始 農水省,https://news.web.nhk/newsweb/na/nd-20260902de47803
https://news.web.nhk/newsweb/na/nd-20260902de47803,経済,112680,0,1788358980,1788471660,備蓄米21万トン買い戻し決定 9月18日に手続き開始 農水省,https://news.web.nhk/newsweb/na/nd-20260902de47803
https://news.web.nhk/newsweb/na/nd-20260902de47804,経済,130200,0,1788341460,1788471660,NEC 高性能AI使ったサイバーセキュリティー対策発表,https://news.web.nhk/newsweb/na/nd-20260902de47804
https://news.web.nhk/newsweb/na/nd-20260902de47806,社会,130200,0,1788341460,1788471660,石原環境相 “除染土再生利用を今後ほかの地域でも調整”,https://news.web.nhk/newsweb/na/nd-20260902de47806
https://news.web.nhk/newsweb/na/nd-20260902de47808,スポーツ,130200,0,1788341460,1788471660,元なでしこジャパン 永里優季さん コーチ兼選手で現役復帰へ,https://news.web.nhk/newsweb/na/nd-20260902de47808
https://news.web.nhk/newsweb/na/nd-20260902de47809,スポーツ,130200,0,1788341460,1788471660,プロ野球 ヤクルト 現役最年長の石川が今季かぎりでの引退表明,https://news.web.nhk/newsweb/na/nd-20260902de47809
https://news.web.nhk/newsweb/na/nd-20260902de47810,政治,130200,0,1788341460,1788471660,富山と石川の大雨被害 普通交付税の繰り上げ交付を決定 総務省,https://news.web.nhk/newsweb/na/nd-20260902de47810
https://news.web.nhk/newsweb/na/nd-20260902de47813,スポーツ,130200,0,1788341460,1788471660,パラ陸上女子走り幅跳び 第一人者 中西麻耶選手が現役引退へ,https://news.web.nhk/newsweb/na/nd-20260902de47813
https://news.web.nhk/newsweb/na/nd-20260902de47814,主要,3600,1,1788341460,1788341460,日本郵便 フリーランス保護の法律に違反 公正取引委員会が勧告,https://news.web.nhk/newsweb/na/nd-20260902de47814
https://news.web.nhk/newsweb/na/nd-20260902de47814,社会,130200,0,1788341460,1788471660,日本郵便 フリーランス保護の法律に違反 公正取引委員会が勧告,https://news.web.nhk/newsweb/na/nd-20260902de47814
https://news.web.nhk/newsweb/na/nd-20260902de47815,政治,130200,0,1788341460,1788471660,自民税調 消費税減税で「便乗値上げ」や「買い控え」に対策を,https://news.web.nhk/newsweb/na/nd-20260902de47815
https://news.web.nhk/newsweb/na/nd-20260902de47818,スポーツ,130200,0,1788341460,1788471660,ドジャース大谷 2試合ぶり安打 チームは投手陣が崩れ敗れる,https://news.web.nhk/newsweb/na/nd-20260902de47818
https://news.web.nhk/newsweb/na/nd-20260902de47820,国際,112680,0,1788358980,1788471660,弟はどこに… ネパール土石流 16人と連絡が取れない女性は,https://news.web.nhk/newsweb/na/nd-20260902de47820
https://news.web.nhk/newsweb/na/nd-20260902de47823,スポーツ,130200,0,1788341460,1788471660,サッカー 菅原由勢がイタリア１部カリアリに期限付き移籍,https://news.web.nhk/newsweb/na/nd-20260902de47823
https://news.web.nhk/newsweb/na/nd-20260902de47827,社会,112680,0,1788358980,1788471660,【動画】ため池に落ちたら？ 潜水カメラマンが体験した恐怖,https://news.web.nhk/newsweb/na/nd-20260902de47827
https://news.web.nhk/newsweb/na/nd-20260902de47828,主要,3600,1,1788341460,1788341460,【地震情報】和歌山で震度3 津波の心配なし,https://news.web.nhk/newsweb/na/nd-20260902de47828
https://news.web.nhk/newsweb/na/nd-20260902de47833,社会,130200,0,1788341460,1788471660,窃盗事件 保釈認めない決定は違法 最高裁が保釈認める,https://news.web.nhk/newsweb/na/nd-20260902de47833
https://news.web.nhk/newsweb/na/nd-20260902de47835,社会,112680,0,1788358980,1788471660,富山市 交番襲撃事件の遺族訴訟 2審も訴え退ける,https://news.web.nhk/newsweb/na/nd-20260902de47835
https://news.web.nhk/newsweb/na/nd-20260902de47837,社会,130200,0,1788341460,1788471660,新聞協会賞にNHKスペシャル「ヒグマ」など6作品,https://news.web.nhk/newsweb/na/nd-20260902de47837
https://news.web.nhk/newsweb/na/nd-20260902de47839,経済,130200,0,1788341460,1788471660,円相場 小幅に値上がり,https://news.web.nhk/newsweb/na/nd-20260902de47839
https://news.web.nhk/newsweb/na/nd-20260902de47840,科学・文化,112680,0,1788358980,1788471660,原子力規制庁 次世代炉審査向け来年度予算案概算要求で調査費,https://news.web.nhk/newsweb/na/nd-20260902de47840
https://news.web.nhk/newsweb/na/nd-20260902de47843,国際,112680,0,1788358980,1788471660,“結婚式への米軍攻撃”イランが周辺国の米軍基地に報復攻撃,https://news.web.nhk/newsweb/na/nd-20260902de47843
https://news.web.nhk/newsweb/na/nd-20260902de47845,政治,112680,0,1788358980,1788471660,立民 田名部幹事長 次期衆院選に候補者の擁立目指す,https://news.web.nhk/newsweb/na/nd-20260902de47845
https://news.web.nhk/newsweb/na/nd-20260902de47848,スポーツ,112680,0,1788358980,1788471660,子どものスポーツ離れに歯止めを サッカーなど6団体連携,https://news.web.nhk/newsweb/na/nd-20260902de47848
https://news.web.nhk/newsweb/na/nd-20260902de47849,社会,77580,0,1788394080,1788471660,【動画】Pickup NEWS（9月3日）,https://news.web.nhk/newsweb/na/nd-20260902de47849
https://news.web.nhk/newsweb/na/nd-20260902de47852,暮らし,112680,0,1788358980,1788471660,店頭の貴金属買い取りでトラブル注意 国民生活センター,https://news.web.nhk/newsweb/na/nd-20260902de47852
https://news.web.nhk/newsweb/na/nd-20260902de47852,社会,112680,0,1788358980,1788471660,店頭の貴金属買い取りでトラブル注意 国民生活センター,https://news.web.nhk/newsweb/na/nd-20260902de47852
https://news.web.nhk/newsweb/na/nd-20260902de47856,政治,112680,0,1788358980,1788471660,高市首相“千葉豪雨踏まえ全国で内水氾濫対策”自民の提言受け,https://news.web.nhk/newsweb/na/nd-20260902de47856
https://news.web.nhk/newsweb/na/nd-20260902de47859,スポーツ,112680,0,1788358980,1788471660,「奈良に行け」が目標“バルサ”が全寮制アカデミー運営意向,https://news.web.nhk/newsweb/na/nd-20260902de47859
https://news.web.nhk/newsweb/na/nd-20260902de47863,スポーツ,112680,0,1788358980,1788471660,サッカー女子なでしこジャパン 育児両立の瀬野有希が初選出,https://news.web.nhk/newsweb/na/nd-20260902de47863
https://news.web.nhk/newsweb/na/nd-20260902de47864,社会,112680,0,1788358980,1788471660,公取委「物価高連動のカルテルには厳正対処」,https://news.web.nhk/newsweb/na/nd-20260902de47864
https://news.web.nhk/newsweb/na/nd-20260902de47864,経済,112680,0,1788358980,1788471660,公取委「物価高連動のカルテルには厳正対処」,https://news.web.nhk/newsweb/na/nd-20260902de47864
https://news.web.nhk/newsweb/na/nd-20260902de47865,国際,112680,0,1788358980,1788471660,香港の民主活動家 黄之鋒氏、別の罪も認め収監長引くか,https://news.web.nhk/newsweb/na/nd-20260902de47865
https://news.web.nhk/newsweb/na/nd-20260902de47867,社会,112680,0,1788358980,1788471660,福島大学の放射能研究やゆする動画めぐり 大学側が声明発表,https://news.web.nhk/newsweb/na/nd-20260902de47867
https://news.web.nhk/newsweb/na/nd-20260902de47867,科学・文化,112680,0,1788358980,1788471660,福島大学の放射能研究やゆする動画めぐり 大学側が声明発表,https://news.web.nhk/newsweb/na/nd-20260902de47867
https://news.web.nhk/newsweb/na/nd-20260902de47868,スポーツ,112680,0,1788358980,1788471660,【プロ野球結果】セ・リーグ首位 阪神 4位ヤクルトに敗れる,https://news.web.nhk/newsweb/na/nd-20260902de47868
https://news.web.nhk/newsweb/na/nd-20260902de47872,スポーツ,97440,0,1788374220,1788471660,サッカーJ1 FC町田ゼルビア 首位浮上 新加入の小川航基が2得点,https://news.web.nhk/newsweb/na/nd-20260902de47872
https://news.web.nhk/newsweb/na/nd-20260902de47873,主要,18840,1,1788358980,1788374220,青森 鰺ヶ沢町付近で記録的大雨 災害の危険迫る,https://news.web.nhk/newsweb/na/nd-20260902de47873
https://news.web.nhk/newsweb/na/nd-20260903de47874,国際,97440,0,1788374220,1788471660,習主席「域外大国は主権の尊重を」イラン情勢めぐり米けん制,https://news.web.nhk/newsweb/na/nd-20260903de47874
https://news.web.nhk/newsweb/na/nd-20260903de47876,主要,12120,1,1788385560,1788394080,アメリカ中間選挙まで2か月 共和・民主の選挙戦さらに激しく,https://news.web.nhk/newsweb/na/nd-20260903de47876
https://news.web.nhk/newsweb/na/nd-20260903de47876,国際,86100,0,1788385560,1788471660,アメリカ中間選挙まで2か月 共和・民主の選挙戦さらに激しく,https://news.web.nhk/newsweb/na/nd-20260903de47876
https://news.web.nhk/newsweb/na/nd-20260903de47878,社会,97440,0,1788374220,1788471660,災害関連死の審査指針 日弁連が公表 認定で考慮すべきことなど,https://news.web.nhk/newsweb/na/nd-20260903de47878
https://news.web.nhk/newsweb/na/nd-20260903de47879,主要,12120,1,1788385560,1788394080,高市首相 党役員人事と内閣改造 再来週にも踏み切るとの見方も,https://news.web.nhk/newsweb/na/nd-20260903de47879
https://news.web.nhk/newsweb/na/nd-20260903de47879,政治,86100,0,1788385560,1788471660,高市首相 党役員人事と内閣改造 再来週にも踏み切るとの見方も,https://news.web.nhk/newsweb/na/nd-20260903de47879
https://news.web.nhk/newsweb/na/nd-20260903de47880,経済,97440,0,1788374220,1788471660,三菱重工業 山口 下関の市有地購入へ 造船関係の施設建設 検討,https://news.web.nhk/newsweb/na/nd-20260903de47880
https://news.web.nhk/newsweb/na/nd-20260903de47881,国際,86100,0,1788385560,1788471660,コンゴ民主共和国でエボラ出血熱の死者3000人超える,https://news.web.nhk/newsweb/na/nd-20260903de47881
https://news.web.nhk/newsweb/na/nd-20260903de47881,科学・文化,86100,0,1788385560,1788471660,コンゴ民主共和国でエボラ出血熱の死者3000人超える,https://news.web.nhk/newsweb/na/nd-20260903de47881
https://news.web.nhk/newsweb/na/nd-20260903de47882,主要,14940,1,1788374220,1788385560,青森市 一部地域に緊急安全確保 瀬戸子川で氾濫発生,https://news.web.nhk/newsweb/na/nd-20260903de47882
https://news.web.nhk/newsweb/na/nd-20260903de47883,主要,3600,1,1788374220,1788374220,円相場一時1ドル＝158円台前半に上昇　日銀利上げ観測強まる中,https://news.web.nhk/newsweb/na/nd-20260903de47883
https://news.web.nhk/newsweb/na/nd-20260903de47883,国際,97440,0,1788374220,1788471660,円相場一時1ドル＝158円台前半に上昇　日銀利上げ観測強まる中,https://news.web.nhk/newsweb/na/nd-20260903de47883
https://news.web.nhk/newsweb/na/nd-20260903de47883,経済,97440,0,1788374220,1788471660,円相場一時1ドル＝158円台前半に上昇　日銀利上げ観測強まる中,https://news.web.nhk/newsweb/na/nd-20260903de47883
https://news.web.nhk/newsweb/na/nd-20260903de47884,主要,12120,1,1788385560,1788394080,ネパール土石流 1200人以上死亡 首相は気候変動対策を訴え,https://news.web.nhk/newsweb/na/nd-20260903de47884
https://news.web.nhk/newsweb/na/nd-20260903de47884,国際,86100,0,1788385560,1788471660,ネパール土石流 1200人以上死亡 首相は気候変動対策を訴え,https://news.web.nhk/newsweb/na/nd-20260903de47884
https://news.web.nhk/newsweb/na/nd-20260903de47885,主要,3600,1,1788385560,1788385560,ベネチア国際映画祭開幕 最優秀賞競う部門に日本の2作品,https://news.web.nhk/newsweb/na/nd-20260903de47885
https://news.web.nhk/newsweb/na/nd-20260903de47885,国際,86100,0,1788385560,1788471660,ベネチア国際映画祭開幕 最優秀賞競う部門に日本の2作品,https://news.web.nhk/newsweb/na/nd-20260903de47885
https://news.web.nhk/newsweb/na/nd-20260903de47885,科学・文化,86100,0,1788385560,1788471660,ベネチア国際映画祭開幕 最優秀賞競う部門に日本の2作品,https://news.web.nhk/newsweb/na/nd-20260903de47885
https://news.web.nhk/newsweb/na/nd-20260903de47887,主要,63660,1,1788385560,1788445620,各地に発達した雨雲 鹿児島 宮崎 大分 高知で線状降水帯おそれ,https://news.web.nhk/newsweb/na/nd-20260903de47887
https://news.web.nhk/newsweb/na/nd-20260903de47888,国際,77580,0,1788394080,1788471660,FRB「多くの地区で経済活動拡大」物価大幅上昇の地区も,https://news.web.nhk/newsweb/na/nd-20260903de47888
https://news.web.nhk/newsweb/na/nd-20260903de47888,経済,77580,0,1788394080,1788471660,FRB「多くの地区で経済活動拡大」物価大幅上昇の地区も,https://news.web.nhk/newsweb/na/nd-20260903de47888
https://news.web.nhk/newsweb/na/nd-20260903de47889,主要,12120,1,1788385560,1788394080,【大雨】青森市やむつ市 県道で土砂崩れや住宅浸水の被害,https://news.web.nhk/newsweb/na/nd-20260903de47889
https://news.web.nhk/newsweb/na/nd-20260903de47893,主要,3600,1,1788394080,1788394080,【動画】気象予報士解説 広い範囲で大雨続くおそれ,https://news.web.nhk/newsweb/na/nd-20260903de47893
https://news.web.nhk/newsweb/na/nd-20260903de47895,主要,3600,1,1788394080,1788394080,東北新幹線 運転を再開,https://news.web.nhk/newsweb/na/nd-20260903de47895
https://news.web.nhk/newsweb/na/nd-20260903de47895,社会,77580,0,1788394080,1788471660,東北新幹線 運転を再開,https://news.web.nhk/newsweb/na/nd-20260903de47895
https://news.web.nhk/newsweb/na/nd-20260903de47898,国際,77580,0,1788394080,1788471660,“ロシア上空 安全ではない” ウクライナ外相がICAOに通告,https://news.web.nhk/newsweb/na/nd-20260903de47898
https://news.web.nhk/newsweb/na/nd-20260903de47900,主要,3600,1,1788409200,1788409200,結婚式4人死亡 イラン“戦争犯罪” 米“攻撃準備できている”,https://news.web.nhk/newsweb/na/nd-20260903de47900
https://news.web.nhk/newsweb/na/nd-20260903de47900,国際,62460,0,1788409200,1788471660,結婚式4人死亡 イラン“戦争犯罪” 米“攻撃準備できている”,https://news.web.nhk/newsweb/na/nd-20260903de47900
https://news.web.nhk/newsweb/na/nd-20260903de47901,スポーツ,62460,0,1788409200,1788471660,ロッキーズ 菅野智之 6回3失点勝ち負けつかず,https://news.web.nhk/newsweb/na/nd-20260903de47901
https://news.web.nhk/newsweb/na/nd-20260903de47904,政治,62460,0,1788409200,1788471660,高市首相動静 2026年9月2日,https://news.web.nhk/newsweb/na/nd-20260903de47904
https://news.web.nhk/newsweb/na/nd-20260903de47905,主要,54900,1,1788409200,1788460500,詳報「まんじゅうや」は無効票 東京高裁 神栖市長の訴え退ける,https://news.web.nhk/newsweb/na/nd-20260903de47905
https://news.web.nhk/newsweb/na/nd-20260903de47905,政治,62460,0,1788409200,1788471660,詳報「まんじゅうや」は無効票 東京高裁 神栖市長の訴え退ける,https://news.web.nhk/newsweb/na/nd-20260903de47905
https://news.web.nhk/newsweb/na/nd-20260903de47905,社会,62460,0,1788409200,1788471660,詳報「まんじゅうや」は無効票 東京高裁 神栖市長の訴え退ける,https://news.web.nhk/newsweb/na/nd-20260903de47905
https://news.web.nhk/newsweb/na/nd-20260903de47906,経済,43200,0,1788428460,1788471660,【きょうのおはBiz 9月3日（木）】FRB “ベージュブック”とは,https://news.web.nhk/newsweb/na/nd-20260903de47906
https://news.web.nhk/newsweb/na/nd-20260903de47912,主要,3600,1,1788428460,1788428460,千葉豪雨から3週間 ボランティアが浸水した住宅の後片づけ急ぐ,https://news.web.nhk/newsweb/na/nd-20260903de47912
https://news.web.nhk/newsweb/na/nd-20260903de47914,主要,3600,1,1788409200,1788409200,宮崎 イセエビ漁の漁船が不明と通報 船長ら3人死亡 海上保安部,https://news.web.nhk/newsweb/na/nd-20260903de47914
https://news.web.nhk/newsweb/na/nd-20260903de47914,社会,62460,0,1788409200,1788471660,宮崎 日南 イセエビ漁の漁船が戻らず 船長ら3人死亡,https://news.web.nhk/newsweb/na/nd-20260903de47914
https://news.web.nhk/newsweb/na/nd-20260903de47915,主要,3600,1,1788409200,1788409200,「スター・ウォーズ」監督 ロサンゼルスに美術館創設し内覧会,https://news.web.nhk/newsweb/na/nd-20260903de47915
https://news.web.nhk/newsweb/na/nd-20260903de47915,国際,62460,0,1788409200,1788471660,「スター・ウォーズ」監督 ロサンゼルスに美術館創設し内覧会,https://news.web.nhk/newsweb/na/nd-20260903de47915
https://news.web.nhk/newsweb/na/nd-20260903de47915,科学・文化,62460,0,1788409200,1788471660,「スター・ウォーズ」監督 ロサンゼルスに美術館創設し内覧会,https://news.web.nhk/newsweb/na/nd-20260903de47915
https://news.web.nhk/newsweb/na/nd-20260903de47919,スポーツ,62460,0,1788409200,1788471660,ブルージェイズ岡本 4打数ノーヒットもチームは大勝,https://news.web.nhk/newsweb/na/nd-20260903de47919
https://news.web.nhk/newsweb/na/nd-20260903de47922,主要,3600,1,1788409200,1788409200,被爆の記録映画 フィルムに未知の広範囲シーン確認,https://news.web.nhk/newsweb/na/nd-20260903de47922
https://news.web.nhk/newsweb/na/nd-20260903de47922,社会,62460,0,1788409200,1788471660,被爆の記録映画 フィルムに未知の広範囲シーン確認,https://news.web.nhk/newsweb/na/nd-20260903de47922
https://news.web.nhk/newsweb/na/nd-20260903de47926,社会,62460,0,1788409200,1788471660,佳子さま 「日本伝統工芸展」鑑賞,https://news.web.nhk/newsweb/na/nd-20260903de47926
https://news.web.nhk/newsweb/na/nd-20260903de47927,社会,62460,0,1788409200,1788471660,軽油カルテル初公判 石油販売5社が起訴内容認める,https://news.web.nhk/newsweb/na/nd-20260903de47927
https://news.web.nhk/newsweb/na/nd-20260903de47931,主要,54900,1,1788409200,1788460500,世界文化遺産の国内候補に「彦根城」推薦決定 文化庁の審議会,https://news.web.nhk/newsweb/na/nd-20260903de47931
https://news.web.nhk/newsweb/na/nd-20260903de47931,科学・文化,62460,0,1788409200,1788471660,世界文化遺産の国内候補に「彦根城」推薦決定 文化庁の審議会,https://news.web.nhk/newsweb/na/nd-20260903de47931
https://news.web.nhk/newsweb/na/nd-20260903de47934,スポーツ,62460,0,1788409200,1788471660,ホワイトソックス 村上宗隆 5試合ぶり安打もチームは完封負け,https://news.web.nhk/newsweb/na/nd-20260903de47934
https://news.web.nhk/newsweb/na/nd-20260903de47939,政治,62460,0,1788409200,1788471660,木原官房長官 自民役員人事と内閣改造 具体的な言及避ける,https://news.web.nhk/newsweb/na/nd-20260903de47939
https://news.web.nhk/newsweb/na/nd-20260903de47940,スポーツ,43200,0,1788428460,1788471660,カブス 鈴木誠也 2四球もノーヒット チームも2連敗,https://news.web.nhk/newsweb/na/nd-20260903de47940
https://news.web.nhk/newsweb/na/nd-20260903de47942,経済,62460,0,1788409200,1788471660,株価 小幅な値動き,https://news.web.nhk/newsweb/na/nd-20260903de47942
https://news.web.nhk/newsweb/na/nd-20260903de47943,社会,43200,0,1788428460,1788471660,他人のSNSアカウントに不正アクセスした疑い逮捕,https://news.web.nhk/newsweb/na/nd-20260903de47943
https://news.web.nhk/newsweb/na/nd-20260903de47950,政治,43200,0,1788428460,1788471660,日中友好議連 超党派若手が9月訪中を検討 関係改善糸口探る,https://news.web.nhk/newsweb/na/nd-20260903de47950
https://news.web.nhk/newsweb/na/nd-20260903de47954,スポーツ,43200,0,1788428460,1788471660,サッカー日本代表 中村敬斗がフランス1部リヨンへ移籍,https://news.web.nhk/newsweb/na/nd-20260903de47954
https://news.web.nhk/newsweb/na/nd-20260903de47956,国際,43200,0,1788428460,1788471660,グーグルの広告サービス独占めぐる裁判 事業分割を回避,https://news.web.nhk/newsweb/na/nd-20260903de47956
https://news.web.nhk/newsweb/na/nd-20260903de47956,経済,43200,0,1788428460,1788471660,グーグルの広告サービス独占めぐる裁判 事業分割を回避,https://news.web.nhk/newsweb/na/nd-20260903de47956
https://news.web.nhk/newsweb/na/nd-20260903de47958,政治,43200,0,1788428460,1788471660,共産 志位議長 統一地方選などで党勢拡大を目指す考え示す,https://news.web.nhk/newsweb/na/nd-20260903de47958
https://news.web.nhk/newsweb/na/nd-20260903de47960,スポーツ,43200,0,1788428460,1788471660,全米OPテニス 20歳の坂本怜は2回戦で敗退,https://news.web.nhk/newsweb/na/nd-20260903de47960
https://news.web.nhk/newsweb/na/nd-20260903de47970,政治,43200,0,1788428460,1788471660,木原官房長官 上皇さまの将来の葬儀 宮内庁で必要な検討,https://news.web.nhk/newsweb/na/nd-20260903de47970
https://news.web.nhk/newsweb/na/nd-20260903de47970,社会,43200,0,1788428460,1788471660,木原官房長官 上皇さまの将来の葬儀 宮内庁で必要な検討,https://news.web.nhk/newsweb/na/nd-20260903de47970
https://news.web.nhk/newsweb/na/nd-20260903de47972,主要,3600,1,1788428460,1788428460,プーチン大統領 北方領土の税制優遇措置などで投資活発と主張,https://news.web.nhk/newsweb/na/nd-20260903de47972
https://news.web.nhk/newsweb/na/nd-20260903de47972,国際,43200,0,1788428460,1788471660,プーチン大統領 北方領土の税制優遇措置などで投資活発と主張,https://news.web.nhk/newsweb/na/nd-20260903de47972
https://news.web.nhk/newsweb/na/nd-20260903de47974,主要,20760,1,1788428460,1788445620,ノーベル化学賞 受賞者 白川英樹さん死去 90歳,https://news.web.nhk/newsweb/na/nd-20260903de47974
https://news.web.nhk/newsweb/na/nd-20260903de47974,科学・文化,43200,0,1788428460,1788471660,ノーベル化学賞 受賞者 白川英樹さん死去 90歳,https://news.web.nhk/newsweb/na/nd-20260903de47974
https://news.web.nhk/newsweb/na/nd-20260903de47975,スポーツ,43200,0,1788428460,1788471660,サッカー日本代表 11月にブラジル パラグアイと対戦,https://news.web.nhk/newsweb/na/nd-20260903de47975
https://news.web.nhk/newsweb/na/nd-20260903de47976,社会,43200,0,1788428460,1788471660,マッチングアプリ登録男性にうその投資話　詐欺疑いで5人逮捕,https://news.web.nhk/newsweb/na/nd-20260903de47976
https://news.web.nhk/newsweb/na/nd-20260903de47979,経済,43200,0,1788428460,1788471660,ヤマトHD 自社専用貨物機の運航終了へ 航空機燃料の高騰などで,https://news.web.nhk/newsweb/na/nd-20260903de47979
https://news.web.nhk/newsweb/na/nd-20260903de47980,主要,3600,1,1788428460,1788428460,ロシア極東で「対日戦勝」式典,https://news.web.nhk/newsweb/na/nd-20260903de47980
https://news.web.nhk/newsweb/na/nd-20260903de47980,国際,43200,0,1788428460,1788471660,ロシア極東で「対日戦勝」式典,https://news.web.nhk/newsweb/na/nd-20260903de47980
https://news.web.nhk/newsweb/na/nd-20260903de47982,政治,43200,0,1788428460,1788471660,栃木 那須町長選挙 当選無効めぐる裁判始まる 県側は争う姿勢,https://news.web.nhk/newsweb/na/nd-20260903de47982
https://news.web.nhk/newsweb/na/nd-20260903de47982,社会,43200,0,1788428460,1788471660,栃木 那須町長選挙 当選無効めぐる裁判始まる 県側は争う姿勢,https://news.web.nhk/newsweb/na/nd-20260903de47982
https://news.web.nhk/newsweb/na/nd-20260903de47984,経済,43200,0,1788428460,1788471660,円相場 円高ドル安進む 一時1ドル156円台前半に 1か月ぶり水準,https://news.web.nhk/newsweb/na/nd-20260903de47984
https://news.web.nhk/newsweb/na/nd-20260903de47990,国際,43200,0,1788428460,1788471660,米ベッセント財務長官 日銀利上げで円安改善と伝達 米報道,https://news.web.nhk/newsweb/na/nd-20260903de47990
https://news.web.nhk/newsweb/na/nd-20260903de47990,経済,43200,0,1788428460,1788471660,米ベッセント財務長官 日銀利上げで円安改善と伝達 米報道,https://news.web.nhk/newsweb/na/nd-20260903de47990
https://news.web.nhk/newsweb/na/nd-20260903de47991,スポーツ,43200,0,1788428460,1788471660,ドジャース山本由伸 7回4失点 大谷翔平は今季初の4三振,https://news.web.nhk/newsweb/na/nd-20260903de47991
https://news.web.nhk/newsweb/na/nd-20260903de47994,社会,43200,0,1788428460,1788471660,名古屋市西区主婦殺害事件の民事訴訟 被告側争う方針,https://news.web.nhk/newsweb/na/nd-20260903de47994
https://news.web.nhk/newsweb/na/nd-20260903de47995,社会,0,0,1788471660,1788471660,【動画】Pickup NEWS（9月4日）,https://news.web.nhk/newsweb/na/nd-20260903de47995
https://news.web.nhk/newsweb/na/nd-20260903de47996,国際,26040,0,1788445620,1788471660,ネパール土石流 1200人以上死亡 政府が早期警報システム整備へ,https://news.web.nhk/newsweb/na/nd-20260903de47996
https://news.web.nhk/newsweb/na/nd-20260903de47997,スポーツ,43200,0,1788428460,1788471660,フィギュア島田麻央 シニア国際大会デビューを前に意気込み,https://news.web.nhk/newsweb/na/nd-20260903de47997
https://news.web.nhk/newsweb/na/nd-20260903de47998,社会,43200,0,1788428460,1788471660,イオンモール熊本の爆発 経産省委託の事故調査委員会初会合,https://news.web.nhk/newsweb/na/nd-20260903de47998
https://news.web.nhk/newsweb/na/nd-20260903de47998,経済,43200,0,1788428460,1788471660,イオンモール熊本の爆発 経産省委託の事故調査委員会初会合,https://news.web.nhk/newsweb/na/nd-20260903de47998
https://news.web.nhk/newsweb/na/nd-20260903de48000,社会,43200,0,1788428460,1788471660,貴金属や宝飾品の製造販売会社かたる偽サイトに注意 消費者庁,https://news.web.nhk/newsweb/na/nd-20260903de48000
https://news.web.nhk/newsweb/na/nd-20260903de48004,暮らし,43200,0,1788428460,1788471660,ＪＡ全中会長「買い戻しによる価格への影響は限定的」,https://news.web.nhk/newsweb/na/nd-20260903de48004
https://news.web.nhk/newsweb/na/nd-20260903de48004,経済,43200,0,1788428460,1788471660,ＪＡ全中会長「買い戻しによる価格への影響は限定的」,https://news.web.nhk/newsweb/na/nd-20260903de48004
https://news.web.nhk/newsweb/na/nd-20260903de48008,社会,26040,0,1788445620,1788471660,滋賀 夫がメタノールで視力障害 傷害罪に問われた妻に無罪判決,https://news.web.nhk/newsweb/na/nd-20260903de48008
https://news.web.nhk/newsweb/na/nd-20260903de48011,政治,43200,0,1788428460,1788471660,福井市と永平寺町 大雨被害で普通交付税繰り上げ交付へ,https://news.web.nhk/newsweb/na/nd-20260903de48011
https://news.web.nhk/newsweb/na/nd-20260903de48019,主要,35640,1,1788428460,1788460500,熊本 日本製紙八代工場 地震損傷で解体中の煙突火事 鎮圧,https://news.web.nhk/newsweb/na/nd-20260903de48019
https://news.web.nhk/newsweb/na/nd-20260903de48019,社会,43200,0,1788428460,1788471660,熊本 日本製紙八代工場 地震損傷で解体中の煙突火事 鎮圧,https://news.web.nhk/newsweb/na/nd-20260903de48019
https://news.web.nhk/newsweb/na/nd-20260903de48022,社会,26040,0,1788445620,1788471660,エコ商品の「環境ラベル」6割が表示適切でない可能性,https://news.web.nhk/newsweb/na/nd-20260903de48022
https://news.web.nhk/newsweb/na/nd-20260903de48022,科学・文化,26040,0,1788445620,1788471660,エコ商品の「環境ラベル」6割が表示適切でない可能性,https://news.web.nhk/newsweb/na/nd-20260903de48022
https://news.web.nhk/newsweb/na/nd-20260903de48024,社会,26040,0,1788445620,1788471660,最低賃金 全国平均で時給1177円に 過去2番目の引き上げ額,https://news.web.nhk/newsweb/na/nd-20260903de48024
https://news.web.nhk/newsweb/na/nd-20260903de48025,国際,26040,0,1788445620,1788471660,韓国政府 ソウルの約350の行政機関を移転へ 一極集中を是正,https://news.web.nhk/newsweb/na/nd-20260903de48025
https://news.web.nhk/newsweb/na/nd-20260903de48029,社会,26040,0,1788445620,1788471660,大分 日田市の商業施設 女性殺害事件 懲役22年確定へ,https://news.web.nhk/newsweb/na/nd-20260903de48029
https://news.web.nhk/newsweb/na/nd-20260903de48030,国際,26040,0,1788445620,1788471660,NY公立小中学校などで生成AI利用を原則禁止へ 新年度の1年間,https://news.web.nhk/newsweb/na/nd-20260903de48030
https://news.web.nhk/newsweb/na/nd-20260903de48030,科学・文化,26040,0,1788445620,1788471660,NY公立小中学校などで生成AI利用を原則禁止へ 新年度の1年間,https://news.web.nhk/newsweb/na/nd-20260903de48030
https://news.web.nhk/newsweb/na/nd-20260903de48040,国際,26040,0,1788445620,1788471660,茂木外相「モンゴルの自律性などの強化を支援」大統領と会談,https://news.web.nhk/newsweb/na/nd-20260903de48040
https://news.web.nhk/newsweb/na/nd-20260903de48040,政治,26040,0,1788445620,1788471660,茂木外相「モンゴルの自律性などの強化を支援」大統領と会談,https://news.web.nhk/newsweb/na/nd-20260903de48040
https://news.web.nhk/newsweb/na/nd-20260903de48042,スポーツ,26040,0,1788445620,1788471660,競泳 松下知之が男子400ｍ個人メドレーで日本新記録,https://news.web.nhk/newsweb/na/nd-20260903de48042
https://news.web.nhk/newsweb/na/nd-20260903de48044,政治,26040,0,1788445620,1788471660,「まんじゅうや」は有効票？ NW9広内キャスターが専門家に聞く,https://news.web.nhk/newsweb/na/nd-20260903de48044
https://news.web.nhk/newsweb/na/nd-20260903de48044,社会,26040,0,1788445620,1788471660,「まんじゅうや」は有効票？ NW9広内キャスターが専門家に聞く,https://news.web.nhk/newsweb/na/nd-20260903de48044
https://news.web.nhk/newsweb/na/nd-20260903de48045,主要,0,0,1788471660,1788471660,最低賃金引き上げ 国は中小企業などへの支援進める,https://news.web.nhk/newsweb/na/nd-20260903de48045
https://news.web.nhk/newsweb/na/nd-20260903de48045,社会,0,0,1788471660,1788471660,最低賃金引き上げ 国は中小企業などへの支援進める,https://news.web.nhk/newsweb/na/nd-20260903de48045
https://news.web.nhk/newsweb/na/nd-20260903de48046,主要,18480,1,1788445620,1788460500,京都舞鶴 住宅で見つかったクマ2頭を緊急銃猟で駆除,https://news.web.nhk/newsweb/na/nd-20260903de48046
https://news.web.nhk/newsweb/na/nd-20260903de48046,社会,26040,0,1788445620,1788471660,京都舞鶴 住宅で見つかったクマ2頭を緊急銃猟で駆除,https://news.web.nhk/newsweb/na/nd-20260903de48046
https://news.web.nhk/newsweb/na/nd-20260903de48047,国際,26040,0,1788445620,1788471660,韓国の芸術祭「台湾」表記めぐり中国側が反発,https://news.web.nhk/newsweb/na/nd-20260903de48047
https://news.web.nhk/newsweb/na/nd-20260903de48048,国際,26040,0,1788445620,1788471660,片山財務相「米財務長官に問いただされたことない」日銀めぐり,https://news.web.nhk/newsweb/na/nd-20260903de48048
https://news.web.nhk/newsweb/na/nd-20260903de48048,政治,26040,0,1788445620,1788471660,片山財務相「米財務長官に問いただされたことない」日銀めぐり,https://news.web.nhk/newsweb/na/nd-20260903de48048
https://news.web.nhk/newsweb/na/nd-20260903de48049,国際,26040,0,1788445620,1788471660,茂木外相“ネパールに国際緊急援助隊派遣”犠牲者の身元確認で,https://news.web.nhk/newsweb/na/nd-20260903de48049
https://news.web.nhk/newsweb/na/nd-20260903de48049,政治,26040,0,1788445620,1788471660,茂木外相“ネパールに国際緊急援助隊派遣”犠牲者の身元確認で,https://news.web.nhk/newsweb/na/nd-20260903de48049
https://news.web.nhk/newsweb/na/nd-20260903de48050,主要,3600,1,1788445620,1788445620,青森市 市内の一部に出していた緊急安全確保や避難指示を解除,https://news.web.nhk/newsweb/na/nd-20260903de48050
https://news.web.nhk/newsweb/na/nd-20260903de48051,政治,26040,0,1788445620,1788471660,廃止も検討 クールジャパン機構 赤字要因検証の有識者会議開催,https://news.web.nhk/newsweb/na/nd-20260903de48051
https://news.web.nhk/newsweb/na/nd-20260903de48051,経済,26040,0,1788445620,1788471660,廃止も検討 クールジャパン機構 赤字要因検証の有識者会議開催,https://news.web.nhk/newsweb/na/nd-20260903de48051
https://news.web.nhk/newsweb/na/nd-20260903de48052,政治,0,0,1788471660,1788471660,日モンゴル外相会談 地域の平和と安定へ協力強化で一致,https://news.web.nhk/newsweb/na/nd-20260903de48052
https://news.web.nhk/newsweb/na/nd-20260903de48053,政治,0,0,1788471660,1788471660,政権骨格維持へ 麻生氏、鈴木氏、木原氏は続投の見方,https://news.web.nhk/newsweb/na/nd-20260903de48053
https://news.web.nhk/newsweb/na/nd-20260903de48054,経済,0,0,1788471660,1788471660,大手電力会社と鉄道会社など 業界の垣根越え人材育成で協力,https://news.web.nhk/newsweb/na/nd-20260903de48054
https://news.web.nhk/newsweb/na/nd-20260903de48057,主要,11160,0,1788460500,1788471660,台風と前線で各地に発達した雨雲 線状降水帯のおそれも,https://news.web.nhk/newsweb/na/nd-20260903de48057
https://news.web.nhk/newsweb/na/nd-20260903de48058,国際,11160,0,1788460500,1788471660,円相場 一時 1ドル＝155円台前半に 日銀利上げ観測など背景に,https://news.web.nhk/newsweb/na/nd-20260903de48058
https://news.web.nhk/newsweb/na/nd-20260903de48058,経済,11160,0,1788460500,1788471660,円相場 一時 1ドル＝155円台前半に 日銀利上げ観測など背景に,https://news.web.nhk/newsweb/na/nd-20260903de48058
https://news.web.nhk/newsweb/na/nd-20260903de48059,国際,0,0,1788471660,1788471660,色丹島にインドネシア人 北方領土で受け入れ進む外国人労働者,https://news.web.nhk/newsweb/na/nd-20260903de48059
https://news.web.nhk/newsweb/na/nd-20260903de48059,政治,0,0,1788471660,1788471660,色丹島にインドネシア人 北方領土で受け入れ進む外国人労働者,https://news.web.nhk/newsweb/na/nd-20260903de48059
https://news.web.nhk/newsweb/na/nd-20260904de48061,主要,3600,1,1788460500,1788460500,WMO「エルニーニョ来年2月まで 洪水などリスク高まる」,https://news.web.nhk/newsweb/na/nd-20260904de48061
https://news.web.nhk/newsweb/na/nd-20260904de48061,国際,11160,0,1788460500,1788471660,WMO「エルニーニョ来年2月まで 洪水などリスク高まる」,https://news.web.nhk/newsweb/na/nd-20260904de48061
https://news.web.nhk/newsweb/na/nd-20260904de48062,主要,11160,0,1788460500,1788471660,イグ・ノーベル賞で日本「鼻のかみ方」研究が医学賞を受賞,https://news.web.nhk/newsweb/na/nd-20260904de48062
https://news.web.nhk/newsweb/na/nd-20260904de48062,国際,11160,0,1788460500,1788471660,イグ・ノーベル賞で日本「鼻のかみ方」研究が医学賞を受賞,https://news.web.nhk/newsweb/na/nd-20260904de48062
https://news.web.nhk/newsweb/na/nd-20260904de48062,科学・文化,11160,0,1788460500,1788471660,イグ・ノーベル賞で日本「鼻のかみ方」研究が医学賞を受賞,https://news.web.nhk/newsweb/na/nd-20260904de48062
https://news.web.nhk/newsweb/na/nd-20260904de48063,主要,0,0,1788471660,1788471660,日本製紙八代工場 解体中の煙突火事 きょう現場検証,https://news.web.nhk/newsweb/na/nd-20260904de48063
https://news.web.nhk/newsweb/na/nd-20260904de48063,社会,0,0,1788471660,1788471660,日本製紙八代工場 解体中の煙突火事 きょう現場検証,https://news.web.nhk/newsweb/na/nd-20260904de48063
https://news.web.nhk/newsweb/na/nd-20260904de48064,国際,0,0,1788471660,1788471660,ネパール土石流災害で日本の警察が検視部隊派遣,https://news.web.nhk/newsweb/na/nd-20260904de48064
https://news.web.nhk/newsweb/na/nd-20260904de48064,社会,0,0,1788471660,1788471660,ネパール土石流災害で日本の警察が検視部隊派遣,https://news.web.nhk/newsweb/na/nd-20260904de48064
https://news.web.nhk/newsweb/na/nd-20260904de48065,主要,0,0,1788471660,1788471660,ロンドン初の自動運転タクシー 東京でも年内に試験運行へ,https://news.web.nhk/newsweb/na/nd-20260904de48065
https://news.web.nhk/newsweb/na/nd-20260904de48065,国際,0,0,1788471660,1788471660,ロンドン初の自動運転タクシー 東京でも年内に試験運行へ,https://news.web.nhk/newsweb/na/nd-20260904de48065
https://news.web.nhk/newsweb/na/nd-20260904de48065,経済,0,0,1788471660,1788471660,ロンドン初の自動運転タクシー 東京でも年内に試験運行へ,https://news.web.nhk/newsweb/na/nd-20260904de48065
https://news.web.nhk/newsweb/na/nd-20260904de48066,国際,0,0,1788471660,1788471660,米 製造業の人材強化へ 副大統領は中国念頭に危機感訴え,https://news.web.nhk/newsweb/na/nd-20260904de48066
https://news.web.nhk/newsweb/na/nd-20260904de48068,主要,0,0,1788471660,1788471660,ゼレンスキー大統領「ロシア上空危険」 プーチン大統領が批判,https://news.web.nhk/newsweb/na/nd-20260904de48068
https://news.web.nhk/newsweb/na/nd-20260904de48068,国際,0,0,1788471660,1788471660,ゼレンスキー大統領「ロシア上空危険」 プーチン大統領が批判,https://news.web.nhk/newsweb/na/nd-20260904de48068
https://news.web.nhk/newsweb/na/nd-20260904de48070,主要,0,0,1788471660,1788471660,ネパール土石流　閉じこめの水力発電所に生存者か,https://news.web.nhk/newsweb/na/nd-20260904de48070
https://news.web.nhk/newsweb/na/nd-20260904de48070,国際,0,0,1788471660,1788471660,ネパール土石流　閉じこめの水力発電所に生存者か,https://news.web.nhk/newsweb/na/nd-20260904de48070
